,total_voltage,total_current,soc,temp_max,temp_min,motor_voltage,motor_current,total_P,motor_P,tempMAXMINdiff,SOCgap,mileage
0,3.5189907459747776,-0.39516475050966343,1.6912000916374457,-2.8260713003994398,-2.2546774450812688,1.526636868900598,-0.32333441302787397,-0.3921671845494076,-0.3200012472157545,-0.8272890280324207,-1.6167856582914277,70176.3
1,3.2736453866113813,-0.4156968796170232,1.6912000916374457,-2.8260713003994398,-2.2546774450812688,1.365716834607064,-0.32333441302787397,-0.41360773178239574,-0.3200012472157545,-0.8272890280324207,-1.6167856582914277,
2,2.9757260216701016,-0.39516475050966343,1.6912000916374457,-2.8260713003994398,-2.2546774450812688,1.1243367831667632,-0.32333441302787397,-0.3921671845494076,-0.3200012472157545,-0.8272890280324207,-1.6167856582914277,
3,2.4499859658913867,-0.046118555684548056,1.6912000916374457,-2.8260713003994398,-2.2546774450812688,0.8829567317264624,-0.22298367977468445,-0.030789214178357716,-0.2166353463895233,-0.8272890280324207,-1.6167856582914277,
4,1.9943445842164966,0.2207991227111284,1.6912000916374457,-2.8260713003994398,-2.2546774450812688,0.8024967145796954,-0.32333441302787397,0.24252129955969898,-0.3200012472157545,-0.8272890280324207,-1.6167856582914277,
5,1.9417705786386332,-0.06665068479190779,1.6912000916374457,-2.8260713003994398,-2.2546774450812688,0.8024967145796954,-0.32333441302787397,-0.05385357328859904,-0.3200012472157545,-0.8272890280324207,-1.6167856582914277,
6,1.819097898956925,-0.10771494300662725,1.6912000916374457,-2.8260713003994398,-2.2546774450812688,0.7220366974329284,-0.32333441302787397,-0.09652438995752105,-0.3200012472157545,-0.8272890280324207,-1.6167856582914277,
7,1.6613758822233147,-0.16931133032870643,1.6912000916374457,-2.8260713003994398,-2.2546774450812688,0.5611166631393945,-0.17280831314808967,-0.16026192666466782,-0.16609246105904996,-0.8272890280324207,-1.6167856582914277,
8,1.4510798599118406,-0.10771494300662725,1.6912000916374457,-2.8260713003994398,-2.2546774450812688,0.5611166631393945,-0.2982467297145766,-0.09766923574148365,-0.29434978285630375,-0.8272890280324207,-1.6167856582914277,
9,1.4335551913858795,-0.16931133032870643,1.6912000916374457,-2.8260713003994398,-2.2546774450812688,0.5611166631393945,-0.32333441302787397,-0.16081877342353398,-0.3200012472157545,-0.8272890280324207,-1.6167856582914277,
10,1.3985058543339572,-0.18984345943606615,1.6912000916374457,-2.8260713003994398,-2.2546774450812688,0.48065664599262753,-0.32333441302787397,-0.18192832782782548,-0.3200012472157545,-0.8272890280324207,-1.6167856582914277,
11,1.3459318487560936,-0.18984345943606615,1.6912000916374457,-2.8260713003994398,-2.2546774450812688,0.48065664599262753,-0.32333441302787397,-0.18204514882618902,-0.3200012472157545,-0.8272890280324207,-1.6167856582914277,
12,1.275833174652269,-0.18984345943606615,1.6912000916374457,-2.8260713003994398,-2.2546774450812688,0.48065664599262753,-0.32333441302787397,-0.1822009101573404,-0.3200012472157545,-0.8272890280324207,-1.6167856582914277,
13,1.2232591690743857,-0.18984345943606615,1.6912000916374457,-2.8260713003994398,-2.2546774450812688,0.48065664599262753,-0.32333441302787397,-0.18231773115570393,-0.3200012472157545,-0.8272890280324207,-1.6167856582914277,
14,1.170685163496522,-0.18984345943606615,1.6912000916374457,-2.8260713003994398,-2.2546774450812688,0.4001966288458606,-0.32333441302787397,-0.18243455215406748,-0.3200012472157545,-0.8272890280324207,-1.6167856582914277,
15,1.1181111579186387,-0.18984345943606615,1.6912000916374457,-2.8260713003994398,-2.2546774450812688,0.4001966288458606,-0.32333441302787397,-0.18255137315243103,-0.3200012472157545,-0.8272890280324207,-1.6167856582914277,
16,1.0830618208667362,-0.18984345943606615,1.6912000916374457,-2.8260713003994398,-2.2546774450812688,0.4001966288458606,-0.32333441302787397,-0.1826292538180067,-0.3200012472157545,-0.8272890280324207,-1.6167856582914277,
17,1.0304878152888528,-0.18984345943606615,1.6912000916374457,-2.8260713003994398,-2.2546774450812688,0.4001966288458606,-0.32333441302787397,-0.18274607481637026,-0.3200012472157545,-0.8272890280324207,-1.6167856582914277,
18,0.9954384782369504,-0.18984345943606615,1.6912000916374457,-2.8260713003994398,-2.2546774450812688,0.3197366116990936,-0.32333441302787397,-0.18282395548194594,-0.3200012472157545,-0.8272890280324207,-1.6167856582914277,
19,0.942864472659067,-0.18984345943606615,1.6912000916374457,-2.8260713003994398,-2.2546774450812688,0.3197366116990936,-0.32333441302787397,-0.18294077648030949,-0.3200012472157545,-0.8272890280324207,-1.6167856582914277,
20,0.9078151356071646,-0.18984345943606615,1.6912000916374457,-2.8260713003994398,-2.2546774450812688,0.3197366116990936,-0.32333441302787397,-0.18301865714588517,-0.3200012472157545,-0.8272890280324207,-1.6167856582914277,
21,0.8727657985552424,-0.18984345943606615,1.6395456994882116,-2.8260713003994398,-2.2546774450812688,0.3197366116990936,-0.32333441302787397,-0.18309653781146087,-0.3200012472157545,-0.8272890280324207,-1.668954859667678,
22,0.83771646150334,-0.18984345943606615,1.6395456994882116,-2.673009902332618,-2.2546774450812688,0.3197366116990936,-0.32333441302787397,-0.18317441847703655,-0.3200012472157545,-0.36553402906159194,-1.668954859667678,
23,0.8201917929773789,-0.18984345943606615,1.6395456994882116,-2.673009902332618,-2.2546774450812688,0.23927659455232667,-0.32333441302787397,-0.1832133588098244,-0.3200012472157545,-0.36553402906159194,-1.668954859667678,
24,0.7851424559254566,-0.18984345943606615,1.6395456994882116,-2.673009902332618,-2.2546774450812688,0.23927659455232667,-0.32333441302787397,-0.1832912394754001,-0.3200012472157545,-0.36553402906159194,-1.668954859667678,
25,0.7500931188735542,-0.18984345943606615,1.6395456994882116,-2.673009902332618,-2.2546774450812688,0.23927659455232667,-0.32333441302787397,-0.18336912014097578,-0.3200012472157545,-0.36553402906159194,-1.668954859667678,
26,0.7325684503475931,-0.18984345943606615,1.6395456994882116,-2.673009902332618,-2.2546774450812688,0.23927659455232667,-0.32333441302787397,-0.18340806047376362,-0.3200012472157545,-0.36553402906159194,-1.668954859667678,
27,0.6975191132956707,-0.18984345943606615,1.6395456994882116,-2.673009902332618,-2.2546774450812688,0.23927659455232667,-0.32333441302787397,-0.18348594113933933,-0.3200012472157545,-0.36553402906159194,-1.668954859667678,
28,0.6799944447697096,-0.18984345943606615,1.6395456994882116,-2.673009902332618,-2.2546774450812688,0.23927659455232667,-0.32333441302787397,-0.18352488147212717,-0.3200012472157545,-0.36553402906159194,-1.668954859667678,
29,0.4696984224582356,-0.10771494300662725,1.6395456994882116,-2.673009902332618,-2.2546774450812688,0.1588165774055597,-0.22298367977468445,-0.10072215783205081,-0.2183454440134867,-0.36553402906159194,-1.668954859667678,
30,0.399599748354411,0.07707421895961031,1.6395456994882116,-2.673009902332618,-2.2546774450812688,0.07835656025879274,-0.04736989658160277,0.08627710828174462,-0.040970318239062366,-0.36553402906159194,-1.668954859667678,
31,-0.14366497595026498,0.5287810593215243,1.6395456994882116,-2.673009902332618,-2.2546774450812688,-0.16302349118150813,0.27876998649126317,0.5384872989137247,0.2853733116672834,-0.36553402906159194,-1.668954859667678,
32,-0.3189116612098366,0.5698453175362438,1.6395456994882116,-2.673009902332618,-2.2546774450812688,-0.2434835083282751,0.47947145299764227,0.5780195247599463,0.48564474451810635,-0.36553402906159194,-1.668954859667678,
33,0.03158170930930662,0.09760634806697004,1.6395456994882116,-2.673009902332618,-2.2546774450812688,-0.08256347403474118,-0.022282213268305387,0.10511644128450469,-0.016743935232914425,-0.36553402906159194,-1.668954859667678,
34,-0.37148566678772005,0.5287810593215243,1.6395456994882116,-2.673009902332618,-2.2546774450812688,-0.32394352547504207,0.47947145299764227,0.5362092894456356,0.48412465774125,-0.36553402906159194,-1.668954859667678,
35,-0.6518803632030187,0.7341023503951216,1.6395456994882116,-2.673009902332618,-2.2546774450812688,-0.404403542621809,0.7052606028173187,0.739088423270315,0.7083374573275604,-0.36553402906159194,-1.668954859667678,
36,-0.8271270484625903,0.85729512503928,1.6395456994882116,-2.673009902332618,-2.2546774450812688,-0.484863559768576,0.9310497526369951,0.8601227656414989,0.931695208101889,-0.36553402906159194,-1.668954859667678,
37,-0.5292076835213305,0.40558828467736596,1.6395456994882116,-2.673009902332618,-2.2546774450812688,-0.32394352547504207,0.4292960863710475,0.4110589538987765,0.43386678868143724,-0.36553402906159194,-1.668954859667678,
38,-1.0023737337221619,0.9188915123613591,1.6395456994882116,-2.673009902332618,-2.2546774450812688,-0.565323576915343,0.9561374359502925,0.9192186146803344,0.9543064989076271,-0.36553402906159194,-1.668954859667678,
39,-3.490876664408087,4.614674751686111,1.6395456994882116,-2.673009902332618,-2.1194402843777493,-1.7722238341168473,6.048937148549661,4.472570709970653,5.84556572513712,-0.8272890280324207,-1.668954859667678,
40,0.014057040783345477,-0.2103755885434259,1.6395456994882116,-2.673009902332618,-2.1194402843777493,-0.08256347403474118,-0.32333441302787397,-0.20572087116119955,-0.3200012472157545,-0.8272890280324207,-1.668954859667678,
41,0.03158170930930662,-0.2103755885434259,1.5878913073389775,-2.673009902332618,-2.1194402843777493,-0.08256347403474118,-0.32333441302787397,-0.20568582486169049,-0.3200012472157545,-0.8272890280324207,-1.7211240610439282,
42,-0.4591090094175058,0.5493131884288841,1.5878913073389775,-2.673009902332618,-2.1194402843777493,-0.32394352547504207,0.529646819624237,0.5559442501025162,0.5343825268010628,-0.8272890280324207,-1.7211240610439282,
43,-0.5292076835213305,0.4877168011068049,1.5878913073389775,-2.673009902332618,-2.1194402843777493,-0.32394352547504207,0.5547345029375343,0.4934411219447442,0.5595114613309692,-0.8272890280324207,-1.7211240610439282,
44,-1.1951450875076945,1.4937911273674316,1.5878913073389775,-2.673009902332618,-2.1194402843777493,-0.7262436112088768,2.0850831850486746,1.4890091401652166,2.0695751660024144,-0.8272890280324207,-1.7211240610439282,
45,-0.8446517169885515,0.7341023503951216,1.5878913073389775,-2.673009902332618,-2.1194402843777493,-0.484863559768576,0.9812251192635899,0.7367325331366502,0.9817630663145948,-0.8272890280324207,-1.7211240610439282,
46,-0.7395037058328044,0.631441704858323,1.5878913073389775,-2.673009902332618,-2.1194402843777493,-0.484863559768576,0.8808743860104004,0.6352734960579168,0.8816273498891833,-0.8272890280324207,-1.7211240610439282,
47,-0.9322750596183372,0.8367629959319203,1.5878913073389775,-2.673009902332618,-2.1194402843777493,-0.565323576915343,1.1066635358300767,0.8381915702153837,1.1042250572750838,-0.8272890280324207,-1.7211240610439282,
48,-0.6694050317289798,0.46718467199944513,1.5878913073389775,-2.519948504265796,-2.1194402843777493,-0.404403542621809,0.5798221862508318,0.47153718475158063,0.5829302982369122,-0.36553402906159194,-1.7211240610439282,
49,0.13672972046505358,-0.1487792012213467,1.5878913073389775,-2.519948504265796,-2.1194402843777493,-0.32394352547504207,0.4292960863710475,-0.14324500123637895,0.43386678868143724,-0.36553402906159194,-1.7211240610439282,
50,-0.5642570205732329,0.3645240264626465,1.5878913073389775,-2.519948504265796,-2.1194402843777493,-0.404403542621809,0.45438376968434485,0.36957971141316276,0.457523139146264,-0.36553402906159194,-1.7211240610439282,
51,0.13672972046505358,-0.43622900872438286,1.5878913073389775,-2.519948504265796,-2.1194402843777493,-0.00210345688797422,-0.6243866127874426,-0.433654215101579,-0.6238285917399158,-0.36553402906159194,-1.7211240610439282,
52,-1.4229657783451497,1.5553875146895109,1.5878913073389775,-2.519948504265796,-2.1194402843777493,-0.8067036283556438,2.0098201351087828,1.5455427153066112,1.9904831508941077,-0.36553402906159194,-1.7211240610439282,
53,0.1542543889909948,-0.3746326214023037,1.5878913073389775,-2.519948504265796,-2.1194402843777493,-0.00210345688797422,-0.5742112461608477,-0.3714197752400431,-0.573190700985889,-0.36553402906159194,-1.7211240610439282,
54,0.2418777316207806,-0.39516475050966343,1.5878913073389775,-2.519948504265796,-2.1194402843777493,-0.08256347403474118,-0.34842209634117133,-0.3921671845494076,-0.3452726898809912,-0.36553402906159194,-1.7211240610439282,
55,0.06663104636120899,-0.2309077176507856,1.5878913073389775,-2.519948504265796,-2.1194402843777493,-0.08256347403474118,-0.32333441302787397,-0.22634367140564296,-0.3200012472157545,-0.36553402906159194,-1.7211240610439282,
56,0.10168038341313128,0.09760634806697004,1.5878913073389775,-2.519948504265796,-2.1194402843777493,-0.08256347403474118,-0.32333441302787397,0.10549026847926796,-0.3200012472157545,-0.36553402906159194,-1.7211240610439282,
57,0.2418777316207806,-0.18984345943606615,1.5878913073389775,-2.519948504265796,-2.1194402843777493,-0.00210345688797422,-0.32333441302787397,-0.18449838979182334,-0.3200012472157545,-0.36553402906159194,-1.7211240610439282,
58,0.2769270686727029,-0.18984345943606615,1.5878913073389775,-2.519948504265796,-2.1194402843777493,-0.00210345688797422,-0.32333441302787397,-0.18442050912624763,-0.3200012472157545,-0.36553402906159194,-1.7211240610439282,
59,0.3119764057246252,-0.18984345943606615,1.5878913073389775,-2.519948504265796,-2.1194402843777493,-0.00210345688797422,-0.32333441302787397,-0.18434262846067195,-0.3200012472157545,-0.36553402906159194,-1.7211240610439282,
60,0.3295010742505664,-0.18984345943606615,1.5362369151897435,-2.519948504265796,-2.1194402843777493,-0.00210345688797422,-0.32333441302787397,-0.1843036881278841,-0.3200012472157545,-0.36553402906159194,-1.7732932624201785,
61,0.3645504113024887,-0.18984345943606615,1.5362369151897435,-2.519948504265796,-2.1194402843777493,0.07835656025879274,-0.32333441302787397,-0.1842258074623084,-0.3200012472157545,-0.36553402906159194,-1.7732932624201785,
62,0.38207507982844985,-0.18984345943606615,1.5362369151897435,-2.519948504265796,-1.98420312367423,0.07835656025879274,-0.32333441302787397,-0.18418686712952057,-0.3200012472157545,-0.8272890280324207,-1.7732932624201785,
63,0.38207507982844985,-0.18984345943606615,1.5362369151897435,-2.519948504265796,-1.98420312367423,0.07835656025879274,-0.32333441302787397,-0.18418686712952057,-0.3200012472157545,-0.8272890280324207,-1.7732932624201785,
64,0.399599748354411,-0.18984345943606615,1.5362369151897435,-2.519948504265796,-1.98420312367423,0.07835656025879274,-0.32333441302787397,-0.18414792679673272,-0.3200012472157545,-0.8272890280324207,-1.7732932624201785,
65,0.41712441688035223,-0.18984345943606615,1.5362369151897435,-2.519948504265796,-1.98420312367423,0.07835656025879274,-0.32333441302787397,-0.18410898646394486,-0.3200012472157545,-0.8272890280324207,-1.7732932624201785,
66,0.41712441688035223,-0.18984345943606615,1.5362369151897435,-2.519948504265796,-1.98420312367423,0.07835656025879274,-0.32333441302787397,-0.18410898646394486,-0.3200012472157545,-0.8272890280324207,-1.7732932624201785,
67,0.43464908540631336,-0.18984345943606615,1.5362369151897435,-2.3668871061989742,-1.98420312367423,0.07835656025879274,-0.32333441302787397,-0.18407004613115702,-0.3200012472157545,-0.36553402906159194,-1.7732932624201785,
68,0.43464908540631336,-0.18984345943606615,1.5362369151897435,-2.3668871061989742,-1.98420312367423,0.07835656025879274,-0.32333441302787397,-0.18407004613115702,-0.3200012472157545,-0.36553402906159194,-1.7732932624201785,
69,0.4521737539322745,-0.18984345943606615,1.5362369151897435,-2.3668871061989742,-1.98420312367423,0.07835656025879274,-0.32333441302787397,-0.18403110579836918,-0.3200012472157545,-0.36553402906159194,-1.7732932624201785,
70,0.4521737539322745,-0.18984345943606615,1.5362369151897435,-2.3668871061989742,-1.98420312367423,0.07835656025879274,-0.32333441302787397,-0.18403110579836918,-0.3200012472157545,-0.36553402906159194,-1.7732932624201785,
71,0.4696984224582356,-0.18984345943606615,1.5362369151897435,-2.3668871061989742,-1.98420312367423,0.07835656025879274,-0.32333441302787397,-0.18399216546558134,-0.3200012472157545,-0.36553402906159194,-1.7732932624201785,
72,0.4696984224582356,-0.18984345943606615,1.5362369151897435,-2.3668871061989742,-1.98420312367423,0.07835656025879274,-0.32333441302787397,-0.18399216546558134,-0.3200012472157545,-0.36553402906159194,-1.7732932624201785,
73,0.4696984224582356,-0.18984345943606615,1.5362369151897435,-2.3668871061989742,-1.98420312367423,0.07835656025879274,-0.32333441302787397,-0.18399216546558134,-0.3200012472157545,-0.36553402906159194,-1.7732932624201785,
74,0.4696984224582356,-0.18984345943606615,1.5362369151897435,-2.3668871061989742,-1.98420312367423,0.07835656025879274,-0.32333441302787397,-0.18399216546558134,-0.3200012472157545,-0.36553402906159194,-1.7732932624201785,
75,0.4696984224582356,-0.18984345943606615,1.5362369151897435,-2.3668871061989742,-1.98420312367423,0.07835656025879274,-0.32333441302787397,-0.18399216546558134,-0.3200012472157545,-0.36553402906159194,-1.7732932624201785,
76,0.4521737539322745,-0.1487792012213467,1.5362369151897435,-2.3668871061989742,-1.98420312367423,0.07835656025879274,-0.2982467297145766,-0.1424038900481615,-0.29463479912696433,-0.36553402906159194,-1.7732932624201785,
77,0.43464908540631336,-0.12824707211398698,1.5362369151897435,-2.3668871061989742,-1.98420312367423,0.07835656025879274,-0.2731590464012792,-0.12164090460568186,-0.26926835103817415,-0.36553402906159194,-1.7732932624201785,
78,0.38207507982844985,-0.06665068479190779,1.5362369151897435,-2.3668871061989742,-1.98420312367423,0.07835656025879274,-0.22298367977468445,-0.05939867667758834,-0.21853545486059375,-0.36553402906159194,-1.7732932624201785,
79,0.3645504113024887,-0.046118555684548056,1.5362369151897435,-2.3668871061989742,-1.98420312367423,0.07835656025879274,-0.19789599646138706,-0.03866684350133899,-0.19316900677180354,-0.36553402906159194,-1.7732932624201785,
80,0.014057040783345477,0.4261204137847257,1.5362369151897435,-2.3668871061989742,-1.98420312367423,-0.08256347403474118,0.4292960863710475,0.4364830971759614,0.4381420327413457,-0.36553402906159194,-1.7732932624201785,
81,0.3119764057246252,-0.02558642657718833,1.5362369151897435,-2.3668871061989742,-1.98420312367423,-0.00210345688797422,-0.14772062983479228,-0.01808298358968343,-0.14276862957666048,-0.36553402906159194,-1.7732932624201785,
82,0.10168038341313128,0.15920273538904922,1.5362369151897435,-2.3668871061989742,-1.98420312367423,-0.08256347403474118,0.052980836671586755,0.1676974501078524,0.059070392762795604,-0.36553402906159194,-1.7732932624201785,
83,0.08415571488717014,0.32345976824792705,1.5362369151897435,-2.3668871061989742,-1.8489659629707105,0.07835656025879274,-0.2731590464012792,0.3334469766193201,-0.26926835103817415,-0.8272890280324207,-1.7732932624201785,
84,0.38207507982844985,-0.10771494300662725,1.5362369151897435,-2.3668871061989742,-1.8489659629707105,0.07835656025879274,-0.34842209634117133,-0.10099474016156573,-0.34536769530454475,-0.8272890280324207,-1.7732932624201785,
85,0.41712441688035223,-0.12824707211398698,1.5362369151897435,-2.213825708132153,-1.8489659629707105,0.07835656025879274,-0.32333441302787397,-0.12169152703830607,-0.3200012472157545,-0.36553402906159194,-1.7732932624201785,
86,0.43464908540631336,-0.18984345943606615,1.5362369151897435,-2.213825708132153,-1.8489659629707105,0.07835656025879274,-0.32333441302787397,-0.18407004613115702,-0.3200012472157545,-0.36553402906159194,-1.7732932624201785,
87,0.38207507982844985,0.03600996074489085,1.5362369151897435,-2.213825708132153,-1.8489659629707105,0.07835656025879274,-0.32333441302787397,0.04459148203235517,-0.3200012472157545,-0.36553402906159194,-1.7732932624201785,
88,0.38207507982844985,-0.2719719758655051,1.5362369151897435,-2.213825708132153,-1.8489659629707105,0.07835656025879274,-0.32333441302787397,-0.26737899409747534,-0.3200012472157545,-0.36553402906159194,-1.7732932624201785,
89,0.38207507982844985,0.13867060628168948,1.5362369151897435,-2.213825708132153,-1.8489659629707105,0.07835656025879274,-0.32333441302787397,0.14858164074229868,-0.3200012472157545,-0.36553402906159194,-1.7732932624201785,
90,0.4696984224582356,-0.16931133032870643,1.5362369151897435,-2.213825708132153,-1.8489659629707105,0.07835656025879274,-0.32333441302787397,-0.1631746635571987,-0.3200012472157545,-0.36553402906159194,-1.7732932624201785,
91,0.2418777316207806,0.13867060628168948,1.5362369151897435,-2.213825708132153,-1.8489659629707105,-0.00210345688797422,0.027893153358289374,0.14777168182031142,0.03446398806243357,-0.36553402906159194,-1.7732932624201785,
92,-0.2663376556319731,0.5698453175362438,1.5362369151897435,-2.213825708132153,-1.8489659629707105,-0.08256347403474118,0.052980836671586755,0.5785685834522549,0.059070392762795604,-0.36553402906159194,-1.7732932624201785,
93,0.04910637783526777,0.13867060628168948,1.5362369151897435,-2.213825708132153,-1.8489659629707105,-0.08256347403474118,0.052980836671586755,0.1466579883025791,0.059070392762795604,-0.36553402906159194,-1.7732932624201785,
94,0.43464908540631336,-0.2925041049728648,1.5362369151897435,-2.213825708132153,-1.8489659629707105,-0.00210345688797422,0.052980836671586755,-0.2881186153402823,0.05978293343944701,-0.36553402906159194,-1.7732932624201785,
95,0.41712441688035223,-0.39516475050966343,1.4845825230405094,-2.213825708132153,-1.8489659629707105,0.07835656025879274,-0.524035879534253,-0.3921671845494076,-0.5229328319260762,-0.36553402906159194,-1.8254624637964287,
96,-0.5116830149953694,0.7956987377172008,1.4845825230405094,-2.213825708132153,-1.8489659629707105,-0.32394352547504207,0.7303482861306161,0.8026001060472922,0.735414003040314,-0.36553402906159194,-1.8254624637964287,
97,-0.24881298710601193,0.46718467199944513,1.4845825230405094,-2.213825708132153,-1.8489659629707105,-0.2434835083282751,0.6049098695641292,0.47546237029659555,0.6115269307265221,-0.36553402906159194,-1.8254624637964287,
98,0.4696984224582356,-0.43622900872438286,1.4845825230405094,-2.213825708132153,-1.7137288022671908,0.1588165774055597,-0.5992989294741452,-0.43380218836617285,-0.5995547060219911,-0.8272890280324207,-1.8254624637964287,
99,-0.38901033531366125,0.5493131884288841,1.4845825230405094,-2.213825708132153,-1.7137288022671908,-0.32394352547504207,0.9059620693236977,0.5566607522258127,0.9113165447496587,-0.8272890280324207,-1.8254624637964287,
100,-0.12614030742430385,0.3029276391405673,1.4845825230405094,-2.213825708132153,-1.7137288022671908,-0.16302349118150813,0.45438376968434485,0.31112637786532676,0.4619408913415028,-0.8272890280324207,-1.8254624637964287,
101,-0.8972257225664348,1.5143232564747915,1.4845825230405094,-2.213825708132153,-1.7137288022671908,-0.484863559768576,1.8592940352289984,1.5156131755258724,1.8579505850369455,-0.8272890280324207,-1.8254624637964287,
102,0.34702574277652753,-0.5594217833685412,1.4845825230405094,-2.213825708132153,-1.7137288022671908,0.07835656025879274,-0.4236851462810635,-0.5584891339528567,-0.42146703957091536,-0.8272890280324207,-1.8254624637964287,
103,0.5573217650880214,-0.18984345943606615,1.4845825230405094,-2.060764310065331,-1.7137288022671908,-0.08256347403474118,0.7303482861306161,-0.1837974638016421,0.7413993447241858,-0.36553402906159194,-1.8254624637964287,
104,-2.1414771879093775,3.3211506179224473,1.4845825230405094,-2.060764310065331,-1.7137288022671908,-1.0480836797959447,4.067010166799168,3.2707824773723053,4.002745524469466,-0.36553402906159194,-1.8254624637964287,
105,-0.16118964447622613,-0.046118555684548056,1.4845825230405094,-2.060764310065331,-1.7137288022671908,-0.00210345688797422,-0.3985974629677661,-0.04065280047351915,-0.3959580833467949,-0.36553402906159194,-1.8254624637964287,
106,0.3119764057246252,-0.47729326693910235,1.4845825230405094,-2.060764310065331,-1.7137288022671908,0.07835656025879274,-0.6494742961007399,-0.4752970069849018,-0.6497650723700271,-0.36553402906159194,-1.8254624637964287,
107,-1.1776204189817334,2.4177369371986193,1.4845825230405094,-2.060764310065331,-1.7137288022671908,-0.8067036283556438,3.2391166174603545,2.4096832163348236,3.207835145597153,-0.36553402906159194,-1.8254624637964287,
108,-1.1425710819298311,1.5143232564747915,1.4329281308912754,-2.060764310065331,-1.7137288022671908,-0.64578359406211,2.03490781842208,1.510543144196895,2.0242575789673847,-0.36553402906159194,-1.877631665172679,
109,-0.7570283743587656,0.85729512503928,1.4329281308912754,-2.060764310065331,-1.7137288022671908,-0.484863559768576,1.4077157355896455,0.8610729097615223,1.4073398611225936,-0.36553402906159194,-1.877631665172679,
110,0.83771646150334,-1.6476246260586067,1.4329281308912754,-2.060764310065331,-1.7137288022671908,0.3197366116990936,-1.9289461450789063,-1.6670230575908709,-1.9525744455594651,-0.36553402906159194,-1.877631665172679,
111,-1.4229657783451497,2.232947775232382,1.4329281308912754,-2.060764310065331,-1.7137288022671908,-0.8067036283556438,2.9882397843273805,2.218641943677649,2.9593959630046953,-0.36553402906159194,-1.877631665172679,
112,-0.2663376556319731,0.07707421895961031,1.4329281308912754,-2.060764310065331,-1.7137288022671908,-0.2434835083282751,0.45438376968434485,0.0828737231960868,0.4604683072764232,-0.36553402906159194,-1.877631665172679,
113,1.1356358264445998,-1.770817400702765,1.4329281308912754,-2.060764310065331,-1.5784916415636714,0.48065664599262753,-2.305261394778367,-1.7968540211388289,-2.3427142173820004,-0.8272890280324207,-1.877631665172679,
114,-1.0023737337221619,1.6580481602263095,1.4329281308912754,-2.060764310065331,-1.5784916415636714,-0.565323576915343,1.909469401855593,1.6568731267470644,1.9037907019015194,-0.8272890280324207,-1.877631665172679,
115,-0.35396099826175886,0.4466525428920854,1.4329281308912754,-2.060764310065331,-1.5784916415636714,-0.32394352547504207,0.6049098695641292,0.453846591566062,0.609769330390782,-0.8272890280324207,-1.877631665172679,
116,-1.2477190930855782,2.3972048080912596,1.4329281308912754,-1.9077029119985092,-1.5784916415636714,-0.7262436112088768,3.0635028342672728,2.387113399450987,3.0403405838722954,-0.36553402906159194,-1.877631665172679,
117,0.3295010742505664,-0.47729326693910235,1.4329281308912754,-1.9077029119985092,-1.5784916415636714,0.07835656025879274,-0.6243866127874426,-0.475312583118017,-0.6243986242812369,-0.36553402906159194,-1.877631665172679,
118,0.9253398041331258,-0.9700643655157358,1.4329281308912754,-1.9077029119985092,-1.5784916415636714,0.3197366116990936,-1.2515786956198771,-0.9778920942110764,-1.2638326275082123,-0.36553402906159194,-1.877631665172679,
119,-0.4941583464694082,1.083148545220237,1.4329281308912754,-1.9077029119985092,-1.5784916415636714,-0.16302349118150813,0.27876998649126317,1.0912725810701545,0.2853733116672834,-0.36553402906159194,-1.877631665172679,
120,-0.6343556946770774,1.165277061649676,1.4329281308912754,-1.9077029119985092,-1.5784916415636714,-0.404403542621809,1.2321019523965637,1.171318329148851,1.2350475255082827,-0.36553402906159194,-1.877631665172679,
121,0.41712441688035223,-0.43622900872438286,1.4329281308912754,-1.9077029119985092,-1.5784916415636714,0.07835656025879274,-0.5992989294741452,-0.43377882416650015,-0.5990321761924468,-0.36553402906159194,-1.877631665172679,
122,0.3645504113024887,-0.39516475050966343,1.4329281308912754,-1.9077029119985092,-1.5784916415636714,0.48065664599262753,-2.380524444718259,-0.3921671845494076,-2.4195261023250225,-0.36553402906159194,-1.877631665172679,
123,-1.4404904468710908,2.807847390238454,1.4329281308912754,-1.9077029119985092,-1.5784916415636714,-0.8067036283556438,3.4147304006534362,2.789148971285828,3.381742573411874,-0.36553402906159194,-1.877631665172679,
124,-0.038516964794518035,0.05654208985225058,1.3812737387420413,-1.9077029119985092,-1.5784916415636714,-0.16302349118150813,0.2536823031779658,0.06333346420314563,0.2601493717138235,-0.36553402906159194,-1.9298008665489292,
125,-0.14366497595026498,0.46718467199944513,1.3812737387420413,-1.9077029119985092,-1.5784916415636714,-0.484863559768576,1.9596447684821878,0.47644366668284927,1.958086301462357,-0.36553402906159194,-1.9298008665489292,
126,0.34702574277652753,-0.4978253960464621,1.3812737387420413,-1.9077029119985092,-1.5784916415636714,0.07835656025879274,-0.5742112461608477,-0.49611840292656323,-0.5736657281036566,-0.36553402906159194,-1.9298008665489292,
127,-0.0034676277426156686,0.9188915123613591,1.3812737387420413,-1.9077029119985092,-1.5784916415636714,-0.2434835083282751,1.4578911022162402,0.9334240480813405,1.4675257969437494,-0.36553402906159194,-1.9298008665489292,
128,-0.6694050317289798,1.0420842870055176,1.3812737387420413,-1.9077029119985092,-1.5784916415636714,-0.32394352547504207,0.9812251192635899,1.047340097618906,0.9867033483393779,-0.36553402906159194,-1.9298008665489292,
129,1.3108825117041714,-2.14039572463524,1.3812737387420413,-1.9077029119985092,-1.443254480860152,0.1588165774055597,-0.6996496627273346,-2.177542502539372,-0.701210509224259,-0.8272890280324207,-1.9298008665489292,
130,0.5222724280360992,-0.16931133032870643,1.3812737387420413,-1.7546415139316873,-1.443254480860152,0.1588165774055597,-0.32333441302787397,-0.16304616045899883,-0.3200012472157545,-0.36553402906159194,-1.9298008665489292,
131,-0.14366497595026498,1.021552157898158,1.3812737387420413,-1.7546415139316873,-1.443254480860152,-0.2434835083282751,0.8056113360705082,1.0348363567607286,0.8129384286599873,-0.36553402906159194,-1.9298008665489292,
132,0.7500931188735542,-0.9084679781936567,1.3812737387420413,-1.7546415139316873,-1.443254480860152,0.07835656025879274,-0.3985974629677661,-0.9141623455704871,-0.3961005914821252,-0.36553402906159194,-1.9298008665489292,
133,0.4872230909841968,-0.18984345943606615,1.3812737387420413,-1.7546415139316873,-1.443254480860152,0.07835656025879274,-0.32333441302787397,-0.1839532251327935,-0.3200012472157545,-0.36553402906159194,-1.9298008665489292,
134,0.5222724280360992,-0.18984345943606615,1.3812737387420413,-1.7546415139316873,-1.443254480860152,0.1588165774055597,-0.32333441302787397,-0.1838753444672178,-0.3200012472157545,-0.36553402906159194,-1.9298008665489292,
135,-0.1787143130021873,0.85729512503928,1.3812737387420413,-1.7546415139316873,-1.443254480860152,0.07835656025879274,-0.2731590464012792,0.8689115987517155,-0.26926835103817415,-0.36553402906159194,-1.9298008665489292,
136,-0.35396099826175886,0.9804878996834383,1.3812737387420413,-1.7546415139316873,-1.443254480860152,-0.16302349118150813,0.7052606028173187,0.9903431325173353,0.7141802908761019,-0.36553402906159194,-1.9298008665489292,
137,-0.4766336779434471,1.001020028790798,1.3812737387420413,-1.7546415139316873,-1.443254480860152,-0.32394352547504207,1.1066635358300767,1.009124055020914,1.1123480209889098,-0.36553402906159194,-1.9298008665489292,
138,-0.10861563889836262,0.3439918973552868,1.3812737387420413,-1.7546415139316873,-1.443254480860152,-0.08256347403474118,0.10315620329818152,0.35263677261717075,0.10961327809326896,-0.36553402906159194,-1.9298008665489292,
139,-0.10861563889836262,0.7751666086098411,1.3812737387420413,-1.7546415139316873,-1.443254480860152,-0.16302349118150813,0.855786702697103,0.787105747631008,0.8655239305968614,-0.36553402906159194,-1.9298008665489292,
140,1.5562278710675677,-2.0582672082058013,1.3812737387420413,-1.7546415139316873,-1.443254480860152,0.5611166631393945,-2.104559928271988,-2.097940674254456,-2.1412552167367584,-0.36553402906159194,-1.9298008665489292,
141,-2.351773210220871,4.594142622578751,1.3812737387420413,-1.7546415139316873,-1.443254480860152,-0.8871636455024108,3.6405195504731127,4.514139515221679,3.5978324092843583,-0.36553402906159194,-1.9298008665489292,
142,-0.12614030742430385,0.2618633809258479,1.3296193465928074,-1.7546415139316873,-1.443254480860152,-0.16302349118150813,0.4042084030577501,0.2697561683115188,0.41149301143458294,-0.36553402906159194,-1.9819700679251795,
143,0.06663104636120899,0.09760634806697004,1.3296193465928074,-1.7546415139316873,-1.443254480860152,-0.08256347403474118,0.2536823031779658,0.10530335488188626,0.261241934084689,-0.36553402906159194,-1.9819700679251795,
144,0.5047477595101381,-0.47729326693910235,1.3296193465928074,-1.7546415139316873,-1.443254480860152,0.1588165774055597,-0.6243866127874426,-0.47546834444916836,-0.6249686568225581,-0.36553402906159194,-1.9819700679251795,
145,1.5211785340156654,-2.14039572463524,1.3296193465928074,-1.7546415139316873,-1.443254480860152,0.23927659455232667,-0.37350977965446874,-2.1815144164837323,-0.37092415424044195,-0.36553402906159194,-1.9819700679251795,
146,1.3284071802301325,-1.544963980521808,1.3296193465928074,-1.6015801158648657,-1.3080173201566325,0.48065664599262753,-1.8035077285124193,-1.5686325187358197,-1.8306349844285204,-0.36553402906159194,-1.9819700679251795,
147,0.609895770665885,-0.18984345943606615,1.3296193465928074,-1.6015801158648657,-1.3080173201566325,0.1588165774055597,-0.32333441302787397,-0.18368064280327856,-0.3200012472157545,-0.36553402906159194,-1.9819700679251795,
148,0.609895770665885,-0.18984345943606615,1.3296193465928074,-1.6015801158648657,-1.3080173201566325,0.1588165774055597,-0.32333441302787397,-0.18368064280327856,-0.3200012472157545,-0.36553402906159194,-1.9819700679251795,
149,0.609895770665885,-0.18984345943606615,1.3296193465928074,-1.6015801158648657,-1.3080173201566325,0.1588165774055597,-0.32333441302787397,-0.18368064280327856,-0.3200012472157545,-0.36553402906159194,-1.9819700679251795,
150,0.609895770665885,-0.18984345943606615,1.3296193465928074,-1.6015801158648657,-1.3080173201566325,0.1588165774055597,-0.32333441302787397,-0.18368064280327856,-0.3200012472157545,-0.36553402906159194,-1.9819700679251795,
151,0.609895770665885,-0.18984345943606615,1.3296193465928074,-1.6015801158648657,-1.3080173201566325,0.1588165774055597,-0.32333441302787397,-0.18368064280327856,-0.3200012472157545,-0.36553402906159194,-1.9819700679251795,
152,0.5748464336139826,-0.18984345943606615,1.3296193465928074,-1.6015801158648657,-1.3080173201566325,0.1588165774055597,-0.32333441302787397,-0.18375852346885424,-0.3200012472157545,-0.36553402906159194,-1.9819700679251795,
153,0.609895770665885,-0.18984345943606615,1.3296193465928074,-1.6015801158648657,-1.3080173201566325,0.1588165774055597,-0.32333441302787397,-0.18368064280327856,-0.3200012472157545,-0.36553402906159194,-1.9819700679251795,
154,0.5748464336139826,-0.18984345943606615,1.3296193465928074,-1.6015801158648657,-1.3080173201566325,0.1588165774055597,-0.32333441302787397,-0.18375852346885424,-0.3200012472157545,-0.36553402906159194,-1.9819700679251795,
155,0.6274204391918461,-0.18984345943606615,1.3296193465928074,-1.6015801158648657,-1.3080173201566325,0.1588165774055597,-0.32333441302787397,-0.18364170247049072,-0.3200012472157545,-0.36553402906159194,-1.9819700679251795,
156,0.6274204391918461,-0.18984345943606615,1.3296193465928074,-1.6015801158648657,-1.3080173201566325,0.1588165774055597,-0.32333441302787397,-0.18364170247049072,-0.3200012472157545,-0.36553402906159194,-1.9819700679251795,
157,0.6274204391918461,-0.18984345943606615,1.3296193465928074,-1.6015801158648657,-1.3080173201566325,0.23927659455232667,-0.32333441302787397,-0.18364170247049072,-0.3200012472157545,-0.36553402906159194,-1.9819700679251795,
158,0.6449451077178072,-0.18984345943606615,1.3296193465928074,-1.6015801158648657,-1.3080173201566325,0.23927659455232667,-0.32333441302787397,-0.18360276213770288,-0.3200012472157545,-0.36553402906159194,-1.9819700679251795,
159,0.6449451077178072,-0.18984345943606615,1.3296193465928074,-1.6015801158648657,-1.3080173201566325,0.23927659455232667,-0.32333441302787397,-0.18360276213770288,-0.3200012472157545,-0.36553402906159194,-1.9819700679251795,
160,0.6624697762437683,-0.18984345943606615,1.3296193465928074,-1.6015801158648657,-1.3080173201566325,0.23927659455232667,-0.32333441302787397,-0.183563821804915,-0.3200012472157545,-0.36553402906159194,-1.9819700679251795,
161,0.6624697762437683,-0.18984345943606615,1.3296193465928074,-1.6015801158648657,-1.3080173201566325,0.23927659455232667,-0.32333441302787397,-0.183563821804915,-0.3200012472157545,-0.36553402906159194,-1.9819700679251795,
162,0.13672972046505358,0.9394236414687189,1.3296193465928074,-1.6015801158648657,-1.3080173201566325,-0.08256347403474118,0.9059620693236977,0.956161308396164,0.9182994433808426,-0.36553402906159194,-1.9819700679251795,
163,0.6449451077178072,-0.18984345943606615,1.3296193465928074,-1.6015801158648657,-1.3080173201566325,0.23927659455232667,-0.32333441302787397,-0.18360276213770288,-0.3200012472157545,-0.36553402906159194,-1.9819700679251795,
164,-0.6869297002549409,2.068690742373504,1.3296193465928074,-1.4485187177980439,-1.3080173201566325,-0.484863559768576,2.61192453462792,2.075092300888533,2.608968458227532,0.09622096990923672,-1.9819700679251795,
165,-0.6694050317289798,1.391130481830633,1.3296193465928074,-1.4485187177980439,-1.3080173201566325,-0.08256347403474118,0.3038576698045606,1.396934723288354,0.31178481941516234,0.09622096990923672,-1.9819700679251795,
166,0.4872230909841968,-0.47729326693910235,1.3296193465928074,-1.4485187177980439,-1.1727801594531129,0.1588165774055597,-0.6494742961007399,-0.4754527683160532,-0.650382607623125,-0.36553402906159194,-1.9819700679251795,
167,1.3634565172820547,-0.9290001073010163,1.3296193465928074,-1.4485187177980439,-1.1727801594531129,0.23927659455232667,-0.34842209634117133,-0.9385857222950242,-0.34546270072809826,-0.36553402906159194,-1.9819700679251795,
168,0.6975191132956707,-0.18984345943606615,1.3296193465928074,-1.4485187177980439,-1.1727801594531129,0.23927659455232667,-0.32333441302787397,-0.18348594113933933,-0.3200012472157545,-0.36553402906159194,-1.9819700679251795,
169,0.399599748354411,0.05654208985225058,1.3296193465928074,-1.4485187177980439,-1.1727801594531129,0.07835656025879274,-0.04736989658160277,0.06547518250647717,-0.040970318239062366,-0.36553402906159194,-1.9819700679251795,
170,0.5923711021399238,-0.18984345943606615,1.3296193465928074,-1.4485187177980439,-1.1727801594531129,0.1588165774055597,-0.32333441302787397,-0.1837195831360664,-0.3200012472157545,-0.36553402906159194,-1.9819700679251795,
171,-0.0034676277426156686,1.083148545220237,1.3296193465928074,-1.4485187177980439,-1.1727801594531129,-0.16302349118150813,1.4077157355896455,1.099122952160184,1.4204506095729796,-0.36553402906159194,-1.9819700679251795,
172,-0.1787143130021873,1.021552157898158,1.3296193465928074,-1.4485187177980439,-1.1727801594531129,-0.2434835083282751,1.0314004858901846,1.0342989801682563,1.0395263638351357,-0.36553402906159194,-1.9819700679251795,
173,0.5397970965620603,-0.43622900872438286,1.2779649544435734,-1.4485187177980439,-1.1727801594531129,0.1588165774055597,-0.6494742961007399,-0.4338333406324031,-0.650382607623125,-0.36553402906159194,-2.0341392693014297,
174,-0.16118964447622613,1.1858091907570356,1.2779649544435734,-1.4485187177980439,-1.1727801594531129,-0.2434835083282751,1.6585925687226193,1.1999862021472636,1.6689372948772148,-0.36553402906159194,-2.0341392693014297,
175,1.5737525395935288,-2.078799337313161,1.2779649544435734,-1.4485187177980439,-1.1727801594531129,0.23927659455232667,-0.34842209634117133,-2.1193189169549838,-0.34546270072809826,-0.36553402906159194,-2.0341392693014297,
176,0.7150437818216319,-0.18984345943606615,1.2779649544435734,-1.4485187177980439,-1.1727801594531129,0.23927659455232667,-0.32333441302787397,-0.1834470008065515,-0.3200012472157545,-0.36553402906159194,-2.0341392693014297,
177,0.6799944447697096,-0.18984345943606615,1.2779649544435734,-1.4485187177980439,-1.1727801594531129,0.23927659455232667,-0.32333441302787397,-0.18352488147212717,-0.3200012472157545,-0.36553402906159194,-2.0341392693014297,
178,0.6799944447697096,-0.18984345943606615,1.2779649544435734,-1.4485187177980439,-1.1727801594531129,0.23927659455232667,-0.32333441302787397,-0.18352488147212717,-0.3200012472157545,-0.36553402906159194,-2.0341392693014297,
179,0.6799944447697096,-0.18984345943606615,1.2779649544435734,-1.4485187177980439,-1.1727801594531129,0.23927659455232667,-0.32333441302787397,-0.18352488147212717,-0.3200012472157545,-0.36553402906159194,-2.0341392693014297,
180,0.6799944447697096,-0.18984345943606615,1.2779649544435734,-1.4485187177980439,-1.1727801594531129,0.23927659455232667,-0.32333441302787397,-0.18352488147212717,-0.3200012472157545,-0.36553402906159194,-2.0341392693014297,
181,0.6975191132956707,-0.18984345943606615,1.2779649544435734,-1.2954573197312222,-1.1727801594531129,0.23927659455232667,-0.32333441302787397,-0.18348594113933933,-0.3200012472157545,0.09622096990923672,-2.0341392693014297,
182,0.6975191132956707,-0.18984345943606615,1.2779649544435734,-1.2954573197312222,-1.1727801594531129,0.23927659455232667,-0.32333441302787397,-0.18348594113933933,-0.3200012472157545,0.09622096990923672,-2.0341392693014297,
183,0.20682839456887822,0.7751666086098411,1.2779649544435734,-1.2954573197312222,-1.0375429987495934,-0.00210345688797422,0.9059620693236977,0.7911010257750412,0.9206270762579039,-0.36553402906159194,-2.0341392693014297,
184,-0.10861563889836262,0.5903774466436035,1.2779649544435734,-1.2954573197312222,-1.0375429987495934,0.5611166631393945,-2.706664327791125,0.6009047583393635,-2.7568903613635767,-0.36553402906159194,-2.0341392693014297,
185,0.2418777316207806,-0.39516475050966343,1.2779649544435734,-1.2954573197312222,-1.0375429987495934,-0.08256347403474118,0.5798221862508318,-0.3921671845494076,0.5897706887327657,-0.36553402906159194,-2.0341392693014297,
186,-0.0034676277426156686,0.5903774466436035,1.2779649544435734,-1.2954573197312222,-1.0375429987495934,-0.08256347403474118,0.6299975528774265,0.6020262399236535,0.6403135740632391,-0.36553402906159194,-2.0341392693014297,
187,1.5737525395935288,-2.3251848866014777,1.2779649544435734,-1.2954573197312222,-1.0375429987495934,0.6415766802861614,-2.5310505445980436,-2.3720728290143365,-2.5815103494837763,-0.36553402906159194,-2.0341392693014297,
188,0.6975191132956707,-0.18984345943606615,1.2779649544435734,-1.2954573197312222,-1.0375429987495934,0.1588165774055597,-0.12263294652149491,-0.18348594113933933,-0.11668964081121887,-0.36553402906159194,-2.0341392693014297,
189,-0.3189116612098366,1.1858091907570356,1.2779649544435734,-1.2954573197312222,-1.0375429987495934,-0.2434835083282751,1.181926585769969,1.197287637085066,1.1905849872852348,-0.36553402906159194,-2.0341392693014297,
190,0.5748464336139826,-0.2309077176507856,1.2779649544435734,-1.2954573197312222,-1.0375429987495934,-0.16302349118150813,1.633504885409322,-0.2254402556849649,1.647466069154119,-0.36553402906159194,-2.0341392693014297,
191,0.942864472659067,-0.47729326693910235,1.2779649544435734,-1.2954573197312222,-1.0375429987495934,0.23927659455232667,-0.32333441302787397,-0.47585774777704687,-0.3200012472157545,-0.36553402906159194,-2.0341392693014297,
192,0.609895770665885,-0.1487792012213467,1.2779649544435734,-1.2954573197312222,-1.0375429987495934,0.1588165774055597,-0.32333441302787397,-0.14198333445405278,-0.3200012472157545,-0.36553402906159194,-2.0341392693014297,
193,0.5923711021399238,-0.16931133032870643,1.2779649544435734,-1.2954573197312222,-1.0375429987495934,0.1588165774055597,-0.32333441302787397,-0.16287482299473233,-0.3200012472157545,-0.36553402906159194,-2.0341392693014297,
194,0.5923711021399238,0.05654208985225058,1.2779649544435734,-1.2954573197312222,-1.0375429987495934,0.23927659455232667,-0.32333441302787397,0.06641753855994294,-0.3200012472157545,-0.36553402906159194,-2.0341392693014297,
195,0.6449451077178072,-0.18984345943606615,1.2779649544435734,-1.1423959216644004,-1.0375429987495934,0.23927659455232667,-0.32333441302787397,-0.18360276213770288,-0.3200012472157545,0.09622096990923672,-2.0341392693014297,
196,0.6799944447697096,-0.18984345943606615,1.2779649544435734,-1.1423959216644004,-1.0375429987495934,0.23927659455232667,-0.32333441302787397,-0.18352488147212717,-0.3200012472157545,0.09622096990923672,-2.0341392693014297,
197,0.6975191132956707,-0.18984345943606615,1.2779649544435734,-1.1423959216644004,-1.0375429987495934,0.23927659455232667,-0.32333441302787397,-0.18348594113933933,-0.3200012472157545,0.09622096990923672,-2.0341392693014297,
198,0.7150437818216319,-0.18984345943606615,1.2779649544435734,-1.1423959216644004,-1.0375429987495934,0.23927659455232667,-0.32333441302787397,-0.1834470008065515,-0.3200012472157545,0.09622096990923672,-2.0341392693014297,
199,0.7150437818216319,-0.18984345943606615,1.2779649544435734,-1.1423959216644004,-0.902305838046074,0.23927659455232667,-0.32333441302787397,-0.1834470008065515,-0.3200012472157545,-0.36553402906159194,-2.0341392693014297,
200,-0.8271270484625903,2.1097550005882235,1.2779649544435734,-1.1423959216644004,-0.902305838046074,-0.404403542621809,2.3861353848082434,2.1124127158324053,2.388793389142246,-0.36553402906159194,-2.0341392693014297,
201,-0.0034676277426156686,-0.08718281389926752,1.2263105622943393,-1.1423959216644004,-0.902305838046074,0.1588165774055597,-0.4487728295943609,-0.08148173940157598,-0.4470710012185894,-0.36553402906159194,-2.08630847067768,
202,1.696425219275237,-2.304652757494118,1.2263105622943393,-1.1423959216644004,-0.902305838046074,0.4001966288458606,-1.12614027905339,-2.3535450186738798,-1.1378079331644662,-0.36553402906159194,-2.08630847067768,
203,0.7500931188735542,-0.2103755885434259,1.2263105622943393,-1.1423959216644004,-0.902305838046074,0.23927659455232667,-0.32333441302787397,-0.20424892658181895,-0.3200012472157545,-0.36553402906159194,-2.08630847067768,
204,0.17177905751695594,0.6725059630730424,1.2263105622943393,-1.1423959216644004,-0.902305838046074,-0.00210345688797422,0.32894535311785794,0.6869005892680433,0.33829133258659483,-0.36553402906159194,-2.08630847067768,
205,0.1893037260429171,0.7135702212877618,1.2263105622943393,-1.1423959216644004,-0.902305838046074,0.07835656025879274,0.0028054700449919937,0.7286134737503842,0.009762577938518029,-0.36553402906159194,-2.08630847067768,
206,0.7150437818216319,-0.18984345943606615,1.2263105622943393,-1.1423959216644004,-0.902305838046074,0.23927659455232667,-0.32333441302787397,-0.1834470008065515,-0.3200012472157545,-0.36553402906159194,-2.08630847067768,
207,0.8727657985552424,-0.33356836318758426,1.2263105622943393,-1.1423959216644004,-0.902305838046074,0.23927659455232667,-0.32333441302787397,-0.32944599052802354,-0.3200012472157545,-0.36553402906159194,-2.08630847067768,
208,0.6799944447697096,-0.18984345943606615,1.2263105622943393,-1.1423959216644004,-0.902305838046074,0.23927659455232667,-0.32333441302787397,-0.18352488147212717,-0.3200012472157545,-0.36553402906159194,-2.08630847067768,
209,0.7150437818216319,-0.18984345943606615,1.2263105622943393,-1.1423959216644004,-0.902305838046074,0.23927659455232667,-0.32333441302787397,-0.1834470008065515,-0.3200012472157545,-0.36553402906159194,-2.08630847067768,
210,0.5923711021399238,0.015477831637531124,1.2263105622943393,-1.1423959216644004,-0.902305838046074,0.23927659455232667,-0.32333441302787397,0.024728018277274763,-0.3200012472157545,-0.36553402906159194,-2.08630847067768,
211,0.22435306309483938,0.7341023503951216,1.2263105622943393,-1.1423959216644004,-0.902305838046074,-0.00210345688797422,0.8306990193838056,0.7497970147869728,0.8446702401268635,-0.36553402906159194,-2.08630847067768,
212,0.7500931188735542,-0.18984345943606615,1.2263105622943393,-0.9893345235975787,-0.902305838046074,0.23927659455232667,-0.32333441302787397,-0.18336912014097578,-0.3200012472157545,0.09622096990923672,-2.08630847067768,
213,0.6624697762437683,0.07707421895961031,1.2263105622943393,-0.9893345235975787,-0.902305838046074,0.23927659455232667,-0.32333441302787397,0.08762054976292531,-0.3200012472157545,0.09622096990923672,-2.08630847067768,
214,0.6449451077178072,-0.06665068479190779,1.2263105622943393,-0.9893345235975787,-0.902305838046074,0.23927659455232667,-0.32333441302787397,-0.05846410869068003,-0.3200012472157545,0.09622096990923672,-2.08630847067768,
215,0.6975191132956707,-0.18984345943606615,1.2263105622943393,-0.9893345235975787,-0.902305838046074,0.23927659455232667,-0.32333441302787397,-0.18348594113933933,-0.3200012472157545,0.09622096990923672,-2.08630847067768,
216,0.7325684503475931,-0.18984345943606615,1.2263105622943393,-0.9893345235975787,-0.902305838046074,0.23927659455232667,-0.32333441302787397,-0.18340806047376362,-0.3200012472157545,0.09622096990923672,-2.08630847067768,
217,0.7500931188735542,-0.18984345943606615,1.2263105622943393,-0.9893345235975787,-0.902305838046074,0.23927659455232667,-0.32333441302787397,-0.18336912014097578,-0.3200012472157545,0.09622096990923672,-2.08630847067768,
218,0.7500931188735542,-0.18984345943606615,1.2263105622943393,-0.9893345235975787,-0.902305838046074,0.23927659455232667,-0.32333441302787397,-0.18336912014097578,-0.3200012472157545,0.09622096990923672,-2.08630847067768,
219,0.7500931188735542,-0.18984345943606615,1.2263105622943393,-0.9893345235975787,-0.7670686773425545,0.23927659455232667,-0.32333441302787397,-0.18336912014097578,-0.3200012472157545,-0.36553402906159194,-2.08630847067768,
220,0.7676177873994954,-0.18984345943606615,1.2263105622943393,-0.9893345235975787,-0.7670686773425545,0.23927659455232667,-0.32333441302787397,-0.18333017980818794,-0.3200012472157545,-0.36553402906159194,-2.08630847067768,
221,0.7676177873994954,-0.18984345943606615,1.2263105622943393,-0.9893345235975787,-0.7670686773425545,0.23927659455232667,-0.32333441302787397,-0.18333017980818794,-0.3200012472157545,-0.36553402906159194,-2.08630847067768,
222,0.43464908540631336,0.4261204137847257,1.2263105622943393,-0.9893345235975787,-0.7670686773425545,-0.00210345688797422,0.8306990193838056,0.44022136912359466,0.8446702401268635,-0.36553402906159194,-2.08630847067768,
223,0.20682839456887822,0.85729512503928,1.2263105622943393,-0.9893345235975787,-0.7670686773425545,-0.32394352547504207,2.8126260011342987,0.8741373914118447,2.821115569022545,-0.36553402906159194,-2.08630847067768,
224,0.6799944447697096,-0.2925041049728648,1.2263105622943393,-0.9893345235975787,-0.7670686773425545,0.07835656025879274,0.529646819624237,-0.2878460330107674,0.5424579878031122,-0.36553402906159194,-2.08630847067768,
225,0.1542543889909948,0.4466525428920854,1.2263105622943393,-0.9893345235975787,-0.7670686773425545,-0.08256347403474118,0.6801729195040213,0.4584765971345369,0.6908564593937124,-0.36553402906159194,-2.08630847067768,
226,-1.5456384580268379,4.512014106149311,1.2263105622943393,-0.9893345235975787,-0.7670686773425545,-0.9676236626491778,6.299813981682635,4.476188266886645,6.213711741407015,-0.36553402906159194,-2.08630847067768,
227,0.609895770665885,-0.4567611378317426,1.2263105622943393,-0.8362731255307569,-0.7670686773425545,0.23927659455232667,-0.524035879534253,-0.45471314707324634,-0.5236928753145044,0.09622096990923672,-2.08630847067768,
228,1.7840485619050228,-3.0232772762517084,1.1746561701451053,-0.8362731255307569,-0.7670686773425545,0.5611166631393945,-1.8787707784523116,-3.094190148298716,-1.9103920375017016,0.09622096990923672,-2.1384776720539302,
229,0.8201917929773789,-0.18984345943606615,1.1746561701451053,-0.8362731255307569,-0.7670686773425545,0.3197366116990936,-0.32333441302787397,-0.1832133588098244,-0.3200012472157545,0.09622096990923672,-2.1384776720539302,
230,0.7500931188735542,-0.18984345943606615,1.1746561701451053,-0.8362731255307569,-0.7670686773425545,0.23927659455232667,-0.32333441302787397,-0.18336912014097578,-0.3200012472157545,0.09622096990923672,-2.1384776720539302,
231,-0.6518803632030187,3.218489972385649,1.1746561701451053,-0.8362731255307569,-0.7670686773425545,-0.7262436112088768,5.120692865957658,3.2278507604737046,5.081437103496148,0.09622096990923672,-2.1384776720539302,
232,0.8552411300292813,-1.319110560340851,1.1746561701451053,-0.8362731255307569,-0.7670686773425545,0.6415766802861614,-2.9324534776108013,-1.3328098633726224,-2.9926938226234165,0.09622096990923672,-2.1384776720539302,
233,0.7676177873994954,-0.18984345943606615,1.1746561701451053,-0.8362731255307569,-0.7670686773425545,0.3197366116990936,-0.32333441302787397,-0.18333017980818794,-0.3200012472157545,0.09622096990923672,-2.1384776720539302,
234,0.43464908540631336,0.5082489302141646,1.1746561701451053,-0.8362731255307569,-0.7670686773425545,0.07835656025879274,0.6299975528774265,0.5234602244908948,0.6439237801582729,0.09622096990923672,-2.1384776720539302,
235,-0.4065350038396224,1.9660300968367055,1.1746561701451053,-0.8362731255307569,-0.7670686773425545,-0.2434835083282751,2.13525855167527,1.9794548435615824,2.1472896024691948,0.09622096990923672,-2.1384776720539302,
236,0.5573217650880214,-0.4156968796170232,1.1746561701451053,-0.8362731255307569,-0.7670686773425545,0.5611166631393945,-2.8070150610443148,-0.41300415662418416,-2.8594962188013797,0.09622096990923672,-2.1384776720539302,
237,1.0304878152888528,-0.7442109453347788,1.1746561701451053,-0.8362731255307569,-0.7670686773425545,0.4001966288458606,-0.9003511292337137,-0.748183071095571,-0.907799802741391,0.09622096990923672,-2.1384776720539302,
238,0.83771646150334,-0.3746326214023037,1.1746561701451053,-0.8362731255307569,-0.631831516639035,0.3197366116990936,-0.32333441302787397,-0.37126790794217046,-0.3200012472157545,-0.36553402906159194,-2.1384776720539302,
239,0.8727657985552424,-0.3746326214023037,1.1746561701451053,-0.8362731255307569,-0.631831516639035,0.3197366116990936,-0.32333441302787397,-0.3712601198756129,-0.3200012472157545,-0.36553402906159194,-2.1384776720539302,
240,0.8026671244514177,-0.10771494300662725,1.1746561701451053,-0.8362731255307569,-0.631831516639035,0.23927659455232667,0.27876998649126317,-0.09968634497989412,0.2910736370804947,-0.36553402906159194,-2.1384776720539302,
241,0.8026671244514177,-0.39516475050966343,1.1746561701451053,-0.8362731255307569,-0.631831516639035,0.3197366116990936,-0.32333441302787397,-0.3921671845494076,-0.3200012472157545,-0.36553402906159194,-2.1384776720539302,
242,0.83771646150334,-0.39516475050966343,1.1746561701451053,-0.8362731255307569,-0.631831516639035,0.5611166631393945,-1.7031569952592298,-0.3921671845494076,-1.7308317869855463,-0.36553402906159194,-2.1384776720539302,
243,0.8552411300292813,-0.3746326214023037,1.1746561701451053,-0.8362731255307569,-0.631831516639035,0.1588165774055597,0.45438376968434485,-0.37126401390889174,0.4678312276018211,-0.36553402906159194,-2.1384776720539302,
244,0.08415571488717014,0.2618633809258479,1.1746561701451053,-0.6832117274639352,-0.631831516639035,-0.565323576915343,4.8698160328246844,0.271251477090572,4.852189016461501,0.09622096990923672,-2.1384776720539302,
245,0.9078151356071646,-0.39516475050966343,1.1746561701451053,-0.6832117274639352,-0.631831516639035,0.3197366116990936,-0.32333441302787397,-0.3921671845494076,-0.3200012472157545,0.09622096990923672,-2.1384776720539302,
246,0.7150437818216319,0.13867060628168948,1.1746561701451053,-0.6832117274639352,-0.631831516639035,0.07835656025879274,1.2822773190231584,0.15050529318201827,1.303451430466818,0.09622096990923672,-2.1384776720539302,
247,0.17177905751695594,0.5287810593215243,1.1746561701451053,-0.6832117274639352,-0.631831516639035,-0.00210345688797422,0.6299975528774265,0.5416414658695403,0.642118677110756,0.09622096990923672,-2.1384776720539302,
248,0.8026671244514177,-0.6210181706906205,1.1746561701451053,-0.6832117274639352,-0.631831516639035,0.5611166631393945,-2.1547352948985825,-0.6219735584968824,-2.19255814545566,0.09622096990923672,-2.1384776720539302,
249,0.6449451077178072,-0.6415502997979802,1.1746561701451053,-0.6832117274639352,-0.631831516639035,0.48065664599262753,-2.0794722449586907,-0.6424444914434533,-2.1122785625529343,0.09622096990923672,-2.1384776720539302,
250,0.10168038341313128,-0.33356836318758426,1.1746561701451053,-0.6832117274639352,-0.631831516639035,0.5611166631393945,-2.6815766444778277,-0.3299600029208231,-2.731238897004126,0.09622096990923672,-2.1384776720539302,
251,0.609895770665885,-0.39516475050966343,1.1746561701451053,-0.6832117274639352,-0.631831516639035,0.1588165774055597,0.15333156992477628,-0.3921671845494076,0.16286381799501767,0.09622096990923672,-2.1384776720539302,
252,1.1356358264445998,-2.1814599828499595,1.1746561701451053,-0.6832117274639352,-0.631831516639035,0.8024967145796954,-3.6098209270698307,-2.2161635245983575,-3.699011644032071,0.09622096990923672,-2.1384776720539302,
253,0.942864472659067,-0.33356836318758426,1.1746561701451053,-0.6832117274639352,-0.631831516639035,0.5611166631393945,-1.778420045199122,-0.32939926212867815,-1.8077861800638986,0.09622096990923672,-2.1384776720539302,
254,0.03158170930930662,0.7546344795024813,1.1746561701451053,-0.6832117274639352,-0.631831516639035,-0.08256347403474118,1.131751219143374,0.768161275729721,1.1457424273679726,0.09622096990923672,-2.1384776720539302,
255,0.6975191132956707,-0.2925041049728648,1.1746561701451053,-0.6832117274639352,-0.631831516639035,0.23927659455232667,-0.5992989294741452,-0.28782656284437347,-0.6000772358515355,0.09622096990923672,-2.1384776720539302,
256,1.6613758822233147,-1.996670820883722,1.1746561701451053,-0.6832117274639352,-0.631831516639035,0.7220366974329284,-2.1296476115852854,-2.036586285913926,-2.1737470715920626,0.09622096990923672,-2.1384776720539302,
257,0.9779138097109893,-0.3746326214023037,1.1746561701451053,-0.6832117274639352,-0.631831516639035,0.4001966288458606,-0.32333441302787397,-0.3712367556759402,-0.3200012472157545,0.09622096990923672,-2.1384776720539302,
258,0.9603891411850282,-0.3746326214023037,1.1746561701451053,-0.6832117274639352,-0.631831516639035,0.4001966288458606,-0.32333441302787397,-0.371240649709219,-0.3200012472157545,0.09622096990923672,-2.1384776720539302,
259,0.9603891411850282,-0.3746326214023037,1.1746561701451053,-0.6832117274639352,-0.631831516639035,0.4001966288458606,-0.32333441302787397,-0.371240649709219,-0.3200012472157545,0.09622096990923672,-2.1384776720539302,
260,0.8902904670812035,-0.39516475050966343,1.1746561701451053,-0.6832117274639352,-0.631831516639035,0.3197366116990936,0.027893153358289374,-0.3921671845494076,0.03712413992193218,0.09622096990923672,-2.1384776720539302,
261,-0.4941583464694082,1.5964517729042302,1.1746561701451053,-0.6832117274639352,-0.631831516639035,-0.16302349118150813,2.13525855167527,1.6063558330213914,2.151944868223317,0.09622096990923672,-2.1384776720539302,
262,0.3645504113024887,0.5493131884288841,1.1746561701451053,-0.6832117274639352,-0.631831516639035,0.07835656025879274,0.7805236527572108,0.5643631500512486,0.7961224686910141,0.09622096990923672,-2.1384776720539302,
263,0.38207507982844985,0.3645240264626465,1.1230017779958712,-0.6832117274639352,-0.631831516639035,0.07835656025879274,0.5045591363109396,0.3773599899041744,0.517091539714322,0.09622096990923672,-2.1906468734301807,
264,0.9253398041331258,-0.6210181706906205,1.1230017779958712,-0.6832117274639352,-0.49659435593551554,0.4001966288458606,-0.5742112461608477,-0.6222733990593489,-0.5755658365747269,-0.36553402906159194,-2.1906468734301807,
265,0.6887567790327002,-0.07691674934558765,1.1230017779958712,-0.6832117274639352,-0.49659435593551554,0.27950660312571013,-0.09754526320819754,-0.06874143602171233,-0.09063440340166565,-0.36553402906159194,-2.1906468734301807,0.0
266,1.275833174652269,-1.0111286237304553,1.1230017779958712,-0.6832117274639352,-0.49659435593551554,0.4001966288458606,-0.34842209634117133,-1.0220660077256092,-0.34555770615165177,-0.36553402906159194,-2.1906468734301807,
267,0.4521737539322745,0.46718467199944513,1.1230017779958712,-0.6832117274639352,-0.49659435593551554,0.1588165774055597,0.3791207197444527,0.4820043462049537,0.3915893752001202,-0.36553402906159194,-2.1906468734301807,
268,0.41712441688035223,0.40558828467736596,1.1230017779958712,-0.6832117274639352,-0.49659435593551554,0.3197366116990936,-0.32333441302787397,0.41925978798389685,-0.3200012472157545,-0.36553402906159194,-2.1906468734301807,
269,0.9078151356071646,-0.39516475050966343,1.1230017779958712,-0.6832117274639352,-0.49659435593551554,0.48065664599262753,-1.4021047954996613,-0.3921671845494076,-1.4209715980657367,-0.36553402906159194,-2.1906468734301807,
270,0.8902904670812035,-0.16931133032870643,1.1230017779958712,-0.5301503293971134,-0.49659435593551554,0.3197366116990936,0.0028054700449919937,-0.16214663877159957,0.011615183697811695,0.09622096990923672,-2.1906468734301807,
271,-0.24881298710601193,1.5964517729042302,1.1230017779958712,-0.5301503293971134,-0.49659435593551554,-0.32394352547504207,3.2391166174603545,1.6116439302139804,3.2483074560309535,0.09622096990923672,-2.1906468734301807,
272,0.7500931188735542,-0.6620824289053399,1.1230017779958712,-0.5301503293971134,-0.49659435593551554,0.3197366116990936,-0.5742112461608477,-0.663604668280369,-0.5750908094569593,0.09622096990923672,-2.1906468734301807,
273,-0.0034676277426156686,0.9188915123613591,1.1230017779958712,-0.5301503293971134,-0.49659435593551554,-0.08256347403474118,1.4829787855295375,0.9334240480813405,1.4995426246812862,0.09622096990923672,-2.1906468734301807,
274,0.1542543889909948,0.5287810593215243,1.1230017779958712,-0.5301503293971134,-0.49659435593551554,-0.16302349118150813,2.03490781842208,0.5414662343719948,2.0510491084094777,0.09622096990923672,-2.1906468734301807,
275,0.6449451077178072,-0.723678816227419,1.0713473858466371,-0.5301503293971134,-0.49659435593551554,0.07835656025879274,0.6299975528774265,-0.7258702604081352,0.6439237801582729,0.09622096990923672,-2.2428160748064307,
276,1.9592952471645944,-3.5365805039357014,1.0713473858466371,-0.5301503293971134,-0.49659435593551554,0.9634167488732293,-3.961048493455994,-3.6278868793225434,-4.073903045374267,0.09622096990923672,-2.2428160748064307,
277,-0.7044543687809021,3.0952971977414903,1.0713473858466371,-0.5301503293971134,-0.49659435593551554,-0.64578359406211,4.919991399451279,3.1024551008302814,4.89223380248931,0.09622096990923672,-2.2428160748064307,
278,0.10168038341313128,0.3439918973552868,1.0713473858466371,-0.5301503293971134,-0.49659435593551554,-0.00210345688797422,0.8306990193838056,0.35431899499360575,0.8446702401268635,0.09622096990923672,-2.2428160748064307,
279,0.41712441688035223,-0.005054297469828603,1.0713473858466371,-0.5301503293971134,-0.49659435593551554,0.1588165774055597,0.5547345029375343,0.003143391812971525,0.5694870308040889,0.09622096990923672,-2.2428160748064307,
280,0.2418777316207806,1.5348553855821512,1.0713473858466371,-0.5301503293971134,-0.49659435593551554,-0.32394352547504207,4.016834800172573,1.5599194861718841,4.027304426458052,0.09622096990923672,-2.2428160748064307,
281,0.9603891411850282,-0.9084679781936567,1.0713473858466371,-0.5301503293971134,-0.49659435593551554,0.8829567317264624,-3.434207143876749,-0.9153305555541225,-3.524344172828922,0.09622096990923672,-2.2428160748064307,
282,0.7500931188735542,-0.33356836318758426,1.0713473858466371,-0.5301503293971134,-0.49659435593551554,0.07835656025879274,0.5045591363109396,-0.32952776522687804,0.517091539714322,0.09622096990923672,-2.2428160748064307,
283,-0.0034676277426156686,1.001020028790798,1.0713473858466371,-0.5301503293971134,-0.49659435593551554,-0.08256347403474118,1.3826280522763479,1.0162735001207621,1.3984568540203395,0.09622096990923672,-2.2428160748064307,
284,0.2769270686727029,0.3029276391405673,1.0713473858466371,-0.5301503293971134,-0.49659435593551554,-0.00210345688797422,0.9310497526369951,0.31417151188933623,0.9459460216349173,0.09622096990923672,-2.2428160748064307,
285,0.41712441688035223,0.24133125181848814,1.0713473858466371,-0.5301503293971134,-0.49659435593551554,0.07835656025879274,0.5547345029375343,0.2528132295155268,0.5678244358919023,0.09622096990923672,-2.2428160748064307,
286,0.7500931188735542,-0.3130362340802245,1.0713473858466371,-0.5301503293971134,-0.49659435593551554,0.1588165774055597,0.4292960863710475,-0.30864795878603485,0.44241727680125414,0.09622096990923672,-2.2428160748064307,
287,0.7851424559254566,-0.7442109453347788,1.0713473858466371,-0.5301503293971134,-0.49659435593551554,-0.16302349118150813,2.9129767343874886,-0.7472562911752203,2.9338870067805747,0.09622096990923672,-2.2428160748064307,
288,0.41712441688035223,0.09760634806697004,1.0713473858466371,-0.5301503293971134,-0.49659435593551554,0.23927659455232667,0.1282438866114789,0.10717249085570288,0.1383049160064324,0.09622096990923672,-2.2428160748064307,
289,0.7500931188735542,-0.7031466871200593,1.0713473858466371,-0.5301503293971134,-0.49659435593551554,-0.08256347403474118,1.9847324517954854,-0.7053642811620553,2.00497147798602,0.09622096990923672,-2.2428160748064307,
290,-0.0034676277426156686,0.7956987377172008,1.0713473858466371,-0.5301503293971134,-0.49659435593551554,-0.08256347403474118,1.4578911022162402,0.8091498700222078,1.4742711820160495,0.09622096990923672,-2.2428160748064307,
291,0.8026671244514177,-0.723678816227419,1.0713473858466371,-0.5301503293971134,-0.49659435593551554,0.3197366116990936,-0.4487728295943609,-0.7264310012002801,-0.447546028336357,0.09622096990923672,-2.2428160748064307,
292,1.0304878152888528,-0.39516475050966343,1.0713473858466371,-0.5301503293971134,-0.49659435593551554,0.1588165774055597,1.257189635709861,-0.3921671845494076,1.2810776532199637,0.09622096990923672,-2.2428160748064307,
293,0.06663104636120899,0.9394236414687189,1.0713473858466371,-0.5301503293971134,-0.49659435593551554,-0.08256347403474118,1.3073650023364558,0.95514885974368,1.3226425260246293,0.09622096990923672,-2.2428160748064307,
294,0.5923711021399238,-0.7647430744421385,1.0713473858466371,-0.5301503293971134,-0.49659435593551554,0.23927659455232667,-0.47386051290765824,-0.7673728670934216,-0.4727699682898169,0.09622096990923672,-2.2428160748064307,
295,0.5573217650880214,-0.4567611378317426,1.0713473858466371,-0.5301503293971134,-0.49659435593551554,0.3197366116990936,-0.524035879534253,-0.4546781007737372,-0.5240728970087184,0.09622096990923672,-2.2428160748064307,
296,1.3108825117041714,-0.9700643655157358,1.0713473858466371,-0.5301503293971134,-0.49659435593551554,0.48065664599262753,-0.7247373460406321,-0.9802908187108076,-0.7296646335785386,0.09622096990923672,-2.2428160748064307,
297,0.5923711021399238,0.4466525428920854,1.0713473858466371,-0.5301503293971134,-0.49659435593551554,0.1588165774055597,0.9310497526369951,0.4624679812452912,0.9506962928125933,0.09622096990923672,-2.2428160748064307,
298,0.4872230909841968,-0.7031466871200593,1.0713473858466371,-0.5301503293971134,-0.49659435593551554,0.7220366974329284,-3.7854347102629124,-0.7044881236743287,-3.873014077270345,0.09622096990923672,-2.2428160748064307,
299,-0.581781689099194,2.3766726789839,1.0713473858466371,-0.5301503293971134,-0.49659435593551554,-0.404403542621809,3.2391166174603545,2.386653903524091,3.2415620709586537,0.09622096990923672,-2.2428160748064307,
300,-0.24881298710601193,1.4321947400453525,1.0713473858466371,-0.5301503293971134,-0.49659435593551554,-0.16302349118150813,1.633504885409322,1.4463811578623609,1.647466069154119,0.09622096990923672,-2.2428160748064307,
301,0.6975191132956707,-0.7031466871200593,1.0713473858466371,-0.5301503293971134,-0.49659435593551554,0.3197366116990936,-0.4487728295943609,-0.7051890496645099,-0.447546028336357,0.09622096990923672,-2.2428160748064307,
302,1.0129631467629117,-0.39516475050966343,1.0713473858466371,-0.5301503293971134,-0.49659435593551554,0.6415766802861614,-2.054384561645393,-0.3921671845494076,-2.0932299751304533,0.09622096990923672,-2.2428160748064307,
303,0.9253398041331258,-0.39516475050966343,1.0713473858466371,-0.5301503293971134,-0.49659435593551554,0.3197366116990936,-0.32333441302787397,-0.3921671845494076,-0.3200012472157545,0.09622096990923672,-2.2428160748064307,
304,0.942864472659067,-0.3746326214023037,1.0713473858466371,-0.5301503293971134,-0.49659435593551554,0.1588165774055597,0.9812251192635899,-0.3712445437424978,1.0015241944137272,0.09622096990923672,-2.2428160748064307,
305,-0.8446517169885515,2.4793333245206988,1.019692993697403,-0.5301503293971134,-0.49659435593551554,-0.32394352547504207,2.7122752678811093,2.481395733196921,2.7205998309029193,0.09622096990923672,-2.294985276182681,
306,1.8366225674828862,-2.530506177675075,1.019692993697403,-0.5301503293971134,-0.49659435593551554,0.8024967145796954,-2.7568396944177196,-2.5887757809787013,-2.8220165792095155,0.09622096990923672,-2.294985276182681,
307,0.014057040783345477,0.85729512503928,1.019692993697403,-0.5301503293971134,-0.49659435593551554,-0.08256347403474118,1.257189635709861,0.8715244950817801,1.272099640694156,0.09622096990923672,-2.294985276182681,
308,-0.07356630184644032,0.9804878996834383,1.019692993697403,-0.5301503293971134,-0.49659435593551554,-0.08256347403474118,1.4578911022162402,0.9945175361921926,1.4742711820160495,0.09622096990923672,-2.294985276182681,
309,0.7500931188735542,-0.7031466871200593,1.019692993697403,-0.5301503293971134,-0.49659435593551554,0.3197366116990936,-0.4236851462810635,-0.7053642811620553,-0.4220370721122365,0.09622096990923672,-2.294985276182681,
310,0.03158170930930662,1.8428373221925471,1.019692993697403,-0.5301503293971134,-0.49659435593551554,-0.16302349118150813,2.762450634507704,1.8663292827796105,2.782543367059815,0.09622096990923672,-2.294985276182681,
311,0.04910637783526777,0.3029276391405673,1.019692993697403,-0.5301503293971134,-0.49659435593551554,-0.00210345688797422,0.855786702697103,0.3124503491801135,0.8699891855038769,0.09622096990923672,-2.294985276182681,
312,0.294451737198664,0.13867060628168948,1.019692993697403,-0.5301503293971134,-0.49659435593551554,0.07835656025879274,0.6801729195040213,0.14807541641605668,0.6946566763358533,0.09622096990923672,-2.294985276182681,
313,0.1542543889909948,0.5493131884288841,0.968038601548169,-0.5301503293971134,-0.49659435593551554,-0.00210345688797422,1.1066635358300767,0.5622136436813595,1.1231786392740113,0.09622096990923672,-2.3471544775589313,
314,0.8552411300292813,-0.723678816227419,0.968038601548169,-0.5301503293971134,-0.49659435593551554,0.8024967145796954,-3.4843825105033437,-0.7266179147976617,-3.570041781558166,0.09622096990923672,-2.3471544775589313,
315,0.9779138097109893,-0.3746326214023037,0.968038601548169,-0.5301503293971134,-0.49659435593551554,0.4001966288458606,-0.32333441302787397,-0.3712367556759402,-0.3200012472157545,0.09622096990923672,-2.3471544775589313,
316,0.8026671244514177,-0.12824707211398698,0.968038601548169,-0.5301503293971134,-0.49659435593551554,0.23927659455232667,0.2536823031779658,-0.12057783352057365,0.265612183568151,0.09622096990923672,-2.3471544775589313,
317,-0.42405967236558356,1.6375160311189498,0.968038601548169,-0.5301503293971134,-0.49659435593551554,-0.32394352547504207,2.5366614846880275,1.6491045303558884,2.5446972891935746,0.09622096990923672,-2.3471544775589313,
318,0.609895770665885,-0.7031466871200593,0.968038601548169,-0.5301503293971134,-0.49659435593551554,0.23927659455232667,-0.47386051290765824,-0.7048969971686011,-0.4727699682898169,0.09622096990923672,-2.3471544775589313,
319,-0.2838623241579342,2.0276264841587848,0.968038601548169,-0.5301503293971134,-0.49659435593551554,-0.2434835083282751,2.9380644177007857,2.0445397157831886,2.9529355942030557,0.09622096990923672,-2.3471544775589313,
320,0.06663104636120899,0.5903774466436035,0.968038601548169,-0.5301503293971134,-0.49659435593551554,-0.08256347403474118,1.1568389024566716,0.6027738943131801,1.1710138700332093,0.09622096990923672,-2.3471544775589313,
321,1.924245910112672,-2.9411487598222696,0.968038601548169,-0.5301503293971134,-0.49659435593551554,0.8829567317264624,-3.2585933606836672,-3.0136148116941044,-3.3434538463830172,0.09622096990923672,-2.3471544775589313,
322,0.25940240014674176,1.6785802893336692,0.968038601548169,-0.5301503293971134,-0.49659435593551554,-0.08256347403474118,2.486486118061433,1.7056809398633501,2.5104003312907532,0.09622096990923672,-2.3471544775589313,
323,-0.09109097037240148,0.3439918973552868,0.968038601548169,-0.5301503293971134,-0.49659435593551554,-0.08256347403474118,0.9059620693236977,0.35277695781520696,0.9182994433808426,0.09622096990923672,-2.3471544775589313,
324,-0.14366497595026498,1.0420842870055176,0.968038601548169,-0.5301503293971134,-0.49659435593551554,-0.16302349118150813,1.3826280522763479,1.0555175675043538,1.3952266696195197,0.09622096990923672,-2.3471544775589313,
325,-0.19623898152814842,1.309001965401194,0.968038601548169,-0.3770889313302917,-0.49659435593551554,-0.2434835083282751,2.0599955017353775,1.3234036928850632,2.0717602907441455,0.5579759688800654,-2.3471544775589313,
326,0.10168038341313128,0.5698453175362438,0.968038601548169,-0.5301503293971134,-0.49659435593551554,-0.00210345688797422,1.1568389024566716,0.5824119942984154,1.173816530028038,0.09622096990923672,-2.3471544775589313,
327,0.04910637783526777,0.6930380921804021,0.968038601548169,-0.5301503293971134,-0.49659435593551554,-0.08256347403474118,1.4328034189029428,0.7062072062642576,1.4489997393508127,0.09622096990923672,-2.3471544775589313,
328,0.2769270686727029,0.17973486449640894,0.968038601548169,-0.5301503293971134,-0.49659435593551554,-0.00210345688797422,0.8306990193838056,0.18952350663544024,0.8446702401268635,0.09622096990923672,-2.3471544775589313,
329,0.34702574277652753,0.2207991227111284,0.968038601548169,-0.5301503293971134,-0.49659435593551554,0.07835656025879274,0.7805236527572108,0.2315401257135264,0.7961224686910141,0.09622096990923672,-2.3471544775589313,
330,0.22435306309483938,0.4466525428920854,0.968038601548169,-0.5301503293971134,-0.49659435593551554,-0.00210345688797422,1.0314004858901846,0.4591152185922577,1.047221803142971,0.09622096990923672,-2.3471544775589313,
331,0.8201917929773789,-0.7031466871200593,0.968038601548169,-0.5301503293971134,-0.49659435593551554,0.3197366116990936,-0.47386051290765824,-0.7055979231587823,-0.47305498456047745,0.09622096990923672,-2.3471544775589313,
332,1.7665238933790617,-2.0582672082058013,0.968038601548169,-0.5301503293971134,-0.49659435593551554,0.7220366974329284,-2.2801737114650695,-2.1017256746014352,-2.3282258902900885,0.09622096990923672,-2.3471544775589313,
333,0.9779138097109893,-0.39516475050966343,0.968038601548169,-0.5301503293971134,-0.49659435593551554,0.3197366116990936,-0.32333441302787397,-0.3921671845494076,-0.3200012472157545,0.09622096990923672,-2.3471544775589313,
