,total_voltage,total_current,soc,temp_max,temp_min,motor_voltage,motor_current,total_P,motor_P,tempMAXMINdiff,SOCgap,speed,mileage,milediff,speeddiff,milegap
0,2.0644432583203414,-0.02558642657718833,1.6912000916374457,-1.9077029119985092,-1.7137288022671908,1.20479680031353,-0.32333441302787397,-0.011073723687871097,-0.3200012472157545,0.09622096990923672,-1.6167856582914277,13.0,35122.3,-0.5,,0.0
1,1.937389411507148,-0.06665068479190779,1.6912000916374457,-1.9077029119985092,-1.7137288022671908,1.144451787453455,-0.32333441302787397,-0.05386914942171417,-0.3200012472157545,0.09622096990923672,-1.6167856582914277,9.75,35122.3,0.0,-3.25,0.0
2,1.8103355646939545,-0.10771494300662725,1.6912000916374457,-1.9077029119985092,-1.7137288022671908,1.0841067745933797,-0.32333441302787397,-0.09655164819047249,-0.3200012472157545,0.09622096990923672,-1.6167856582914277,6.5,35122.3,0.0,-3.25,0.0
3,1.683281717880761,-0.1487792012213467,1.6912000916374457,-1.9077029119985092,-1.7137288022671908,1.0237617617333046,-0.32333441302787397,-0.13912121999414614,-0.3200012472157545,0.09622096990923672,-1.6167856582914277,3.25,35122.3,0.0,-3.25,0.0
4,1.6789005507492758,-0.18984345943606615,1.6912000916374457,-1.9077029119985092,-1.7137288022671908,0.9634167488732293,-0.32333441302787397,-0.18130528250321995,-0.3200012472157545,0.09622096990923672,-1.6167856582914277,0.0,35122.3,0.0,-3.25,0.0
5,1.5825148738565193,-0.18984345943606615,1.6912000916374457,-1.9077029119985092,-1.7137288022671908,0.9231867402998458,-0.32333441302787397,-0.1815194543335531,-0.3200012472157545,0.09622096990923672,-1.6167856582914277,0.0,35122.3,0.0,0.0,0.0
6,1.5562278710675677,-0.18984345943606615,1.6912000916374457,-1.9077029119985092,-1.7137288022671908,0.9634167488732293,-0.32333441302787397,-0.18157786483273486,-0.3200012472157545,0.09622096990923672,-1.6167856582914277,0.0,35122.3,0.0,0.0,0.0
7,1.486129196963743,-0.18984345943606615,1.6912000916374457,-1.9077029119985092,-1.7137288022671908,0.8829567317264624,-0.32333441302787397,-0.18173362616388625,-0.3200012472157545,0.09622096990923672,-1.6167856582914277,0.0,35122.3,0.0,0.0,0.0
8,1.4335551913858795,-0.18984345943606615,1.6395456994882116,-1.9077029119985092,-1.7137288022671908,0.8829567317264624,-0.32333441302787397,-0.1818504471622498,-0.3200012472157545,0.09622096990923672,-1.5646164569151775,0.0,35122.3,0.0,0.0,0.0
9,1.3634565172820547,-0.18984345943606615,1.6395456994882116,-1.9077029119985092,-1.7137288022671908,0.8561367260108794,-0.32333441302787397,-0.18200620849340118,-0.3200012472157545,0.09622096990923672,-1.5646164569151775,0.0,35122.3,0.0,0.0,0.0
10,1.2933578431782102,-0.18984345943606615,1.6395456994882116,-1.9077029119985092,-1.7137288022671908,0.8293167202952874,-0.32333441302787397,-0.18216196982455254,-0.3200012472157545,0.09622096990923672,-1.5646164569151775,0.0,35122.3,0.0,0.0,0.0
11,1.275833174652269,-0.18984345943606615,1.6395456994882116,-1.9077029119985092,-1.7137288022671908,0.8024967145796954,-0.32333441302787397,-0.1822009101573404,-0.3200012472157545,0.09622096990923672,-1.5646164569151775,0.0,35122.3,0.0,0.0,0.0
12,1.2232591690743857,-0.18984345943606615,1.6395456994882116,-1.9077029119985092,-1.7137288022671908,0.8024967145796954,-0.32333441302787397,-0.18231773115570393,-0.3200012472157545,0.09622096990923672,-1.5646164569151775,0.0,35122.3,0.0,0.0,0.0
13,1.0304878152888528,-0.20010952398974602,1.6395456994882116,-1.9077029119985092,-1.7137288022671908,0.681806688859545,-0.32333441302787397,-0.19321713030302218,-0.3200012472157545,0.09622096990923672,-1.5646164569151775,0.0,35122.3,0.0,0.0,0.0
14,1.1356358264445998,-0.18984345943606615,1.6395456994882116,-1.9077029119985092,-1.7137288022671908,0.7220366974329284,-0.32333441302787397,-0.18251243281964316,-0.3200012472157545,0.09622096990923672,-1.5646164569151775,0.0,35122.3,0.0,0.0,0.0
15,0.83771646150334,-0.2103755885434259,1.6395456994882116,-1.9077029119985092,-1.7137288022671908,0.5611166631393945,-0.32333441302787397,-0.20407369508427364,-0.3200012472157545,0.09622096990923672,-1.5646164569151775,0.0,35122.3,0.0,0.0,0.0
16,0.7939047901884471,-0.2103755885434259,1.6395456994882116,-1.9077029119985092,-1.7137288022671908,0.5611166631393945,-0.32333441302787397,-0.2041613108330463,-0.3200012472157545,0.09622096990923672,-1.5646164569151775,0.0,35122.3,0.0,0.0,0.0
17,0.7851424559254566,-0.2103755885434259,1.6395456994882116,-1.9077029119985092,-1.7137288022671908,0.5611166631393945,-0.32333441302787397,-0.2041788339828009,-0.3200012472157545,0.09622096990923672,-1.5646164569151775,0.0,35122.3,0.0,0.0,0.0
18,0.7500931188735542,-0.2103755885434259,1.6395456994882116,-1.9077029119985092,-1.646110221915431,0.5611166631393945,-0.32333441302787397,-0.20424892658181895,-0.3200012472157545,-0.13465652957617763,-1.5646164569151775,0.0,35122.3,0.0,0.0,0.0
19,0.7500931188735542,-0.2103755885434259,1.6395456994882116,-1.9077029119985092,-1.7137288022671908,0.5611166631393945,-0.32333441302787397,-0.20424892658181895,-0.3200012472157545,0.09622096990923672,-1.5646164569151775,0.0,35122.3,0.0,0.0,0.0
20,0.7325684503475931,-0.2103755885434259,1.6395456994882116,-1.9077029119985092,-1.646110221915431,0.5611166631393945,-0.32333441302787397,-0.20428397288132796,-0.3200012472157545,-0.13465652957617763,-1.5646164569151775,0.0,35122.3,0.0,0.0,0.0
21,0.7150437818216319,-0.2103755885434259,1.6395456994882116,-1.9077029119985092,-1.5784916415636714,0.5611166631393945,-0.32333441302787397,-0.20431901918083709,-0.3200012472157545,-0.36553402906159194,-1.5646164569151775,0.0,35122.3,0.0,0.0,0.0
22,0.7150437818216319,-0.2103755885434259,1.6395456994882116,-1.9077029119985092,-1.5784916415636714,0.5611166631393945,-0.32333441302787397,-0.20431901918083709,-0.3200012472157545,-0.36553402906159194,-1.5646164569151775,0.0,35122.3,0.0,0.0,0.0
23,0.7150437818216319,-0.2103755885434259,1.6395456994882116,-1.9077029119985092,-1.5784916415636714,0.5611166631393945,-0.32333441302787397,-0.20431901918083709,-0.3200012472157545,-0.36553402906159194,-1.5646164569151775,0.0,35122.3,0.0,0.0,0.0
24,0.6931379461641854,-0.2103755885434259,1.6395456994882116,-1.9077029119985092,-1.5784916415636714,0.5410016588527028,-0.32333441302787397,-0.2043628270552234,-0.3200012472157545,-0.36553402906159194,-1.5646164569151775,0.0,35122.3,0.0,0.0,0.0
25,0.671232110506739,-0.2103755885434259,1.6395456994882116,-1.9077029119985092,-1.5784916415636714,0.520886654566011,-0.32333441302787397,-0.20440663492960975,-0.3200012472157545,-0.36553402906159194,-1.5646164569151775,0.0,35122.3,0.0,0.0,0.0
26,0.6493262748492925,-0.2103755885434259,1.6395456994882116,-1.9077029119985092,-1.5784916415636714,0.5007716502793192,-0.32333441302787397,-0.20445044280399607,-0.3200012472157545,-0.36553402906159194,-1.5646164569151775,0.0,35122.3,0.0,0.0,0.0
27,0.6449451077178072,-0.2103755885434259,1.6395456994882116,-1.9077029119985092,-1.5784916415636714,0.48065664599262753,-0.32333441302787397,-0.20445920437887327,-0.3200012472157545,-0.36553402906159194,-1.5646164569151775,0.0,35122.3,0.0,0.0,0.0
28,0.6274204391918461,-0.2103755885434259,1.6395456994882116,-1.9077029119985092,-1.5784916415636714,0.48065664599262753,-0.32333441302787397,-0.2044942506783824,-0.3200012472157545,-0.36553402906159194,-1.5646164569151775,0.0,35122.3,0.0,0.0,0.0
29,0.5748464336139826,-0.2103755885434259,1.6395456994882116,-1.7546415139316873,-1.5784916415636714,0.48065664599262753,-0.32333441302787397,-0.20459938957690957,-0.3200012472157545,0.09622096990923672,-1.5646164569151775,0.0,35122.3,0.0,0.0,0.0
30,0.5660840993510319,-0.2103755885434259,1.6395456994882116,-1.7546415139316873,-1.5108730612119117,0.48065664599262753,-0.32333441302787397,-0.20461691272666402,-0.3200012472157545,-0.13465652957617763,-1.5646164569151775,0.0,35122.3,0.0,0.0,0.0
31,0.5748464336139826,-0.2103755885434259,1.6395456994882116,-1.7546415139316873,-1.443254480860152,0.48065664599262753,-0.32333441302787397,-0.20459938957690957,-0.3200012472157545,-0.36553402906159194,-1.5646164569151775,0.0,35122.3,0.0,0.0,0.0
32,0.5748464336139826,-0.2103755885434259,1.6395456994882116,-1.7546415139316873,-1.443254480860152,0.48065664599262753,-0.32333441302787397,-0.20459938957690957,-0.3200012472157545,-0.36553402906159194,-1.5646164569151775,0.0,35122.3,0.0,0.0,0.0
33,0.5748464336139826,-0.2103755885434259,1.6395456994882116,-1.7546415139316873,-1.443254480860152,0.48065664599262753,-0.32333441302787397,-0.20459938957690957,-0.3200012472157545,-0.36553402906159194,-1.5646164569151775,0.0,35122.3,0.0,0.0,0.0
34,0.5573217650880214,-0.2103755885434259,1.6395456994882116,-1.7546415139316873,-1.443254480860152,0.48065664599262753,-0.32333441302787397,-0.20463443587641858,-0.3200012472157545,-0.36553402906159194,-1.5646164569151775,0.0,35122.3,0.0,0.0,0.0
35,0.5617029322195067,-0.2103755885434259,1.6395456994882116,-1.7546415139316873,-1.443254480860152,0.48065664599262753,-0.32333441302787397,-0.20462567430154138,-0.3200012472157545,-0.36553402906159194,-1.5646164569151775,0.0,35122.3,0.0,0.0,0.0
36,0.5660840993510319,-0.2103755885434259,1.6395456994882116,-1.7546415139316873,-1.443254480860152,0.48065664599262753,-0.32333441302787397,-0.20461691272666402,-0.3200012472157545,-0.36553402906159194,-1.5646164569151775,0.0,35122.3,0.0,0.0,0.0
37,0.5704652664825172,-0.2103755885434259,1.6395456994882116,-1.7546415139316873,-1.443254480860152,0.48065664599262753,-0.32333441302787397,-0.2046081511517868,-0.3200012472157545,-0.36553402906159194,-1.5646164569151775,0.0,35122.3,0.0,0.0,0.0
38,0.5748464336139826,-0.2103755885434259,1.6395456994882116,-1.7546415139316873,-1.443254480860152,0.48065664599262753,-0.32333441302787397,-0.20459938957690957,-0.3200012472157545,-0.36553402906159194,-1.5646164569151775,0.0,35122.3,0.0,0.0,0.0
39,0.5748464336139826,-0.2103755885434259,1.6395456994882116,-1.7546415139316873,-1.443254480860152,0.48065664599262753,-0.32333441302787397,-0.20459938957690957,-0.3200012472157545,-0.36553402906159194,-1.5646164569151775,0.0,35122.3,0.0,0.0,0.0
40,0.5748464336139826,-0.2103755885434259,1.6395456994882116,-1.7546415139316873,-1.443254480860152,0.48065664599262753,-0.32333441302787397,-0.20459938957690957,-0.3200012472157545,-0.36553402906159194,-1.5646164569151775,0.0,35122.3,0.0,0.0,0.0
41,0.5748464336139826,-0.2103755885434259,1.6395456994882116,-1.7546415139316873,-1.443254480860152,0.48065664599262753,-0.32333441302787397,-0.20459938957690957,-0.3200012472157545,-0.36553402906159194,-1.5646164569151775,0.0,35122.3,0.0,0.0,0.0
42,-0.23128831858005078,1.0934146097739168,1.6137185034135946,-1.6781108148982764,-1.443254480860152,0.03812655168540926,-0.23552752143133313,1.1058090072998572,-0.23130180865059818,-0.13465652957617763,-1.5385318562270525,13.0,35122.45,0.14999999999417926,13.0,0.14999999999417926
43,-0.7395037058328044,1.9865622259440652,1.5878913073389775,-1.7546415139316873,-1.443254480860152,-0.16302349118150813,1.7840309852891063,1.9914951944595845,1.7988097088748785,-0.36553402906159194,-1.5124472555389272,23.0,35122.4,-0.049999999995634425,10.0,0.0999999999985448
44,-0.6799198328445645,1.756602379941636,1.5878913073389775,-1.7240292343183232,-1.443254480860152,-0.13083948432280318,1.5431892254814514,1.7627360039414406,1.5580735660241398,-0.273183029267427,-1.5124472555389272,26.6,35122.48,0.08000000000174623,3.6000000000000014,0.18000000000029104
45,-0.6203359598563045,1.5266425339392071,1.5878913073389775,-1.6934169547049587,-1.443254480860152,-0.09865547746409822,1.3023474656737963,1.5336802438487842,1.3169726023469546,-0.18083202947326033,-1.5124472555389272,30.20000000000001,35122.560000000005,0.08000000000174623,3.6000000000000085,0.2600000000020373
46,-0.5607520868680447,1.2966826879367777,1.5878913073389775,-1.6628046750915944,-1.443254480860152,-0.06647147060538412,1.0615057058661415,1.3043279141816153,1.0755068178433254,-0.08848102967909492,-1.5124472555389272,33.8,35122.64000000001,0.08000000000174623,3.5999999999999868,0.3400000000037835
47,-0.5011682138798046,1.0667228419343486,1.5878913073389775,-1.6321923954782298,-1.443254480860152,-0.034287463746679174,0.8206639460584867,1.0746790149399343,0.8336762125132501,0.0038699701150717238,-1.5124472555389272,37.40000000000001,35122.72,0.07999999999447027,3.600000000000016,0.41999999999825377
48,-1.0374230707740841,2.3972048080912596,1.5878913073389775,-1.6015801158648657,-1.443254480860152,-0.404403542621809,-0.14772062983479228,2.393468461761964,-0.1444312244888471,0.09622096990923672,-1.5124472555389272,26.0,35122.6,-0.12000000000261934,-11.400000000000013,0.2999999999956344
49,-0.792077711410688,2.2740120334471015,1.5620641112643605,-1.6015801158648657,-1.443254480860152,-0.32394352547504207,1.0439443275468334,2.2776599120509093,1.0495256846641439,0.09622096990923672,-1.4863626548508022,31.0,35123.05,0.4500000000043656,5.0,0.75
50,-0.4415843408915447,0.8367629959319203,1.5878913073389775,-1.6015801158648657,-1.443254480860152,-0.00210345688797422,0.5798221862508318,0.8447335461237419,0.5914807863567292,0.09622096990923672,-1.5124472555389272,41.0,35122.8,-0.25,10.0,0.5
51,-0.4386635628038878,0.8641391680750664,1.5792822419807708,-1.6015801158648657,-1.420714954076232,-0.00210345688797422,0.6174537112207779,0.8722600347011059,0.6294592044222493,0.01926180341409888,-1.5037523886428845,40.333333333333336,35122.93333333333,0.13333333333139308,-0.6666666666666643,0.6333333333241171
52,-0.43574278471621103,0.8915153402182127,1.5706731766225657,-1.6015801158648657,-1.3981754272923124,-0.00210345688797422,0.6550852361907239,0.8997882539599273,0.6674376224877694,-0.05769736308103896,-1.4950575217468434,39.66666666666666,35123.066666666666,0.13333333333139308,-0.6666666666666785,0.7666666666627862
53,-0.43282200662855413,0.9188915123613591,1.5620641112643605,-1.6015801158648657,-1.3756359005083922,-0.00210345688797422,0.6927167611606699,0.9273182039002064,0.7054160405532895,-0.13465652957617763,-1.4863626548508022,39.0,35123.2,0.13333333333139308,-0.6666666666666572,0.8999999999941792
54,-0.4299012285408973,0.9462676845045054,1.5534550459061538,-1.6015801158648657,-1.3530963737244723,-0.00210345688797422,0.7303482861306161,0.9548498845219423,0.7433944586188097,-0.21161569607131547,-1.4776677879547595,38.33333333333333,35123.33333333333,0.13333333333139308,-0.6666666666666714,1.0333333333255723
55,-0.42698045045326033,0.9736438566476515,1.5448459805479486,-1.6015801158648657,-1.3305568469405524,-0.00210345688797422,0.7679798111005621,0.9823832958251352,0.7813728766843299,-0.2885748625664533,-1.4689729210587184,37.66666666666666,35123.46666666667,0.13333333333866906,-0.6666666666666714,1.1666666666642411
56,-0.5467323520472916,2.150819258802943,1.5362369151897435,-1.6015801158648657,-1.443254480860152,-0.2434835083282751,2.2356092849284592,2.1611971647490185,2.2479953514359274,0.09622096990923672,-1.460278054162677,36.0,35123.5,0.03333333333284827,-1.6666666666666572,1.1999999999970896
57,-0.42405967236558356,1.001020028790798,1.5362369151897435,-1.6015801158648657,-1.3080173201566325,-0.00210345688797422,0.8056113360705082,1.0099184378097859,0.81935129474985,-0.36553402906159194,-1.460278054162677,37.0,35123.6,0.0999999999985448,1.0,1.2999999999956344
58,-0.5642570205732329,1.0420842870055176,1.5362369151897435,-1.6015801158648657,-1.3080173201566325,-0.08256347403474118,0.8306990193838056,1.0489755915959957,0.8424851153851325,-0.36553402906159194,-1.460278054162677,41.0,35123.7,0.0999999999985448,4.0,1.3999999999941792
59,-0.6343556946770774,1.247405578079115,1.5362369151897435,-1.6015801158648657,-1.3080173201566325,-0.16302349118150813,1.0314004858901846,1.253607040396128,1.0420915102710808,-0.36553402906159194,-1.460278054162677,40.0,35123.8,0.10000000000582077,-1.0,1.5
60,-0.4503466751545552,0.85729512503928,1.5362369151897435,-1.6015801158648657,-1.3080173201566325,-0.0423334654613577,0.6299975528774265,0.8652297902866242,0.6412161255869976,-0.36553402906159194,-1.460278054162677,40.5,35124.05,0.25,0.5,1.75
61,-0.5642570205732329,1.1447449325423162,1.5362369151897435,-1.6015801158648657,-1.3080173201566325,-0.08256347403474118,0.8056113360705082,1.1519143613206673,0.8172136727198959,-0.36553402906159194,-1.460278054162677,40.0,35124.0,-0.05000000000291038,-0.5,1.6999999999970896
62,-0.09693252654771521,0.3508359403910734,1.5190187844733332,-1.5505596498425913,-1.3080173201566325,0.1588165774055597,-0.022282213268305387,0.3596274276933179,-0.01503383760895104,-0.21161569607131422,-1.4428883203705947,33.0,35124.2,0.1999999999970896,-7.0,1.8999999999941792
63,0.37039196747780245,-0.44307305176016937,1.5018006537569213,-1.4995391838203176,-1.3080173201566325,0.4001966288458606,-0.850175762607119,-0.4406898678956141,-0.8566868848695967,-0.05769736308103896,-1.4254985865785108,26.0,35124.399999999994,0.1999999999970896,-7.0,2.0999999999912693
64,-0.2663376556319731,0.46718467199944513,1.5362369151897435,-1.6015801158648657,-1.3080173201566325,0.07835656025879274,0.22859461986466842,0.47529882089888653,0.2380606107376298,-0.36553402906159194,-1.460278054162677,41.0,35124.3,-0.09999999999126884,15.0,2.0
65,-0.00930918391792941,0.24817529485427461,1.5190187844733332,-1.5505596498425913,-1.3080173201566325,0.1856365831211426,0.04461827556715433,0.25677951874515104,0.05296893333902501,-0.21161569607131422,-1.4428883203705947,27.333333333333336,35124.4,0.0999999999985448,-13.666666666666664,2.0999999999985453
66,0.24771928779609434,0.029165917709104226,1.5018006537569213,-1.4995391838203176,-1.3080173201566325,0.29291660598350155,-0.13935806873035983,0.03704181684552025,-0.13305168597876973,-0.05769736308103896,-1.4254985865785108,13.666666666666668,35124.5,0.0999999999985448,-13.666666666666668,2.1999999999970896
67,0.83771646150334,-1.2369820439114123,1.4845825230405094,-1.4485187177980439,-1.3080173201566325,0.6415766802861614,-1.6780693119459325,-1.2490375254461288,-1.7077454690620406,0.09622096990923672,-1.4081088527864267,19.0,35124.6,0.0999999999985448,5.333333333333332,2.2999999999956344
68,0.7880632340131334,-1.0624589464988545,1.4845825230405094,-1.4485187177980439,-1.3080173201566325,0.6147566745705694,-1.4522801621262562,-1.071035098720192,-1.4757422247443417,0.09622096990923672,-1.4081088527864267,15.833333333333336,35124.6,0.0,-3.1666666666666643,2.2999999999956344
69,0.7384100065229068,-0.8879358490862969,1.4845825230405094,-1.4485187177980439,-1.3080173201566325,0.5879366688549865,-1.2264910123065798,-0.8932202345971834,-1.244023996697303,0.09622096990923672,-1.4081088527864267,12.666666666666668,35124.6,0.0,-3.166666666666668,2.2999999999956344
70,0.6887567790327002,-0.7134127516737392,1.4845825230405094,-1.4485187177980439,-1.3080173201566325,0.5611166631393945,-1.0007018624869033,-0.7155929330771027,-1.012590784920925,0.09622096990923672,-1.4081088527864267,9.5,35124.6,0.0,-3.166666666666668,2.2999999999956344
71,0.6391035515424736,-0.5388896542611815,1.4845825230405094,-1.4485187177980439,-1.3080173201566325,0.5342966574238116,-0.7749127126672268,-0.5381531941599504,-0.7814425894152077,0.09622096990923672,-1.4081088527864267,6.333333333333334,35124.6,0.0,-3.166666666666666,2.2999999999956344
72,0.5894503240522669,-0.36436655684862385,1.4845825230405094,-1.4485187177980439,-1.3080173201566325,0.5074766517082195,-0.5491235628475504,-0.36090101784572615,-0.5505794101801509,0.09622096990923672,-1.4081088527864267,3.166666666666668,35124.6,0.0,-3.166666666666666,2.2999999999956344
73,0.5047477595101381,-0.18984345943606615,1.4845825230405094,-1.4485187177980439,-1.3080173201566325,0.4001966288458606,-0.32333441302787397,-0.18391428480000563,-0.3200012472157545,0.09622096990923672,-1.4081088527864267,0.0,35124.6,0.0,-3.166666666666668,2.2999999999956344
74,0.5397970965620603,-0.18984345943606615,1.4845825230405094,-1.4485187177980439,-1.3080173201566325,0.44042663741924404,-0.32333441302787397,-0.18383640413442995,-0.3200012472157545,0.09622096990923672,-1.4081088527864267,0.0,35124.6,0.0,0.0,2.2999999999956344
75,0.5397970965620603,-0.18984345943606615,1.4845825230405094,-1.4485187177980439,-1.3080173201566325,0.48065664599262753,-0.32333441302787397,-0.18383640413442995,-0.3200012472157545,0.09622096990923672,-1.4081088527864267,0.0,35124.6,0.0,0.0,2.2999999999956344
76,0.5573217650880214,-0.18984345943606615,1.4845825230405094,-1.4485187177980439,-1.3080173201566325,0.48065664599262753,-0.32333441302787397,-0.1837974638016421,-0.3200012472157545,0.09622096990923672,-1.4081088527864267,0.0,35124.6,0.0,0.0,2.2999999999956344
77,0.5748464336139826,-0.18984345943606615,1.4845825230405094,-1.4485187177980439,-1.3080173201566325,0.48065664599262753,-0.32333441302787397,-0.18375852346885424,-0.3200012472157545,0.09622096990923672,-1.4081088527864267,0.0,35124.6,0.0,0.0,2.2999999999956344
78,0.5748464336139826,-0.18984345943606615,1.4845825230405094,-1.4485187177980439,-1.3080173201566325,0.48065664599262753,-0.32333441302787397,-0.18375852346885424,-0.3200012472157545,0.09622096990923672,-1.4081088527864267,0.0,35124.6,0.0,0.0,2.2999999999956344
79,0.5967522692714291,-0.18984345943606615,1.4845825230405094,-1.4102533682813385,-1.2742080299807526,0.48065664599262753,-0.32333441302787397,-0.18370984805286944,-0.3200012472157545,0.09622096990923672,-1.4081088527864267,0.0,35124.6,0.0,0.0,2.2999999999956344
80,0.6186581049288755,-0.18984345943606615,1.4845825230405094,-1.371988018764633,-1.2403987398048728,0.48065664599262753,-0.32333441302787397,-0.18366117263688464,-0.3200012472157545,0.09622096990923672,-1.4081088527864267,0.0,35124.6,0.0,0.0,2.2999999999956344
81,0.6405639405863219,-0.18984345943606615,1.4845825230405094,-1.3337226692479276,-1.2065894496289928,0.48065664599262753,-0.32333441302787397,-0.18361249722089984,-0.3200012472157545,0.09622096990923672,-1.4081088527864267,0.0,35124.6,0.0,0.0,2.2999999999956344
82,0.609895770665885,-0.18984345943606615,1.4845825230405094,-1.4485187177980439,-1.1727801594531129,0.48065664599262753,-0.32333441302787397,-0.18368064280327856,-0.3200012472157545,-0.36553402906159194,-1.4081088527864267,0.0,35124.6,0.0,0.0,2.2999999999956344
83,0.6624697762437683,-0.18984345943606615,1.4845825230405094,-1.2954573197312222,-1.1727801594531129,0.48065664599262753,-0.32333441302787397,-0.183563821804915,-0.3200012472157545,0.09622096990923672,-1.4081088527864267,0.0,35124.6,0.0,0.0,2.2999999999956344
84,0.6683113324190623,-0.18984345943606615,1.4845825230405094,-1.2954573197312222,-1.1727801594531129,0.48065664599262753,-0.32333441302787397,-0.18355084169398578,-0.3200012472157545,0.09622096990923672,-1.4081088527864267,0.0,35124.6,0.0,0.0,2.2999999999956344
85,0.6741528885944158,-0.18984345943606615,1.4845825230405094,-1.2954573197312222,-1.1727801594531129,0.48065664599262753,-0.32333441302787397,-0.1835378615830564,-0.3200012472157545,0.09622096990923672,-1.4081088527864267,0.0,35124.6,0.0,0.0,2.2999999999956344
86,0.6624697762437683,-0.18984345943606615,1.4845825230405094,-1.2954573197312222,-1.1727801594531129,0.48065664599262753,-0.32333441302787397,-0.183563821804915,-0.3200012472157545,0.09622096990923672,-1.4081088527864267,0.0,35124.6,0.0,0.0,2.2999999999956344
87,0.6799944447697096,-0.18984345943606615,1.4845825230405094,-1.2954573197312222,-1.1727801594531129,0.48065664599262753,-0.32333441302787397,-0.18352488147212717,-0.3200012472157545,0.09622096990923672,-1.4081088527864267,0.0,35124.6,0.0,0.0,2.2999999999956344
88,0.6799944447697096,-0.18984345943606615,1.4845825230405094,-1.1423959216644004,-1.1727801594531129,0.48065664599262753,-0.32333441302787397,-0.18352488147212717,-0.3200012472157545,0.5579759688800654,-1.4081088527864267,0.0,35124.6,0.0,0.0,2.2999999999956344
89,0.6799944447697096,-0.18984345943606615,1.4845825230405094,-1.1423959216644004,-1.1727801594531129,0.48065664599262753,-0.32333441302787397,-0.18352488147212717,-0.3200012472157545,0.5579759688800654,-1.4081088527864267,0.0,35124.6,0.0,0.0,2.2999999999956344
90,0.6799944447697096,-0.18984345943606615,1.4845825230405094,-1.1423959216644004,-1.1727801594531129,0.48065664599262753,-0.32333441302787397,-0.18352488147212717,-0.3200012472157545,0.5579759688800654,-1.4081088527864267,0.0,35124.6,0.0,0.0,2.2999999999956344
91,0.6799944447697096,-0.18984345943606615,1.4845825230405094,-1.1423959216644004,-1.1727801594531129,0.48065664599262753,-0.32333441302787397,-0.18352488147212717,-0.3200012472157545,0.5579759688800654,-1.4081088527864267,0.0,35124.6,0.0,0.0,2.2999999999956344
92,0.7238061160846025,-0.23604074992762555,1.4845825230405094,-1.1423959216644004,-1.1389708692772331,0.5007716502793192,-0.32333441302787397,-0.2303939527697388,-0.3200012472157545,0.4425372191373582,-1.4081088527864267,0.0,35124.6,0.0,0.0,2.2999999999956344
93,0.7676177873994954,-0.28223804041918493,1.4845825230405094,-1.1423959216644004,-1.1051615791013532,0.520886654566011,-0.32333441302787397,-0.2773068319417368,-0.3200012472157545,0.32709846939465104,-1.4081088527864267,0.0,35124.6,0.0,0.0,2.2999999999956344
94,0.8114294587143883,-0.32843533091074434,1.4845825230405094,-1.1423959216644004,-1.0713522889254734,0.5410016588527028,-0.32333441302787397,-0.32426351898812106,-0.3200012472157545,0.21165971965194388,-1.4081088527864267,0.0,35124.6,0.0,0.0,2.2999999999956344
95,0.83771646150334,-0.3746326214023037,1.4845825230405094,-1.1423959216644004,-1.0375429987495934,0.5611166631393945,-0.32333441302787397,-0.37126790794217046,-0.3200012472157545,0.09622096990923672,-1.4081088527864267,0.0,35124.6,0.0,0.0,2.2999999999956344
96,0.8552411300292813,-0.3746326214023037,1.4845825230405094,-1.1423959216644004,-1.0375429987495934,0.5611166631393945,-0.32333441302787397,-0.37126401390889174,-0.3200012472157545,0.09622096990923672,-1.4081088527864267,0.0,35124.6,0.0,0.0,2.2999999999956344
97,0.8727657985552424,-0.3746326214023037,1.4845825230405094,-1.1423959216644004,-1.0375429987495934,0.5611166631393945,-0.32333441302787397,-0.3712601198756129,-0.3200012472157545,0.09622096990923672,-1.4081088527864267,0.0,35124.6,0.0,0.0,2.2999999999956344
98,0.3119764057246252,0.4466525428920854,1.4845825230405094,-1.1423959216644004,-1.0375429987495934,0.3197366116990936,0.3916645614011014,0.4599134954144085,0.40700400517167906,0.09622096990923672,-1.4081088527864267,17.5,35124.649999999994,0.049999999995634425,17.5,2.3499999999912693
99,0.8902904670812035,-0.3746326214023037,1.4845825230405094,-1.1423959216644004,-1.0375429987495934,0.6415766802861614,-0.32333441302787397,-0.37125622584233414,-0.3200012472157545,0.09622096990923672,-1.4081088527864267,0.0,35124.6,-0.049999999995634425,-17.5,2.2999999999956344
100,-0.24881298710601193,1.2679377071864746,1.4845825230405094,-1.1423959216644004,-1.0375429987495934,0.07835656025879274,1.1066635358300767,1.281118385510741,1.1258862938452867,0.09622096990923672,-1.4081088527864267,35.0,35124.7,0.0999999999985448,35.0,2.3999999999941792
101,-0.38901033531366125,1.3637543096874865,1.4673643923240975,-1.0913754556421262,-1.0375429987495934,-0.00210345688797422,1.181926585769969,1.3748529585754588,1.1991354754050516,0.250139302899514,-1.3907191189943429,36.66666666666666,35124.76666666666,0.06666666666569654,1.6666666666666572,2.466666666659876
102,-0.5292076835212907,1.4595709121884983,1.450146261607686,-1.0403549896198523,-1.0375429987495934,-0.08256347403474118,1.257189635709861,1.4682967771553614,1.272099640694156,0.4040576358897897,-1.373329385202259,38.33333333333333,35124.83333333333,0.06666666666569654,1.6666666666666714,2.5333333333255723
103,1.048012483814814,-1.4423033349850094,1.4329281308912754,-0.9893345235975787,-1.0375429987495934,0.7220366974329284,-1.7533323618858245,-1.4604134398851158,-1.7875500248469984,0.5579759688800654,-1.3559396514101765,17.0,35124.8,-0.03333333332557231,-21.33333333333333,2.5
104,0.4404906415816271,-0.32672432015179775,1.4329281308912754,-0.9893345235975787,-1.0375429987495934,0.4538366402770355,-0.7749127126672268,-0.3227971450396811,-0.780587540603226,0.5579759688800654,-1.3559396514101765,26.333333333333336,35124.966666666674,0.1666666666715173,9.333333333333336,2.6666666666715173
105,-0.16703120065153987,0.788854694681414,1.4329281308912754,-0.9893345235975787,-1.0375429987495934,0.1856365831211426,0.20350693655137106,0.8001498937742079,0.21402423857858882,0.5579759688800654,-1.3559396514101765,35.66666666666667,35125.13333333334,0.16666666666424135,9.333333333333336,2.8333333333357587
106,-0.6694050317289798,1.5553875146895109,1.4329281308912754,-0.9893345235975787,-1.0375429987495934,-0.16302349118150813,1.3324526856497532,1.5614498412504465,1.3447787897125998,0.5579759688800654,-1.3559396514101765,40.0,35124.9,-0.23333333333721384,4.333333333333329,2.5999999999985453
107,-0.4299012285408973,1.1721211046854627,1.4329281308912754,-0.9893345235975787,-1.0375429987495934,-0.055743468319158294,0.9143246304281301,1.181643574722731,0.9275044133073611,0.5579759688800654,-1.3559396514101765,42.0,35125.066666666666,0.16666666666424135,2.0,2.766666666662786
108,-0.19039742535281476,0.7888546946814143,1.4329281308912754,-0.9893345235975787,-1.0375429987495934,0.051536554543200705,0.4961965752065071,0.7998504858821058,0.5081188052676003,0.5579759688800654,-1.3559396514101765,44.0,35125.23333333334,0.1666666666715173,2.0,2.9333333333343035
109,-0.7745530428847268,1.9044337095146262,1.4329281308912754,-0.9893345235975787,-1.0375429987495934,-0.08256347403474118,1.181926585769969,1.9084276765565509,1.196285312698446,0.5579759688800654,-1.3559396514101765,45.0,35125.3,0.06666666666569654,1.0,3.0
110,0.04910637783526777,0.40558828467736596,1.4329281308912754,-0.9893345235975787,-1.0375429987495934,0.1588165774055597,0.07806851998488414,0.4160705747285726,0.0866219655933168,0.5579759688800654,-1.3559396514101765,46.0,35125.4,0.0999999999985448,1.0,3.0999999999985453
111,0.3236595180752726,-0.18984345943606615,1.415710000174865,-0.9893345235975787,-1.0375429987495934,0.3733766231302777,-0.7832752737716594,-0.18431666823881335,-0.7882460333574571,0.5579759688800654,-1.3385499176180942,44.66666666666667,35125.6,0.1999999999970896,-1.3333333333333286,3.2999999999956344
112,0.5982126583152375,-0.7852752035494983,1.3984918694584532,-0.9893345235975787,-1.0375429987495934,0.5879366688549865,-1.644619067528203,-0.7882422894455214,-1.6718123066424646,0.5579759688800654,-1.3211601838260103,43.33333333333334,35125.8,0.2000000000043656,-1.3333333333333286,3.5
113,0.2418777316207806,0.09760634806697004,1.4329281308912754,-0.9893345235975787,-1.0375429987495934,0.07835656025879274,0.855786702697103,0.10623792286879463,0.8722218129573847,0.5579759688800654,-1.3559396514101765,49.0,35125.8,0.0,5.666666666666656,3.5
114,-0.6606426974660092,2.1610853233566227,1.4071009348166583,-0.9893345235975787,-1.0375429987495934,-0.2837135169016586,1.0815758525167793,2.168341742307269,1.0885491623887529,0.5579759688800654,-1.3298550507220515,44.5,35125.95,0.14999999999417926,-4.5,3.6499999999941792
115,0.8727657985552424,-1.3807069476629301,1.3812737387420413,-0.9893345235975787,-1.0375429987495934,0.8024967145796954,-2.505962861284746,-1.395706288891552,-2.564076854261705,0.5579759688800654,-1.3037704500339262,42.0,35126.0,0.05000000000291038,-2.5,3.6999999999970896
116,-1.563163126552799,4.224564298646276,1.3812737387420413,-0.9893345235975787,-1.0375429987495934,-0.64578359406211,1.3073650023364558,4.190136476260404,1.3010287921662032,0.5579759688800654,-1.3037704500339262,40.0,35126.1,0.0999999999985448,-2.0,3.7999999999956335
117,-0.42405967236558356,1.0626164161128773,1.3812737387420413,-0.9893345235975787,-0.902305838046074,-0.00210345688797422,0.7805236527572108,1.0717751564432796,0.7940323493728366,0.09622096990923672,-1.3037704500339262,49.0,35126.2,0.0999999999985448,9.0,3.8999999999941792
118,-0.06188318949581285,0.583533403607817,1.3812737387420413,-0.9383140575753055,-0.902305838046074,0.13199657168996767,0.36239559753558787,0.5945034002994057,0.3742139388479986,0.25013930289951075,-1.3037704500339262,41.66666666666667,35126.4,0.2000000000043656,-7.333333333333329,4.099999999998545
119,0.30029329337397775,0.10445039110275665,1.3812737387420413,-0.8872935915530312,-0.902305838046074,0.26609660026790954,-0.05573245768603511,0.11347606539332664,-0.04824351121999298,0.4040576358897881,-1.3037704500339262,34.333333333333336,35126.60000000001,0.2000000000043656,-7.333333333333336,4.3000000000101855
120,-0.020992296268576814,0.20026699360376868,1.3812737387420413,-0.8362731255307569,-0.902305838046074,0.1588165774055597,0.027893153358289374,0.20837841577131544,0.03579406399218287,0.5579759688800654,-1.3037704500339262,47.0,35126.6,-7.275957614183426e-12,12.666666666666664,4.2999999999956335
121,-0.5116830149953694,1.401396546384313,1.3812737387420413,-0.8362731255307569,-0.902305838046074,-0.20325349975489163,0.5547345029375343,1.4102834693680273,0.5620053536992491,0.5579759688800654,-1.3037704500339262,43.5,35126.75,0.1500000000014552,-3.5,4.4499999999970905
122,0.6624697762437683,-0.3746326214023037,1.3812737387420413,-0.8362731255307569,-0.902305838046074,0.4001966288458606,-0.47386051290765824,-0.3713068482749583,-0.47334000083113803,0.5579759688800654,-1.3037704500339262,27.0,35126.8,0.05000000000291038,-16.5,4.5
123,-1.0023737337221619,2.602526099164857,1.3812737387420413,-0.8362731255307569,-0.902305838046074,-0.565323576915343,1.0815758525167793,2.599431669943441,1.0792386308805078,0.5579759688800654,-1.3037704500339262,40.0,35126.9,0.0999999999985448,13.0,4.599999999998545
124,-0.5993063576251552,1.853103386746227,1.3683601407047328,-0.8362731255307569,-0.902305838046074,-0.2837135169016586,0.38539264057277706,1.8613390791328477,0.3905621290579478,0.5579759688800654,-1.2907281496898637,38.0,35127.075,0.17499999999563445,-2.0,4.7749999999941775
125,-0.19623898152814842,1.1036806743275966,1.3554465426674245,-0.8362731255307569,-0.902305838046074,-0.00210345688797422,-0.3107905713712253,1.1167084064471755,-0.3073417745272478,0.5579759688800654,-1.2776858493458012,36.0,35127.25,0.17500000000291038,-2.0,4.9499999999970905
126,0.20682839456887822,0.35425796190896663,1.342532944630116,-0.8362731255307569,-0.902305838046074,0.27950660312571013,-1.0069737833152277,0.3655396518864237,-1.0144730798750792,0.5579759688800654,-1.2646435490017387,34.0,35127.425,0.17500000000291038,-2.0,5.125
127,-0.19623898152814842,0.5493131884288841,1.3296193465928074,-0.8362731255307569,-0.902305838046074,0.07835656025879274,0.15333156992477628,0.5586311330648775,0.16196126647125922,0.5579759688800654,-1.251601248657676,46.0,35127.3,-0.125,12.0,5.0
128,-0.18747664726519775,1.2166073844180751,1.3296193465928074,-0.8362731255307569,-0.902305838046074,-0.08256347403474118,0.31640151146120926,1.2305436547942057,0.3244205407477807,0.5579759688800654,-1.251601248657676,34.0,35127.5,0.1999999999970896,-12.0,5.1999999999970905
129,0.609895770665885,-0.39516475050966343,1.3296193465928074,-0.8362731255307569,-0.902305838046074,0.5611166631393945,-1.7031569952592298,-0.3921671845494076,-1.7308317869855463,0.5579759688800654,-1.251601248657676,32.0,35127.6,0.0999999999985448,-2.0,5.2999999999956335
130,-0.1787143130021873,1.8839015804072665,1.3296193465928074,-0.8362731255307569,-0.902305838046074,-0.2434835083282751,0.47947145299764227,1.9025827326050955,0.48564474451810635,0.5579759688800654,-1.251601248657676,22.0,35127.7,0.0999999999985448,-10.0,5.399999999994179
131,-0.1787143130021873,0.7956987377172008,1.3296193465928074,-0.8362731255307569,-0.902305838046074,0.07835656025879274,0.5798221862508318,0.8068913307205129,0.5931908839806925,0.5579759688800654,-1.251601248657676,38.0,35127.7,0.0,16.0,5.399999999994179
132,-0.2663376556319731,1.001020028790798,1.3192884681629604,-0.8056608459173926,-0.902305838046074,0.030080549970730733,0.8106288727331677,1.012301586176402,0.8252739328541766,0.6503269686742305,-1.2411674083824258,39.8,35127.88,0.18000000000029104,1.7999999999999972,5.57999999999447
133,-0.35396099826175886,1.2063413198643953,1.3089575897331134,-0.7750485663040284,-0.902305838046074,-0.01819546031733127,1.041435559215504,1.2173224383044126,1.0568325517896453,0.7426779684683962,-1.2307335681071756,41.6,35128.06,0.18000000000029104,1.8000000000000045,5.759999999994763
134,-0.4415843408915447,1.4116626109379928,1.2986267113032672,-0.7444362866906636,-0.902305838046074,-0.06647147060540243,1.2722422456978397,1.4219538871045447,1.2878667407870976,0.8350289682625632,-1.2202997278319263,43.4,35128.24,0.18000000000029104,1.7999999999999972,5.939999999995053
135,-0.5292076835213305,1.6169839020115901,1.2882958328734202,-0.7138240070772994,-0.902305838046074,-0.11474748089346443,1.503048932180176,1.6261959325767985,1.5183764998465363,0.9273799680567291,-1.209865887556676,45.2,35128.42,0.18000000000029104,1.8000000000000045,6.119999999995343
136,-0.23128831858005078,0.9599557705760786,1.3296193465928074,-0.6832117274639352,-0.902305838046074,-0.00210345688797422,0.6550852361907239,0.9715076935478542,0.6674376224877694,1.0197309678508941,-1.251601248657676,49.0,35128.2,-0.22000000000116413,3.799999999999997,5.899999999994179
137,0.1893037260429171,-0.13509111514977346,1.3124012158763956,-0.6832117274639352,-0.8572267844782343,0.29291660598350155,0.09479364219374908,-0.12926801778772792,0.10488411923193815,0.8658126348606184,-1.234211514865592,47.33333333333334,35128.53333333333,0.33333333333575865,-1.6666666666666572,6.233333333329938
138,0.609895770665885,-1.2301380008756255,1.2951830851599837,-0.6832117274639352,-0.8121477309103947,0.5879366688549774,-0.46549795180322573,-1.2400124543169986,-0.46544927259710933,0.7118943018703427,-1.2168217810735082,45.66666666666667,35128.86666666667,0.33333333333575865,-1.6666666666666714,6.5666666666656965
139,-0.6168310261511163,1.8223051930851872,1.2779649544435734,-0.6832117274639352,-0.902305838046074,-0.16302349118150813,1.7338556186625116,1.8300485747211737,1.7483618289679586,1.0197309678508941,-1.1994320472814257,47.0,35128.6,-0.2666666666700621,1.3333333333333286,6.2999999999956335
140,-0.5350492396966442,1.8051950854957206,1.2779649544435734,-0.6832117274639352,-0.8797663112621544,-0.12279348260812466,1.6920428131403487,1.8148492974933486,1.7082299546352249,0.9427718013557571,-1.1994320472814257,43.16666666666666,35128.7,0.0999999999985448,-3.8333333333333433,6.399999999994179
141,-0.4532674532421921,1.788084977906254,1.2779649544435734,-0.6832117274639352,-0.8572267844782343,-0.08256347403474118,1.6502300076181866,1.7996197333400223,1.6680189091161977,0.8658126348606184,-1.1994320472814257,39.333333333333336,35128.8,0.0999999999985448,-3.8333333333333215,6.5
142,-0.37148566678772005,1.770974870316788,1.2779649544435734,-0.6832117274639352,-0.8346872576943143,-0.0423334654613577,1.6084172020960246,1.7843598822611941,1.627728692410875,0.7888534683654798,-1.1994320472814257,35.5,35128.899999999994,0.0999999999985448,-3.8333333333333366,6.599999999991269
143,-0.289703880333228,1.7538647627273214,1.2779649544435734,-0.6832117274639352,-0.8121477309103947,-0.00210345688797422,1.5666043965738623,1.7690697442568644,1.587359304519258,0.7118943018703427,-1.1994320472814257,31.66666666666667,35129.0,0.10000000000582077,-3.8333333333333286,6.6999999999970905
144,-0.20792209387879582,1.7367546551378548,1.2779649544435734,-0.6832117274639352,-0.7896082041264746,0.03812655168540926,1.5247915910517,1.7537493193270315,1.5469107454413462,0.6349351353752041,-1.1994320472814257,27.833333333333336,35129.1,0.0999999999985448,-3.8333333333333366,6.7999999999956335
145,1.0304878152888528,-2.3251848866014777,1.2779649544435734,-0.6832117274639352,-0.7670686773425545,0.8829567317264624,-1.0257895458002007,-2.3607256160399586,-1.043562552999373,0.5579759688800654,-1.1994320472814257,44.0,35129.2,0.0999999999985448,16.166666666666664,6.899999999994179
146,-0.12614030742430385,1.7196445475483886,1.2779649544435734,-0.6832117274639352,-0.7670686773425545,0.07835656025879274,1.4829787855295375,1.7383986074716997,1.5063830151771396,0.5579759688800654,-1.1994320472814257,24.0,35129.2,0.0,-20.0,6.899999999994179
147,0.06224987922976353,1.1190797711581164,1.2650513564062649,-0.6449463779472298,-0.7670686773425545,0.2593915988390184,1.0251285650618602,1.1364465310060956,1.0491901967622206,0.6734147186227726,-1.1863897469373632,27.0,35129.45,0.25,3.0,7.149999999994179
148,0.25064006588377113,0.5185149947678445,1.2521377583689564,-0.6066810284305243,-0.7670686773425545,0.44042663741924404,0.567278344594183,0.5320455943622953,0.5880962181426349,0.7888534683654798,-1.1733474465933007,30.0,35129.7,0.25,3.0,7.399999999994179
149,0.43903025253779865,-0.08204978162242758,1.2392241603316478,-0.5684156789138188,-0.7670686773425545,0.6214616759994697,0.10942812412650586,-0.07480420245970015,0.12310107931838293,0.9042922181081869,-1.1603051462492382,33.0,35129.95,0.25,3.0,7.649999999994179
150,-0.7745530428847268,2.3972048080912596,1.2779649544435734,-0.6832117274639352,-0.7670686773425545,-0.08256347403474118,1.056488169203482,2.401412289650685,1.0699280993722626,0.5579759688800654,-1.1994320472814257,47.0,35129.7,-0.25,14.0,7.399999999994179
151,-0.3977726695766518,1.7555757734862683,1.2650513564062649,-0.6449463779472298,-0.7670686773425545,0.058241555972101,0.711532523645643,1.7682750910490144,0.7258748647316432,0.6734147186227726,-1.1863897469373632,36.0,35129.825,0.125,-11.0,7.524999999994179
152,-0.020992296268576814,1.1139467388812765,1.2521377583689564,-0.6066810284305243,-0.7670686773425545,0.19904658597894317,0.36657687808780404,1.1299052852289766,0.37953556208676725,0.7888534683654798,-1.1733474465933007,25.0,35129.95,0.125,-11.0,7.649999999994179
153,0.3557880770395181,0.47231770427628506,1.2392241603316478,-0.5684156789138188,-0.7670686773425545,0.33985161598578534,0.02162123252996503,0.4863028721905721,0.030910191437634668,0.9042922181081869,-1.1603051462492382,14.0,35130.075,0.125,-11.0,7.774999999994179
154,0.6274204391918461,-0.6826145580126997,1.2263105622943393,-0.5301503293971134,-0.7670686773425545,0.8024967145796954,-0.34842209634117133,-0.6841028594598911,-0.34579521971053556,1.0197309678508941,-1.1472628459051755,36.0,35130.2,0.125,22.0,7.899999999994179
155,0.7325684503475931,-0.16931133032870643,1.2263105622943393,-0.5301503293971134,-0.7670686773425545,0.48065664599262753,-0.32333441302787397,-0.16253214806619923,-0.3200012472157545,1.0197309678508941,-1.1472628459051755,3.0,35130.2,0.0,-33.0,7.899999999994179
156,-0.7570283743587656,2.0481586132661445,1.2263105622943393,-0.5301503293971134,-0.7670686773425545,-0.2434835083282751,1.9345570851688905,2.052678245335849,1.9458781045357294,1.0197309678508941,-1.1472628459051755,38.0,35130.3,0.10000000000582077,35.0,8.0
157,0.8902904670812035,-0.9905964946230955,1.2263105622943393,-0.5301503293971134,-0.7670686773425545,0.7220366974329284,-1.7282446785725272,-0.9985849870545378,-1.7618035550639943,1.0197309678508941,-1.1472628459051755,17.0,35130.4,0.0999999999985448,-21.0,8.099999999998545
158,0.6799944447697096,-0.16931133032870643,1.2263105622943393,-0.5301503293971134,-0.7670686773425545,0.48065664599262753,-0.32333441302787397,-0.16266065116439923,-0.3200012472157545,1.0197309678508941,-1.1472628459051755,1.0,35130.4,0.0,-16.0,8.099999999998545
159,0.2769270686727029,0.6519738339656826,1.2263105622943393,-0.5301503293971134,-0.7670686773425545,0.27950660312571013,0.5923660279074805,0.6673408601087081,0.610208730474717,1.0197309678508941,-1.1472628459051755,16.0,35130.55,0.1500000000014552,15.0,8.25
160,0.6799944447697096,-0.16931133032870643,1.2263105622943393,-0.5301503293971134,-0.7670686773425545,0.48065664599262753,-0.32333441302787397,-0.16266065116439923,-0.3200012472157545,1.0197309678508941,-1.1472628459051755,0.0,35130.4,-0.1500000000014552,-16.0,8.099999999998545
161,0.650786663893121,0.0086337886017445,1.2263105622943393,-0.4791298633748402,-0.7670686773425545,0.29291660598350155,-0.2647964852968468,0.01803504041177254,-0.2605172959130776,1.1736493008411681,-1.1472628459051755,8.0,35130.53333333333,0.13333333333139308,8.0,8.233333333329938
162,0.6215788830165324,0.18657890753219541,1.2263105622943393,-0.4281093973525659,-0.7670686773425545,0.10517656597437562,-0.20625855756581954,0.19861823769322395,-0.20155059636085865,1.3275676338314455,-1.1472628459051755,16.0,35130.66666666667,0.13333333333866906,8.0,8.366666666668607
163,-0.12614030742430385,1.473258998260072,1.2263105622943393,-0.5301503293971134,-0.7670686773425545,0.07835656025879274,1.508066468842835,1.4901773501488513,1.5317494632659299,1.0197309678508941,-1.1472628459051755,31.0,35130.7,0.03333333332557231,15.0,8.399999999994181
164,-0.11737797316133323,1.391130481830633,1.2263105622943393,-0.45361963036370256,-0.6994500969907947,0.19904658597894317,0.8683305443537517,1.4076063214888628,0.888289605215874,1.0197309678508941,-1.1472628459051755,31.5,35130.8,0.10000000000582077,0.5,8.5
165,0.5923711021399238,0.3645240264626465,1.2263105622943393,-0.3770889313302917,-0.7670686773425545,-0.08256347403474118,-0.14772062983479228,0.3790889406799547,-0.1431011485590978,1.4814859668217228,-1.1472628459051755,24.0,35130.8,0.0,-7.5,8.5
166,0.6887567790326603,-0.1179810075603071,1.2263105622943393,-0.3770889313302917,-0.6994500969907947,0.19904658597894317,-0.37350977965446874,-0.11047379067044732,-0.3708766515286652,1.2506084673363085,-1.1472628459051755,28.0,35130.9,0.0999999999985448,4.0,8.599999999998545
167,-0.10861563889836262,1.309001965401194,1.2263105622943393,-0.3770889313302917,-0.631831516639035,0.3197366116990936,0.22859461986466842,1.3250197166957594,0.241195789714896,1.0197309678508941,-1.1472628459051755,32.0,35130.9,0.0,4.0,8.599999999998545
168,0.7851424559254566,-0.6004860415832607,1.2263105622943393,-0.3770889313302917,-0.631831516639035,0.48065664599262753,-0.5992989294741452,-0.6010431296234151,-0.6016448253401686,1.0197309678508941,-1.1472628459051755,32.0,35131.0,0.0999999999985448,0.0,8.69999999999709
169,0.7991621907462295,-0.5512089317255974,1.2159796838644923,-0.3770889313302917,-0.631831516639035,0.4967486494219846,-0.5441060261848909,-0.5509365785279883,-0.5453997144880128,1.0197309678508941,-1.1368290056299253,25.6,35131.06,0.0599999999976717,-6.399999999999999,8.759999999994761
170,0.8131819255669824,-0.501931821867934,1.2056488054346453,-0.3770889313302917,-0.631831516639035,0.5128406528513325,-0.4889131228956367,-0.500815074344771,-0.4891128012494936,1.0197309678508941,-1.126395165354675,19.2,35131.12,0.06000000000494765,-6.400000000000002,8.819999999999709
171,0.8272016603877553,-0.4526547120102707,1.195317927004799,-0.3770889313302917,-0.631831516639035,0.5289326562806712,-0.4337202196063824,-0.4506786170737631,-0.43278408562461074,1.0197309678508941,-1.1159613250794258,12.799999999999995,35131.18,0.0599999999976717,-6.400000000000004,8.87999999999738
172,0.8412213952085282,-0.4033776021526074,1.184987048574952,-0.3770889313302917,-0.631831516639035,0.5450246597100374,-0.3785273163171282,-0.4005272067149647,-0.3764135676133645,1.0197309678508941,-1.1055274848041754,6.399999999999999,35131.240000000005,0.06000000000494765,-6.399999999999998,8.940000000002328
173,0.83771646150334,-0.354100492294944,1.1746561701451053,-0.3770889313302917,-0.631831516639035,0.5611166631393945,-0.32333441302787397,-0.3503686313349334,-0.3200012472157545,1.0197309678508941,-1.0950936445289252,0.0,35131.3,0.0599999999976717,-6.399999999999999,9.0
174,0.8552411300292813,-0.354100492294944,1.1746561701451053,-0.3770889313302917,-0.631831516639035,0.5611166631393945,-0.32333441302787397,-0.3503608432683758,-0.3200012472157545,1.0197309678508941,-1.0950936445289252,0.0,35131.3,0.0,0.0,9.0
175,0.8727657985552424,-0.354100492294944,1.1746561701451053,-0.3770889313302917,-0.631831516639035,0.5611166631393945,-0.32333441302787397,-0.35035305520181825,-0.3200012472157545,1.0197309678508941,-1.0950936445289252,0.0,35131.3,0.0,0.0,9.0
176,0.566084099350992,0.015477831637531124,1.1746561701451053,-0.3005582322968808,-0.631831516639035,0.3599666202724771,0.24113846152131713,0.024611197278911225,0.2544846733344448,1.2506084673363085,-1.0950936445289252,22.0,35131.4,0.0999999999985448,22.0,9.099999999998543
177,0.9078151356071646,-0.3746326214023037,1.1746561701451053,-0.3770889313302917,-0.631831516639035,0.5611166631393945,-0.32333441302787397,-0.3712523318090553,-0.3200012472157545,1.0197309678508941,-1.0950936445289252,0.0,35131.3,-0.0999999999985448,-22.0,9.0
178,0.942864472659067,-0.3797656536791436,1.1746561701451053,-0.33882358181358624,-0.631831516639035,0.5812316674260862,-0.32333441302787397,-0.37647520394422523,-0.3200012472157545,1.1351697175936013,-1.0950936445289252,4.25,35131.4,0.0999999999985448,4.25,9.099999999998543
179,0.9779138097109893,-0.3848986859559836,1.1746561701451053,-0.3005582322968808,-0.631831516639035,0.601346671712778,-0.32333441302787397,-0.38170197011267387,-0.3200012472157545,1.2506084673363085,-1.0950936445289252,8.5,35131.5,0.0999999999985448,4.25,9.19999999999709
180,1.0129631467629117,-0.3900317182328235,1.1746561701451053,-0.2622928827801754,-0.631831516639035,0.6214616759994697,-0.32333441302787397,-0.3869326303144014,-0.3200012472157545,1.3660472170790157,-1.0950936445289252,12.75,35131.6,0.0999999999985448,4.25,9.299999999995633
181,0.25940240014674176,0.3850561555700062,1.1746561701451053,-0.2240275332634699,-0.631831516639035,0.1588165774055597,0.8056113360705082,0.3971222087940064,0.8236265388097586,1.4814859668217228,-1.0950936445289252,44.0,35131.5,-0.0999999999985448,31.25,9.19999999999709
182,0.6011334364028745,0.005211767083851261,1.1746561701451053,-0.2240275332634699,-0.631831516639035,0.3599666202724771,0.24113846152131713,0.014343605031075742,0.2544846733344448,1.4814859668217228,-1.0950936445289252,22.0,35131.6,0.0999999999985448,-22.0,9.299999999995633
183,1.048012483814814,-0.39516475050966343,1.1746561701451053,-0.2240275332634699,-0.631831516639035,0.6415766802861614,-0.32333441302787397,-0.3921671845494076,-0.3200012472157545,1.4814859668217228,-1.0950936445289252,17.0,35131.7,0.0999999999985448,-5.0,9.399999999994181
184,0.942864472659067,-0.3746326214023037,1.1746561701451053,-0.2240275332634699,-0.631831516639035,0.5611166631393945,-0.32333441302787397,-0.3712445437424978,-0.3200012472157545,1.4814859668217228,-1.0950936445289252,0.0,35131.7,0.0,-17.0,9.399999999994181
185,0.942864472659067,-0.3746326214023037,1.1746561701451053,-0.2240275332634699,-0.631831516639035,0.6415766802861614,-0.32333441302787397,-0.3712445437424978,-0.3200012472157545,1.4814859668217228,-1.0950936445289252,0.0,35131.7,0.0,0.0,9.399999999994181
186,0.5222724280360992,0.47129109782091716,1.1746561701451053,-0.2240275332634699,-0.631831516639035,0.4162886322752176,0.06301590999690572,0.48682438059743327,0.07371452874933541,1.4814859668217228,-1.0950936445289252,7.6,35131.8,0.0999999999985448,7.6,9.5
187,0.10168038341313128,1.3172148170441382,1.1746561701451053,-0.2240275332634699,-0.631831516639035,0.19100058426426467,0.4493662330216854,1.3371924647252398,0.4633336708507974,1.4814859668217228,-1.0950936445289252,15.2,35131.899999999994,0.0999999999985448,7.6,9.599999999991267
188,-0.3189116612098366,2.1631385362673585,1.1746561701451053,-0.2240275332634699,-0.631831516639035,-0.034287463746679174,0.8357165560464651,2.179859708640922,0.8488561790886321,1.4814859668217228,-1.0950936445289252,22.8,35131.999999999985,0.0999999999985448,7.600000000000001,9.699999999982538
189,-0.7395037058328044,3.00906225549058,1.1746561701451053,-0.2240275332634699,-0.631831516639035,-0.25957551175763216,1.2220668790712448,3.0148261123444806,1.230282053462838,1.4814859668217228,-1.0950936445289252,30.4,35132.099999999984,0.0999999999985448,7.599999999999998,9.799999999981084
190,0.942864472659067,-0.3746326214023037,1.1746561701451053,-0.2240275332634699,-0.631831516639035,0.5611166631393945,-0.32333441302787397,-0.3712445437424978,-0.3200012472157545,1.4814859668217228,-1.0950936445289252,0.0,35132.1,7.275957614183426e-12,-30.4,9.799999999995633
191,-1.1600957504557923,3.8549859747138004,1.1746561701451053,-0.2240275332634699,-0.631831516639035,-0.484863559768576,1.6084172020960246,3.842091675835913,1.6076112939734168,1.4814859668217228,-1.0950936445289252,38.0,35132.2,0.0999999999985448,38.0,9.899999999994181
192,0.34702574277652753,-0.046118555684548056,1.1746561701451053,-0.2240275332634699,-0.631831516639035,0.3197366116990936,0.027893153358289374,-0.03873304206707836,0.03712413992193218,1.4814859668217228,-1.0950936445289252,46.0,35132.3,0.10000000000582077,8.0,10.0
193,0.08415571488717014,0.6074875542330699,1.1746561701451053,-0.2240275332634699,-0.6092919898551155,0.17222658026335114,0.28295126704347956,0.6202373355574361,0.2943605608314922,1.4045268003265858,-1.0950936445289252,45.33333333333334,35132.36666666667,0.06666666666569654,-0.6666666666666572,10.066666666665697
194,-0.1787143130021873,1.2610936641506878,1.1746561701451053,-0.2240275332634699,-0.5867524630711953,0.024716548827608667,0.5380093807286696,1.2754889114007113,0.5498261862075963,1.327567633831447,-1.0950936445289252,44.66666666666667,35132.43333333333,0.06666666666569654,-0.6666666666666714,10.133333333324117
195,-0.4415843408915447,1.914699774068306,1.1746561701451053,-0.2240275332634699,-0.5642129362872753,-0.12279348260812466,0.7930674944138595,1.9270216854627475,0.8035210160502446,1.2506084673363085,-1.0950936445289252,44.0,35132.5,0.06666666666569654,-0.6666666666666714,10.19999999999709
196,-0.7044543687809021,2.5683058839859236,1.1746561701451053,-0.2240275332634699,-0.5416734095033557,-0.27030351404386715,1.0481256080990498,2.5748356577435434,1.0554450503594373,1.1736493008411715,-1.0950936445289252,43.33333333333334,35132.566666666666,0.06666666666569654,-0.6666666666666572,10.266666666662788
197,-0.9673243966702595,3.221911993903541,1.1746561701451053,-0.2240275332634699,-0.5191338827194356,-0.4178135454796096,1.30318372178424,3.2189308282431,1.3055982891351734,1.0966901343460327,-1.0950936445289252,42.66666666666667,35132.63333333333,0.06666666666569654,-0.6666666666666714,10.333333333328484
198,0.9253398041331258,-0.3746326214023037,1.1746561701451053,-0.2240275332634699,-0.49659435593551554,0.5611166631393945,-0.32333441302787397,-0.37124843777577654,-0.3200012472157545,1.0197309678508941,-1.0950936445289252,0.0,35132.6,-0.03333333333284827,-42.66666666666667,10.299999999995633
199,-1.230194424559617,3.87551810382116,1.1746561701451053,-0.2240275332634699,-0.49659435593551554,-0.565323576915343,1.5582418354694296,3.8593071969614194,1.5539807323774537,1.0197309678508941,-1.0950936445289252,42.0,35132.7,0.0999999999985448,42.0,10.399999999994181
200,0.11920505193909242,0.3850561555700062,1.1746561701451053,-0.2240275332634699,-0.49659435593551554,0.1588165774055597,0.3791207197444527,0.3959384226772558,0.3915893752001202,1.0197309678508941,-1.0950936445289252,50.0,35132.8,0.10000000000582077,8.0,10.5
201,0.5397970965620603,0.005211767083851261,1.1488289740704882,-0.2240275332634699,-0.49659435593551554,0.4001966288458606,0.027893153358289374,0.014077837259798805,0.03778917788680682,1.0197309678508941,-1.0690090438408002,25.0,35132.9,0.0999999999985448,-25.0,10.599999999998543
202,1.2407838376003468,-0.8468715908715775,1.1230017779958712,-0.2240275332634699,-0.49659435593551554,0.7220366974329284,-0.9003511292337137,-0.8539216507476889,-0.912170052224853,1.0197309678508941,-1.042924443152675,9.0,35133.0,0.0999999999985448,-16.0,10.69999999999709
203,0.9895969220616367,-0.7373669022989922,1.1230017779958712,-0.17300706724119566,-0.49659435593551554,0.6147566745705694,-0.7916378348760917,-0.7410509328102949,-0.7994197267831685,1.1736493008411715,-1.042924443152675,17.666666666666664,35133.03333333333,0.03333333333284827,8.666666666666664,10.733333333329938
204,0.7384100065229068,-0.627862213726407,1.1230017779958712,-0.12198660121892137,-0.49659435593551554,0.5074766517082104,-0.6829245405184698,-0.6287755692941907,-0.6872183215664597,1.3275676338314488,-1.042924443152675,26.33333333333333,35133.066666666666,0.03333333333284827,8.666666666666664,10.766666666662786
205,0.9603891411850282,-0.3746326214023037,1.1230017779958712,-0.2240275332634699,-0.49659435593551554,0.6415766802861614,-0.32333441302787397,-0.371240649709219,-0.3200012472157545,1.0197309678508941,-1.042924443152675,0.0,35133.0,-0.06666666666569654,-26.33333333333333,10.69999999999709
206,0.4872230909841968,-0.5183575251538218,1.1230017779958712,-0.07096613519664818,-0.49659435593551554,0.4001966288458606,-0.5742112461608477,-0.5170955601993761,-0.5755658365747269,1.4814859668217228,-1.042924443152675,35.0,35133.1,0.0999999999985448,35.0,10.799999999995633
207,0.10168038341313128,0.5955104789204434,1.1230017779958712,-0.07096613519664818,-0.49659435593551554,0.2593915988390184,0.1282438866114789,0.6083316533103256,0.13851867820942781,1.4814859668217228,-1.042924443152675,34.0,35133.325,0.2249999999985448,-1.0,11.024999999994181
208,-0.2838623241579342,1.7093784829947087,1.1230017779958712,-0.07096613519664818,-0.49659435593551554,0.11858656883217622,0.8306990193838056,1.724463809383568,0.84794792723946,1.4814859668217228,-1.042924443152675,33.0,35133.55,0.2250000000058208,-1.0,11.25
209,-0.6694050317289798,2.823246487068974,1.1230017779958712,-0.07096613519664818,-0.49659435593551554,-0.02221846117466596,1.5331541521561323,2.831300908020352,1.5527219105153696,1.4814859668217228,-1.042924443152675,32.0,35133.775,0.2249999999985448,-1.0,11.474999999998545
210,0.13672972046505358,0.46718467199944513,1.1230017779958712,-0.07096613519664818,-0.49659435593551554,0.1588165774055597,0.47947145299764227,0.4790604570461926,0.4932451784023881,1.4814859668217228,-1.042924443152675,47.0,35133.5,-0.2750000000014552,15.0,11.19999999999709
211,0.08853688201869529,0.5980769950588634,1.1230017779958712,-0.07096613519664818,-0.49659435593551554,0.13870157311886797,0.6111817903924535,0.6107823388166209,0.6262260511019435,1.4814859668217228,-1.042924443152675,45.75,35133.5625,0.0625,-1.25,11.26249999999709
212,0.04034404357231708,0.7289693181182817,1.1230017779958712,-0.07096613519664818,-0.49659435593551554,0.11858656883217622,0.7428921277872648,0.742367686045212,0.759082229183085,1.4814859668217228,-1.042924443152675,44.5,35133.625,0.0625,-1.25,11.32499999999709
213,-0.007848794874100975,0.8598616411776999,1.1230017779958712,-0.07096613519664818,-0.49659435593551554,0.09847156454548447,0.874602465182076,0.8738164987319648,0.8918137126458124,1.4814859668217228,-1.042924443152675,43.25,35133.6875,0.0625,-1.25,11.38749999999709
214,-0.056041633320479185,0.9907539642371181,1.1230017779958712,-0.07096613519664818,-0.49659435593551554,0.07835656025879274,1.0063128025768873,1.0051287768768806,1.024420501490126,1.4814859668217228,-1.042924443152675,42.0,35133.75,0.0625,-1.25,11.44999999999709
215,-0.10423447176685739,1.1216462872965365,1.1230017779958712,-0.07096613519664818,-0.49659435593551554,0.058241555972101,1.1380231399716985,1.1363045204799593,1.1569025957160253,1.4814859668217228,-1.042924443152675,40.75,35133.8125,0.0625,-1.25,11.51249999999709
216,-0.15242731021325553,1.2525386103559548,1.1230017779958712,-0.07096613519664818,-0.49659435593551554,0.03812655168540926,1.2697334773665097,1.2673437295412004,1.2892599953235109,1.4814859668217228,-1.042924443152675,39.5,35133.875,0.0625,-1.25,11.57499999999709
217,-0.20062014865963373,1.3834309334153732,1.1230017779958712,-0.07096613519664818,-0.49659435593551554,0.01801154739871752,1.401443814761321,1.3982464040606044,1.4214927003125823,1.4814859668217228,-1.042924443152675,38.25,35133.9375,0.0625,-1.25,11.63749999999709
218,-1.0549477393000453,3.937114491143239,1.1230017779958712,-0.07096613519664818,-0.49659435593551554,-0.16302349118150813,2.2356092849284592,3.9288429492206762,2.252840628037157,1.4814859668217228,-1.042924443152675,31.0,35134.0,0.0625,-7.25,11.69999999999709
219,-0.24881298710601193,1.5143232564747915,1.1230017779958712,-0.07096613519664818,-0.49659435593551554,-0.00210345688797422,1.5331541521561323,1.5290125440381706,1.5536007106832397,1.4814859668217228,-1.042924443152675,37.0,35134.0,0.0,6.0,11.69999999999709
220,0.3207387399875958,0.5698453175362438,1.1230017779958712,-0.07096613519664818,-0.49659435593551554,0.27950660312571013,0.6049098695641292,0.5846997388497013,0.6229513329088331,1.4814859668217228,-1.042924443152675,18.5,35134.1,0.0999999999985448,-18.5,11.799999999995634
221,0.9603891411850282,-0.5388896542611815,1.1230017779958712,-0.07096613519664818,-0.49659435593551554,0.6415766802861614,-0.5491235628475504,-0.5386529284307278,-0.5512919508568023,1.4814859668217228,-1.042924443152675,6.0,35134.2,0.0999999999985448,-12.5,11.899999999994181
222,0.8902904670812035,-0.3746326214023037,1.1230017779958712,-0.07096613519664818,-0.49659435593551554,0.5611166631393945,-0.32333441302787397,-0.37125622584233414,-0.3200012472157545,1.4814859668217228,-1.042924443152675,0.0,35134.2,0.0,-6.0,11.899999999994181
223,0.9078151356071646,-0.3746326214023037,1.1230017779958712,-0.07096613519664818,-0.49659435593551554,0.5611166631393945,-0.32333441302787397,-0.3712523318090553,-0.3200012472157545,1.4814859668217228,-1.042924443152675,0.0,35134.2,0.0,0.0,11.899999999994181
224,0.8902904670812035,-0.3900317182328235,1.1230017779958712,-0.07096613519664818,-0.49659435593551554,0.5611166631393945,-0.32333441302787397,-0.3869394448726392,-0.3200012472157545,1.4814859668217228,-1.042924443152675,7.0,35134.274999999994,0.07499999999708963,7.0,11.974999999991267
225,0.8727657985552822,-0.4054308150633433,1.1230017779958712,-0.07096613519664818,-0.49659435593551554,0.5611166631393945,-0.32333441302787397,-0.40262071688630496,-0.3200012472157545,1.4814859668217228,-1.042924443152675,14.0,35134.35,0.07500000000436557,7.0,12.049999999995634
226,0.8552411300293211,-0.4208299118938631,1.1230017779958712,-0.07096613519664818,-0.49659435593551554,0.5611166631393945,-0.32333441302787397,-0.4182961478500524,-0.3200012472157545,1.4814859668217228,-1.042924443152675,21.0,35134.425,0.07500000000436557,7.0,12.125
227,-0.38901033531366125,1.6169839020115901,1.1230017779958712,-0.07096613519664818,-0.49659435593551554,0.07835656025879274,0.8306990193838056,1.6292488546673665,0.8468553648685945,1.4814859668217228,-1.042924443152675,40.0,35134.4,-0.02500000000145519,19.0,12.099999999998545
228,0.83771646150334,-0.43622900872438286,1.1230017779958712,-0.07096613519664818,-0.49659435593551554,0.5611166631393945,-0.32333441302787397,-0.43396573776388175,-0.3200012472157545,1.4814859668217228,-1.042924443152675,28.0,35134.5,0.0999999999985448,-12.0,12.19999999999709
229,0.5397970965620603,-0.1487792012213467,1.1230017779958712,-0.07096613519664818,-0.49659435593551554,0.5611166631393945,-0.32333441302787397,-0.1421702480514344,-0.3200012472157545,1.4814859668217228,-1.042924443152675,22.0,35134.6,0.0999999999985448,-6.0,12.299999999995634
230,1.2407838376003468,-1.1959177856966927,1.1230017779958712,-0.07096613519664818,-0.49659435593551554,0.7220366974329284,-1.377017112186364,-1.2107319200827245,-1.4013529781019345,1.4814859668217228,-1.042924443152675,13.0,35134.7,0.0999999999985448,-9.0,12.399999999994181
231,0.7676177873994954,-0.16931133032870643,1.1057836472794609,-0.07096613519664818,-0.4515153023676759,0.4538366402770355,-1.0174269846957682,-0.16244647933406609,-1.027939438903905,1.327567633831447,-1.0255347093605927,21.0,35134.8,0.0999999999985448,8.0,12.5
232,0.29445173719862416,0.85729512503928,1.088565516563049,-0.07096613519664818,-0.4064362487998362,0.1856365831211426,-0.6578368572051724,0.8753250715618733,-0.6590650477200996,1.1736493008411715,-1.008144975568509,29.0,35134.899999999994,0.0999999999985448,8.0,12.599999999991267
233,1.0129631467629117,-0.9084679781936567,1.0713473858466371,-0.07096613519664818,-0.36135719523199605,0.5611166631393945,-0.7498250293539295,-0.9156226080500314,-0.7560761413264175,1.0197309678508941,-0.9907552417764248,36.0,35134.9,7.275957614183426e-12,7.0,12.599999999998545
234,-0.1787143130021873,1.8839015804072665,1.0713473858466371,-0.07096613519664818,-0.36135719523199605,-0.08256347403474118,-0.2982467297145766,1.9025827326050955,-0.29472980455051784,1.0197309678508941,-0.9907552417764248,37.0,35135.0,0.0999999999985448,1.0,12.69999999999709
235,0.2418777316207806,1.0078640718265848,1.0713473858466371,-0.07096613519664818,-0.36135719523199605,0.1588165774055597,-0.46549795180322573,1.0269029129607516,-0.46401363508563387,1.0197309678508941,-0.9907552417764248,27.333333333333336,35135.166666666664,0.16666666666424135,-9.666666666666664,12.866666666661331
236,0.6624697762437683,0.131826563245903,1.0713473858466371,-0.07096613519664818,-0.36135719523199605,0.4001966288458606,-0.632749173891875,0.14324811316145672,-0.6351975740918204,1.0197309678508941,-0.9907552417764248,17.666666666666668,35135.33333333333,0.16666666666424135,-9.666666666666668,13.033333333325572
237,0.04910637783526777,0.8778272541466396,1.0713473858466371,-0.07096613519664818,-0.36135719523199605,0.1588165774055597,0.6299975528774265,0.8927236122514837,0.6457288832057898,1.0197309678508941,-0.9907552417764248,38.0,35135.2,-0.13333333333139308,20.33333333333333,12.899999999994181
238,0.32950107425060626,0.4603406289636587,1.0713473858466371,-0.07096613519664818,-0.36135719523199605,0.2929166059835107,0.3122202309089931,0.4739307172069406,0.3258245097847384,1.0197309678508941,-0.9907552417764248,25.333333333333336,35135.3,0.0999999999985448,-12.666666666666664,13.0
239,0.6098957706659248,0.042854003780677476,1.0713473858466371,-0.07096613519664818,-0.36135719523199605,0.4270166345614526,-0.005557091059440437,0.05260410450900121,0.003914466310890236,1.0197309678508941,-0.9907552417764248,12.666666666666668,35135.399999999994,0.0999999999985448,-12.666666666666668,13.099999999991267
240,1.0830618208667362,-0.7442109453347788,1.0713473858466371,-0.07096613519664818,-0.36135719523199605,0.6415766802861614,-0.8000003959805242,-0.7483816667927891,-0.8082816215690775,1.0197309678508941,-0.9907552417764248,8.0,35135.5,0.10000000000582077,-4.666666666666668,13.19999999999709
241,0.8902904670812035,-0.3746326214023037,1.0713473858466371,-0.07096613519664818,-0.36135719523199605,0.5611166631393945,-0.32333441302787397,-0.37125622584233414,-0.3200012472157545,1.0197309678508941,-0.9907552417764248,0.0,35135.5,0.0,-8.0,13.19999999999709
242,0.9078151356071646,-0.3746326214023037,1.0713473858466371,-0.07096613519664818,-0.36135719523199605,0.5611166631393945,-0.32333441302787397,-0.3712523318090553,-0.3200012472157545,1.0197309678508941,-0.9907552417764248,0.0,35135.5,0.0,0.0,13.19999999999709
243,0.9253398041331258,-0.3746326214023037,1.0713473858466371,-0.07096613519664818,-0.36135719523199605,0.5611166631393945,-0.32333441302787397,-0.37124843777577654,-0.3200012472157545,1.0197309678508941,-0.9907552417764248,0.0,35135.5,0.0,0.0,13.19999999999709
244,0.44633219775696076,0.371368069498433,1.0541292551302268,-0.07096613519664818,-0.36135719523199605,0.37337662313026854,0.20350693655137106,0.384825717040333,0.21635187145565019,1.0197309678508941,-0.9733655079843424,16.333333333333332,35135.7,0.1999999999970896,16.333333333333332,13.399999999994181
245,-0.03267540861922422,1.1173687603991695,1.036911124413815,-0.07096613519664818,-0.36135719523199605,0.1856365831211426,0.7303482861306161,1.1331654564240476,0.7480497243729323,1.0197309678508941,-0.9559757741922587,32.666666666666664,35135.9,0.2000000000043656,16.333333333333332,13.599999999998545
246,-0.020992296268576814,0.5287810593215243,1.0713473858466371,-0.07096613519664818,-0.36135719523199605,0.07835656025879274,0.45438376968434485,0.5397139193965419,0.46635864353674156,1.0197309678508941,-0.9907552417764248,53.0,35135.7,-0.2000000000043656,20.333333333333336,13.399999999994181
247,0.5982126583152375,-0.6210181706906205,1.0541292551302268,-0.07096613519664818,-0.36135719523199605,0.4001966288458606,0.06970595888045171,-0.6214738242261051,0.08038327611330227,1.0197309678508941,-0.9733655079843424,46.0,35135.93333333333,0.23333333333721384,-7.0,13.633333333324115
248,1.217417612899072,-1.770817400702765,1.036911124413815,-0.07096613519664818,-0.36135719523199605,0.7220366974329284,-0.31497185192344146,-1.798071555543996,-0.3114190906214197,1.0197309678508941,-0.9559757741922587,39.0,35136.16666666667,0.23333333333721384,-7.0,13.866666666668609
249,-0.5116830149953694,1.8633694512999068,1.019692993697403,-0.07096613519664818,-0.36135719523199605,-0.00210345688797422,1.257189635709861,1.8737707803753676,1.275092311536092,1.0197309678508941,-0.9385860404001746,49.0,35136.1,-0.0666666666729725,10.0,13.799999999995634
250,-0.6518803632030187,2.7051867447016558,1.019692993697403,-0.07096613519664818,-0.36135719523199605,-0.20325349975489163,1.4704349438728888,2.7136436660101944,1.4818122375106102,1.0197309678508941,-0.9385860404001746,38.0,35136.35,0.25,-11.0,14.049999999995634
251,1.8366225674828862,-2.92061663071491,1.019692993697403,-0.07096613519664818,-0.36135719523199605,1.0438767660199963,-0.6996496627273346,-2.99007927455713,-0.7090484566674244,1.0197309678508941,-0.9385860404001746,32.0,35136.4,0.05000000000291038,-6.0,14.099999999998545
252,1.5795940957688426,-2.475753833388782,1.019692993697403,-0.07096613519664818,-0.36135719523199605,0.9365967431576373,-0.6787432599662535,-2.5266650848413574,-0.686537449364326,1.0197309678508941,-0.9385860404001746,34.5,35136.46666666667,0.06666666666569654,2.5,14.16666666666424
253,1.3225656240548187,-2.0308910360626546,1.019692993697403,-0.07096613519664818,-0.36135719523199605,0.8293167202952783,-0.6578368572051724,-2.0657257696094353,-0.664132003642954,1.0197309678508941,-0.9385860404001746,37.0,35136.53333333333,0.06666666666569654,2.5,14.233333333329938
254,1.065537152340775,-1.5860282387365274,1.019692993697403,-0.07096613519664818,-0.36135719523199605,0.7220366974329284,-0.6369304544440912,-1.6072613288613633,-0.6418321195033081,1.0197309678508941,-0.9385860404001746,39.5,35136.6,0.06666666666569654,2.5,14.299999999995634
255,0.8085086806267314,-1.1411654414104002,1.019692993697403,-0.07096613519664818,-0.36135719523199605,0.6147566745705694,-0.61602405168301,-1.1512717625971403,-0.6196377969453882,1.0197309678508941,-0.9385860404001746,42.0,35136.66666666667,0.0666666666729725,2.5,14.366666666668609
256,0.5514802089127077,-0.6963026440842724,1.019692993697403,-0.07096613519664818,-0.36135719523199605,0.5074766517082104,-0.5951176489219289,-0.6977570708167671,-0.5975490359691945,1.0197309678508941,-0.9385860404001746,44.5,35136.73333333334,0.06666666666569654,2.5,14.433333333334305
257,-0.792077711410688,3.5470040381034043,1.019692993697403,-0.07096613519664818,-0.36135719523199605,-0.404403542621809,1.6836802520359166,3.5509620658141374,1.6865132982346163,1.0197309678508941,-0.9385860404001746,27.0,35136.6,-0.13333333333866906,-17.5,14.299999999995634
258,-0.12614030742430385,1.3295340945085539,1.019692993697403,-0.07096613519664818,-0.36135719523199605,0.23927659455232667,0.3038576698045606,1.345381616710524,0.3165350905928384,1.0197309678508941,-0.9385860404001746,38.0,35136.85,0.25,11.0,14.549999999995634
259,0.294451737198664,-0.25143984675814535,1.019692993697403,-0.07096613519664818,-0.36135719523199605,0.4001966288458606,-0.5742112461608477,-0.24671725352024412,-0.5755658365747269,1.0197309678508941,-0.9385860404001746,47.0,35136.8,-0.049999999995634425,9.0,14.5
260,0.06663104636120899,0.35425796190896663,1.019692993697403,-0.07096613519664818,-0.36135719523199605,0.19904658597894317,0.07806851998488414,0.36440259416901855,0.08700198728753088,1.0197309678508941,-0.9385860404001746,50.5,35137.0,0.1999999999970896,3.5,14.69999999999709
261,0.5397970965620603,-0.8879358490862969,1.019692993697403,-0.07096613519664818,-0.36135719523199605,0.8829567317264624,-1.0759649124267954,-0.8921610575453539,-1.0952455034124886,1.0197309678508941,-0.9385860404001746,49.0,35137.1,0.0999999999985448,-1.5,14.799999999995634
262,-0.16118964447622613,0.9599557705760786,1.019692993697403,-0.07096613519664818,-0.36135719523199605,-0.00210345688797422,0.7303482861306161,0.9725357183334534,0.7433944586188097,1.0197309678508941,-0.9385860404001746,54.0,35137.2,0.0999999999985448,5.0,14.899999999994181
263,0.18346216986760336,0.5150929732499511,1.019692993697403,-0.07096613519664818,-0.36135719523199605,0.18563658312115172,0.3791207197444527,0.5279223539580177,0.3920327338433701,1.0197309678508941,-0.9385860404001746,36.0,35137.43333333333,0.23333333333721384,-18.0,15.133333333324115
264,0.5281139842114129,0.07023017592382369,1.019692993697403,-0.07096613519664818,-0.36135719523199605,0.3733766231302777,0.027893153358289374,0.07999040788832881,0.03756749856518197,1.0197309678508941,-0.9385860404001746,18.0,35137.66666666667,0.23333333333721384,-18.0,15.366666666668609
265,0.8026671244514177,-0.6826145580126997,1.019692993697403,-0.07096613519664818,-0.36135719523199605,0.48065664599262753,-0.7247373460406321,-0.684648024118921,-0.7296646335785386,1.0197309678508941,-0.9385860404001746,45.0,35137.6,-0.0666666666729725,27.0,15.299999999995634
266,0.8245729601088642,-0.6056190738601006,1.019692993697403,-0.07096613519664818,-0.36135719523199605,0.5007716502793192,-0.6243866127874426,-0.6063548343927572,-0.6273912951231728,1.0197309678508941,-0.9385860404001746,33.75,35137.675,0.07500000000436557,-11.25,15.375
267,0.8464787957663106,-0.5286235897075017,1.019692993697403,-0.07096613519664818,-0.36135719523199605,0.520886654566011,-0.524035879534253,-0.5280251381046048,-0.5250229512442536,1.0197309678508941,-0.9385860404001746,22.5,35137.75,0.07499999999708963,-11.25,15.44999999999709
268,0.8683846314237571,-0.4516281055549027,1.019692993697403,-0.07096613519664818,-0.36135719523199605,0.5410016588527028,-0.4236851462810635,-0.44965893525446377,-0.4225596019417809,1.0197309678508941,-0.9385860404001746,11.25,35137.825,0.07499999999708963,-11.25,15.524999999994181
269,0.8727657985552424,-0.3746326214023037,1.019692993697403,-0.07096613519664818,-0.36135719523199605,0.5611166631393945,-0.32333441302787397,-0.3712601198756129,-0.3200012472157545,1.0197309678508941,-0.9385860404001746,0.0,35137.9,0.07500000000436557,-11.25,15.599999999998545
270,0.8902904670812035,-0.3746326214023037,1.019692993697403,-0.07096613519664818,-0.36135719523199605,0.5611166631393945,-0.32333441302787397,-0.37125622584233414,-0.3200012472157545,1.0197309678508941,-0.9385860404001746,0.0,35137.9,0.0,0.0,15.599999999998545
271,0.5573217650880214,0.03600996074489085,0.993865797622786,-0.07096613519664818,-0.42897577558375577,0.4001966288458606,0.052980836671586755,0.045409229020899944,0.06334563682270407,1.2506084673363085,-0.9125014397120494,23.0,35138.10000000001,0.2000000000043656,23.0,15.800000000010185
272,0.9253398041331258,-0.3746326214023037,1.019692993697403,-0.07096613519664818,-0.36135719523199605,0.5611166631393945,-0.32333441302787397,-0.37124843777577654,-0.3200012472157545,1.0197309678508941,-0.9385860404001746,0.0,35137.9,-0.2000000000043656,-23.0,15.599999999998545
273,0.22435306309483938,0.4466525428920854,0.968038601548169,-0.07096613519664818,-0.49659435593551554,0.23927659455232667,0.4292960863710475,0.4591152185922577,0.44384235815455697,1.4814859668217228,-0.8864168390239243,46.0,35138.3,0.4000000000014552,46.0,16.0
274,0.20682839456887822,0.5698453175362438,0.968038601548169,-0.07096613519664818,-0.49659435593551554,0.23927659455232667,0.529646819624237,0.5835101116830327,0.5456881722039318,1.4814859668217228,-0.8864168390239243,46.0,35138.4,0.0999999999985448,0.0,16.099999999998545
275,0.399599748354411,0.07707421895961031,0.968038601548169,-0.07096613519664818,-0.49659435593551554,0.3197366116990936,0.07806851998488414,0.08627710828174462,0.08814205237017313,1.4814859668217228,-0.8864168390239243,46.0,35138.5,0.0999999999985448,0.0,16.19999999999709
276,-0.4415843408915447,2.766783132023735,0.968038601548169,-0.07096613519664818,-0.49659435593551554,-0.16302349118150813,0.6049098695641292,2.782544690845009,0.6132845310622623,1.4814859668217228,-0.8864168390239243,37.0,35138.7,0.1999999999970896,-9.0,16.39999999999418
