,total_voltage,total_current,soc,temp_max,temp_min,motor_voltage,motor_current,milediff
0,558.8,1.0,100,34.0,32.0,563.0,0.0,0.0
1,558.1,9.0,100,34.0,32.0,562.0,7.0,0.0
2,552.8,1.0,100,34.0,32.0,557.0,0.0,0.02226962583742802
3,536.9,128.0,100,34.0,32.0,540.0,10.0,0.0
4,539.9,0.0,99,34.0,32.0,544.0,0.0,0.0
5,535.9,63.0,99,34.0,32.0,539.0,47.0,0.176956773055745
6,536.5,35.0,99,34.0,32.0,540.0,21.0,0.0
7,535.9,39.0,99,34.0,32.0,539.0,29.0,0.0
8,536.9,3.0,99,34.0,32.0,541.0,0.0,0.2101605828822217
9,535.0,46.0,99,34.0,32.0,539.0,31.0,0.0
10,535.3,26.0,99,34.0,32.0,539.0,16.0,0.0
11,536.7,2.0,99,34.0,32.0,541.0,0.0,0.2705301994409973
12,529.6,173.0,99,34.0,32.0,532.0,49.0,0.0
13,529.1,123.0,99,34.0,32.0,532.0,100.0,0.0
14,533.4,42.0,99,34.0,32.0,537.0,28.0,0.3125270752181905
15,532.9,63.0,99,34.0,32.0,536.0,37.0,0.0
16,533.9,46.0,99,34.0,32.0,538.0,24.0,0.0
17,536.2,9.0,98,34.0,32.0,540.0,0.0,0.2841273396073759
18,527.9,161.0,98,34.0,32.0,532.0,5.0,0.0
19,533.2,40.0,98,34.0,32.0,537.0,26.0,0.0
20,533.2,60.0,98,34.0,32.0,537.0,31.0,0.3176348786437158
21,534.3,16.0,98,34.0,32.0,538.0,0.0,0.0
22,536.2,4.0,98,34.0,32.0,540.0,0.0,0.0
23,536.4,9.0,98,34.0,32.0,540.0,0.0,0.0263430518933758
24,536.5,15.0,98,34.0,32.0,540.0,7.0,0.0
25,535.8,7.0,98,34.0,32.0,539.0,4.0,0.0
26,536.5,1.0,98,34.0,32.0,540.0,7.0,0.12737903088490463
27,534.9,43.0,98,34.0,32.0,538.0,28.0,0.0
28,536.6,-4.0,98,34.0,32.0,541.0,-15.0,0.0
29,536.7,6.0,98,34.0,32.0,541.0,0.0,0.26599117720004045
30,534.8,52.0,98,34.0,32.0,538.0,38.0,0.0
31,536.5,7.0,98,34.0,32.0,540.0,0.0,0.0
32,534.8,44.0,98,34.0,32.0,538.0,30.0,0.23968959952227503
33,533.7,70.0,97,34.0,32.0,537.0,55.0,0.0
34,534.8,44.0,97,34.0,32.0,538.0,31.0,0.0
35,536.0,6.0,97,34.0,32.0,540.0,-2.0,0.3049678063557644
36,537.4,-4.0,97,34.0,32.0,541.0,-7.0,0.0
37,534.3,61.0,97,34.0,32.0,538.0,50.0,0.0
38,536.9,-6.0,97,34.0,32.0,541.0,-8.0,0.3009246753182661
39,535.9,41.0,97,34.0,32.0,539.0,35.0,0.0
40,536.0,36.0,97,34.0,32.0,539.0,39.0,0.0
41,537.6,-8.0,97,34.0,32.0,542.0,-11.0,0.29024064614275735
42,536.0,27.0,97,34.0,32.0,540.0,20.0,0.0
43,528.5,190.0,97,34.0,32.0,530.0,58.0,0.0
44,533.9,44.0,97,34.0,32.0,537.0,32.0,0.2702969866697545
45,536.7,-14.0,97,34.0,32.0,541.0,-18.0,0.0
46,534.4,44.0,97,34.0,32.0,538.0,32.0,0.0
47,534.9,40.0,97,34.0,32.0,538.0,34.0,0.334275703804724
48,532.4,85.0,97,34.0,32.0,536.0,73.0,0.0
49,536.6,-9.0,97,34.0,32.0,541.0,-17.0,0.0
50,538.2,-10.0,97,34.0,32.0,542.0,-14.0,0.3271483205906101
51,542.0,-70.0,97,34.0,32.0,546.0,-73.0,0.0
52,538.3,2.0,97,34.0,32.0,542.0,0.0,0.0
53,536.2,4.0,97,34.0,32.0,541.0,0.0,0.10972902402560424
54,533.6,85.0,96,34.0,32.0,536.0,87.0,0.0
55,534.0,12.0,96,34.0,32.0,538.0,-3.0,0.0
56,532.0,92.0,96,34.0,32.0,534.0,103.0,0.27217923879225314
57,533.6,46.0,96,34.0,32.0,537.0,26.0,0.0
58,534.1,41.0,96,34.0,32.0,538.0,31.0,0.0
59,534.9,28.0,96,34.0,32.0,539.0,21.0,0.3522217988352858
60,532.8,71.0,96,34.0,32.0,536.0,56.0,0.0
61,533.1,58.0,96,34.0,32.0,537.0,43.0,0.0
62,532.9,59.0,96,34.0,32.0,536.0,47.0,0.34821191929526474
63,532.9,63.0,96,34.0,32.0,536.0,45.0,0.0
64,533.1,59.0,96,34.0,32.0,537.0,43.0,0.0
65,533.2,59.0,95,34.0,32.0,537.0,47.0,0.3543869686038326
66,533.1,51.0,95,34.0,32.0,537.0,38.0,0.0
67,534.1,43.0,95,34.0,32.0,537.0,31.0,0.0
68,534.2,41.0,95,34.0,32.0,538.0,31.0,0.35529553819104087
69,533.3,56.0,95,34.0,32.0,537.0,42.0,0.0
70,533.9,48.0,95,34.0,32.0,537.0,36.0,0.0
71,533.3,59.0,95,34.0,32.0,537.0,43.0,0.35256320455135065
72,533.2,58.0,95,34.0,32.0,537.0,42.0,0.0
73,533.1,56.0,95,34.0,32.0,537.0,44.0,0.0
74,537.5,-14.0,95,34.0,32.0,541.0,-15.0,0.3524132262799311
75,533.0,57.0,95,34.0,32.0,537.0,32.0,0.0
76,533.3,52.0,94,34.0,32.0,536.0,50.0,0.0
77,534.2,41.0,94,34.0,32.0,537.0,45.0,0.3543869686038326
78,533.5,49.0,94,34.0,32.0,537.0,36.0,0.0
79,533.3,53.0,94,34.0,32.0,537.0,40.0,0.0
80,533.5,50.0,94,34.0,32.0,537.0,38.0,0.3520300014070222
81,533.5,64.0,94,34.0,32.0,536.0,58.0,0.0
82,534.9,-1.0,94,34.0,32.0,540.0,2.0,0.0
83,542.4,-146.0,94,34.0,32.0,544.0,-46.0,0.3244967689046324
84,533.5,64.0,94,34.0,32.0,536.0,74.0,0.0
85,543.2,-130.0,94,34.0,32.0,548.0,-31.0,0.0
86,538.0,2.0,94,34.0,32.0,542.0,0.0,0.2634503215671464
87,536.8,30.0,94,34.0,32.0,539.0,39.0,0.0
88,530.0,125.0,94,34.0,32.0,533.0,2.0,0.0
89,533.6,53.0,93,34.0,32.0,536.0,48.0,0.2426998137696995
90,533.1,55.0,93,34.0,32.0,536.0,42.0,0.0
91,532.4,75.0,93,34.0,32.0,536.0,59.0,0.0
92,532.8,65.0,93,34.0,32.0,536.0,50.0,0.350364255695078
93,534.0,40.0,93,34.0,32.0,539.0,-3.0,0.0
94,532.5,61.0,93,34.0,32.0,537.0,23.0,0.0
95,533.3,77.0,93,34.0,32.0,535.0,79.0,0.3163270819246257
96,532.6,68.0,93,34.0,32.0,537.0,39.0,0.0
97,533.7,49.0,93,34.0,32.0,537.0,36.0,0.0
98,535.4,9.0,93,34.0,32.0,538.0,42.0,0.34024405408161934
99,536.6,-16.0,93,34.0,32.0,540.0,-17.0,0.0
100,535.8,-16.0,92,34.0,32.0,540.0,-19.0,0.0
101,531.4,80.0,92,34.0,32.0,535.0,60.0,0.3336188482269471
102,532.9,69.0,92,34.0,32.0,536.0,67.0,0.0
103,535.0,-4.0,92,34.0,32.0,540.0,-17.0,0.0
104,531.8,90.0,92,34.0,32.0,535.0,53.0,0.3394736263773859
105,538.2,0.0,92,34.0,32.0,542.0,0.0,0.0
106,536.9,0.0,92,34.0,32.0,539.0,25.0,0.0
107,528.7,149.0,92,34.0,32.0,529.0,59.0,0.09648786056781984
108,535.4,-15.0,92,35.0,32.0,540.0,-16.0,0.0
109,537.7,1.0,92,35.0,32.0,541.0,0.0,0.0
110,537.4,-9.0,92,35.0,32.0,541.0,-8.0,0.2446924918715237
111,528.2,156.0,92,35.0,32.0,531.0,5.0,0.0
112,533.4,48.0,91,35.0,32.0,536.0,47.0,0.0
113,531.9,79.0,91,35.0,32.0,533.0,1.0,0.26830431068745064
114,542.7,-128.0,91,35.0,32.0,547.0,-26.0,0.0
115,541.5,-120.0,91,35.0,32.0,546.0,-22.0,0.0
116,526.0,213.0,91,35.0,32.0,529.0,66.0,0.28228672968308727
117,531.1,89.0,91,35.0,32.0,534.0,75.0,0.0
118,532.9,64.0,91,35.0,32.0,536.0,60.0,0.0
119,533.1,58.0,91,35.0,32.0,536.0,46.0,0.32250971747629803
120,533.4,38.0,91,35.0,32.0,537.0,27.0,0.0
121,541.0,-128.0,90,35.0,32.0,547.0,-41.0,0.0
122,530.2,102.0,90,35.0,32.0,533.0,91.0,0.32864608619329416
123,526.4,187.0,90,35.0,32.0,530.0,34.0,0.0
124,540.5,-127.0,90,35.0,32.0,545.0,-28.0,0.0
125,528.1,129.0,90,35.0,32.0,531.0,7.0,0.2921814286098152
126,531.5,77.0,90,35.0,32.0,534.0,63.0,0.0
127,530.2,110.0,90,35.0,32.0,532.0,105.0,0.0
128,534.2,-4.0,90,35.0,32.0,539.0,-15.0,0.3046059659736877
129,529.7,116.0,90,35.0,32.0,532.0,99.0,0.0
130,531.1,103.0,89,35.0,32.0,532.0,12.0,0.0
131,527.9,120.0,89,35.0,32.0,533.0,69.0,0.2873136130350694
132,531.4,74.0,89,35.0,32.0,534.0,56.0,0.0
133,533.7,10.0,88,35.0,32.0,536.0,43.0,0.0
134,535.2,-7.0,88,35.0,32.0,539.0,-15.0,0.3323037170917804
135,526.5,168.0,88,35.0,32.0,529.0,38.0,0.0
136,528.0,121.0,88,35.0,32.0,531.0,101.0,0.0
137,528.6,138.0,88,35.0,32.0,531.0,3.0,0.2868188543409068
138,535.5,9.0,88,35.0,32.0,539.0,0.0,0.0
139,534.7,-1.0,88,35.0,32.0,538.0,-11.0,0.0
140,527.7,143.0,88,35.0,32.0,535.0,28.0,0.1809919304715826
141,537.8,-12.0,88,35.0,32.0,545.0,-2.0,0.0
142,527.4,219.0,88,35.0,32.0,529.0,89.0,0.0
143,533.6,84.0,88,35.0,32.0,537.0,67.0,0.2872331964550111
144,535.3,56.0,88,35.0,32.0,539.0,7.0,0.0
145,542.2,-116.0,88,35.0,32.0,548.0,-36.0,0.0
146,540.2,-3.0,88,35.0,32.0,544.0,-14.0,0.2756736638219188
147,543.4,-137.0,88,35.0,32.0,549.0,-53.0,0.0
148,537.9,-9.0,88,35.0,32.0,542.0,-20.0,0.0
149,538.3,-8.0,88,35.0,32.0,542.0,-20.0,0.3305861199908837
150,538.6,-10.0,88,35.0,32.0,542.0,-25.0,0.0
151,544.0,-81.0,88,35.0,32.0,548.0,-89.0,0.0
152,538.7,8.0,88,35.0,32.0,542.0,0.0,0.20812131777171902
153,538.3,8.0,88,35.0,32.0,542.0,0.0,0.0
154,538.1,8.0,88,35.0,32.0,542.0,0.0,0.0
155,534.8,65.0,88,35.0,32.0,538.0,54.0,0.034600219924838825
156,543.6,-121.0,88,35.0,32.0,548.0,-26.0,0.0
157,545.1,-143.0,88,35.0,32.0,550.0,-40.0,0.0
158,538.8,50.0,88,35.0,32.0,539.0,83.0,0.28555425057315265
159,538.5,-17.0,88,35.0,32.0,542.0,-19.0,0.0
160,537.2,67.0,88,35.0,32.0,540.0,50.0,0.0
161,538.2,-16.0,88,35.0,32.0,542.0,-19.0,0.3527748311651073
162,545.6,-143.0,88,35.0,32.0,550.0,-44.0,0.0
163,539.7,6.0,88,35.0,32.0,543.0,0.0,0.0
164,538.8,0.0,88,35.0,32.0,542.0,0.0,0.1543836538287443
165,538.5,1.0,88,35.0,32.0,542.0,0.0,0.0
166,538.3,5.0,88,35.0,32.0,542.0,0.0,0.0
167,533.9,99.0,88,35.0,32.0,535.0,102.0,0.032375413084754785
168,535.8,39.0,88,35.0,32.0,539.0,30.0,0.0
169,543.3,-118.0,88,35.0,32.0,548.0,-21.0,0.0
170,538.9,2.0,88,35.0,32.0,543.0,0.0,0.2442310631680203
171,528.6,211.0,88,35.0,32.0,530.0,96.0,0.0
172,537.2,-7.0,88,35.0,32.0,541.0,-12.0,0.0
173,545.0,-118.0,88,35.0,32.0,549.0,-20.0,0.2962351768066766
174,539.4,2.0,88,35.0,32.0,543.0,0.0,0.0
175,538.9,2.0,88,35.0,32.0,542.0,0.0,0.0
176,538.8,2.0,88,35.0,32.0,542.0,0.0,0.003239463514220553
177,538.3,14.0,88,35.0,32.0,542.0,10.0,0.0
178,535.5,32.0,88,35.0,32.0,540.0,5.0,0.0
179,532.8,96.0,88,35.0,32.0,536.0,81.0,0.16644521188188435
180,535.6,52.0,88,35.0,32.0,539.0,42.0,0.0
181,531.8,147.0,88,35.0,32.0,533.0,34.0,0.0
182,541.4,-104.0,88,35.0,32.0,548.0,-30.0,0.29830382000444267
183,541.8,-25.0,88,35.0,32.0,545.0,-30.0,0.0
184,539.2,2.0,88,35.0,32.0,543.0,0.0,0.0
185,535.9,59.0,88,35.0,32.0,539.0,55.0,0.14509249608582725
186,537.3,4.0,88,35.0,32.0,541.0,0.0,0.0
187,532.9,108.0,88,35.0,32.0,536.0,91.0,0.0
188,536.6,27.0,88,35.0,32.0,538.0,52.0,0.14725414911094517
189,538.4,-14.0,88,35.0,32.0,542.0,-17.0,0.0
190,545.8,-132.0,88,35.0,32.0,550.0,-37.0,0.0
191,542.5,-59.0,88,35.0,32.0,546.0,-62.0,0.3445424459384938
192,539.2,3.0,88,35.0,32.0,543.0,0.0,0.0
193,529.1,180.0,88,35.0,32.0,531.0,63.0,0.0
194,533.7,63.0,88,35.0,32.0,537.0,52.0,0.15329805106733624
195,532.8,132.0,88,35.0,32.0,534.0,30.0,0.0
196,538.0,-16.0,88,35.0,32.0,542.0,-19.0,0.0
197,538.4,-15.0,88,35.0,32.0,542.0,-19.0,0.3583824199250967
198,538.3,-18.0,88,35.0,32.0,542.0,-3.0,0.0
199,538.2,-16.0,88,35.0,32.0,542.0,-20.0,0.0
200,536.9,11.0,88,35.0,32.0,541.0,-8.0,0.2884874709207496
201,536.1,45.0,88,35.0,32.0,539.0,31.0,0.0
202,538.5,-6.0,88,35.0,32.0,542.0,-17.0,0.0
203,537.6,-11.0,88,35.0,32.0,541.0,-17.0,0.33197569632577856
204,538.4,-11.0,88,35.0,32.0,542.0,-19.0,0.0
205,545.6,-102.0,88,35.0,32.0,550.0,-12.0,0.0
206,539.6,8.0,88,35.0,32.0,543.0,0.0,0.2539649661850163
207,538.8,8.0,88,35.0,32.0,542.0,0.0,0.0
208,538.6,8.0,88,35.0,32.0,542.0,0.0,0.0
209,528.4,148.0,88,35.0,32.0,531.0,13.0,0.034838117801968056
210,532.8,70.0,88,35.0,32.0,535.0,58.0,0.0
211,535.4,36.0,88,35.0,32.0,538.0,36.0,0.0
212,535.7,24.0,87,35.0,32.0,538.0,47.0,0.34574926209821655
213,536.6,19.0,87,35.0,32.0,539.0,24.0,0.0
214,534.6,51.0,87,35.0,32.0,538.0,33.0,0.0
215,537.1,-8.0,87,35.0,32.0,541.0,-20.0,0.26920366788127387
216,538.0,-9.0,87,35.0,32.0,542.0,-19.0,0.0
217,535.6,47.0,87,35.0,32.0,539.0,31.0,0.0
218,545.6,-128.0,87,35.0,32.0,550.0,-36.0,0.3452899304898849
219,539.1,9.0,87,35.0,32.0,542.0,0.0,0.0
220,534.3,92.0,87,35.0,32.0,537.0,80.0,0.0
221,535.4,66.0,87,35.0,32.0,536.0,91.0,0.13676779350622534
222,532.9,51.0,87,35.0,32.0,537.0,-3.0,0.0
223,533.9,55.0,87,35.0,32.0,537.0,33.0,0.0
224,534.7,19.0,87,35.0,32.0,540.0,-18.0,0.3410754096881698
225,535.0,37.0,86,35.0,32.0,539.0,-7.0,0.0
226,536.5,-10.0,86,35.0,32.0,540.0,-20.0,0.0
227,535.1,43.0,86,35.0,32.0,538.0,32.0,0.30709900888307207
228,537.7,-9.0,86,35.0,32.0,541.0,-19.0,0.0
229,534.3,53.0,86,35.0,32.0,537.0,35.0,0.0
230,536.1,9.0,86,35.0,32.0,540.0,-15.0,0.3175266161870347
231,537.9,-10.0,86,35.0,32.0,542.0,-19.0,0.0
232,542.7,-122.0,86,35.0,32.0,548.0,-37.0,0.0
233,539.4,8.0,86,35.0,32.0,543.0,0.0,0.26740642289856564
234,538.4,8.0,86,35.0,32.0,542.0,0.0,0.0
235,528.2,178.0,86,35.0,32.0,531.0,34.0,0.0
236,533.1,57.0,86,35.0,32.0,536.0,39.0,0.15669807024305027
237,534.6,36.0,86,35.0,32.0,537.0,33.0,0.0
238,536.1,8.0,86,35.0,32.0,538.0,29.0,0.0
239,537.2,-9.0,86,35.0,32.0,541.0,-19.0,0.3384361563742431
240,535.0,37.0,86,35.0,32.0,538.0,15.0,0.0
241,535.8,5.0,86,35.0,32.0,540.0,-18.0,0.0
242,535.3,30.0,86,35.0,32.0,538.0,18.0,0.3284742443918304
243,537.5,-11.0,86,35.0,32.0,541.0,-7.0,0.0
244,544.9,-125.0,86,35.0,32.0,549.0,-34.0,0.0
245,538.0,8.0,86,35.0,32.0,541.0,0.0,0.24588802615019506
246,538.9,1.0,86,35.0,32.0,542.0,-6.0,0.0
247,537.8,14.0,86,35.0,32.0,541.0,4.0,0.0
248,529.6,119.0,86,35.0,32.0,533.0,96.0,0.18928684913399063
249,534.0,67.0,86,35.0,32.0,536.0,60.0,0.0
250,532.6,75.0,86,35.0,32.0,535.0,65.0,0.0
251,534.3,32.0,86,35.0,32.0,538.0,19.0,0.3326142469692962
252,533.5,52.0,86,35.0,32.0,537.0,43.0,0.0
253,536.3,-15.0,86,35.0,32.0,540.0,-19.0,0.0
254,542.7,-78.0,86,35.0,32.0,546.0,-76.0,0.3576451406691039
255,528.4,148.0,86,35.0,32.0,531.0,8.0,0.0
256,532.6,50.0,85,35.0,32.0,536.0,28.0,0.0
257,532.7,73.0,85,35.0,32.0,536.0,36.0,0.31121940083644944
258,542.0,-137.0,85,35.0,32.0,547.0,-44.0,0.0
259,536.2,42.0,85,35.0,32.0,538.0,43.0,0.0
260,535.0,61.0,85,35.0,32.0,537.0,62.0,0.2624955805249534
261,541.2,-4.0,85,35.0,32.0,542.0,0.0,0.0
262,537.2,13.0,85,35.0,32.0,541.0,0.0,0.0
263,536.8,23.0,85,35.0,32.0,541.0,0.0,0.06047335464371453
264,537.6,2.0,85,35.0,32.0,541.0,0.0,0.0
265,538.1,2.0,85,35.0,32.0,542.0,0.0,0.0
266,537.8,3.0,85,35.0,32.0,541.0,0.0,0.003239463514220553
267,538.0,2.0,85,35.0,32.0,541.0,0.0,0.0
268,537.9,2.0,85,35.0,32.0,541.0,0.0,0.0
269,537.6,2.0,85,35.0,32.0,541.0,0.0,0.003239463514220553
270,537.2,26.0,85,35.0,32.0,540.0,23.0,0.0
271,537.8,2.0,85,35.0,32.0,541.0,0.0,0.0
272,537.4,3.0,85,35.0,32.0,540.0,24.0,0.17143520186285144
273,537.3,2.0,85,35.0,32.0,541.0,0.0,0.0
274,538.3,19.0,85,35.0,32.0,538.0,65.0,0.0
275,537.4,2.0,85,35.0,32.0,541.0,0.0,0.06258118752781036
276,540.7,-47.0,85,35.0,32.0,544.0,-51.0,0.0
277,537.1,25.0,85,35.0,32.0,540.0,19.0,0.0
278,538.4,2.0,85,35.0,32.0,542.0,0.0,0.17601415137826967
279,529.3,171.0,85,35.0,32.0,531.0,51.0,0.0
280,534.3,-6.0,84,35.0,32.0,537.0,8.0,0.0
281,533.3,31.0,84,35.0,32.0,539.0,-16.0,0.3244808397083229
282,535.1,25.0,84,35.0,32.0,538.0,19.0,0.0
283,535.3,23.0,84,35.0,32.0,538.0,19.0,0.0
284,538.0,-16.0,84,35.0,32.0,541.0,-18.0,0.3456800777539734
285,535.8,3.0,84,35.0,32.0,541.0,-18.0,0.0
286,535.3,27.0,84,35.0,32.0,538.0,18.0,0.0
287,536.4,0.0,84,35.0,32.0,540.0,4.0,0.290124255865961
288,536.8,4.0,84,35.0,32.0,538.0,40.0,0.0
289,536.9,-1.0,84,35.0,32.0,538.0,32.0,0.0
290,536.8,-10.0,84,35.0,32.0,540.0,-18.0,0.2551206851958567
291,544.0,-100.0,84,35.0,32.0,548.0,-3.0,0.0
292,530.4,161.0,84,35.0,32.0,533.0,7.0,0.0
293,530.5,114.0,84,35.0,32.0,534.0,74.0,0.26723849077580053
294,531.8,70.0,84,35.0,32.0,535.0,50.0,0.0
295,530.0,129.0,84,35.0,32.0,532.0,12.0,0.0
296,537.1,-8.0,84,35.0,32.0,540.0,-18.0,0.33638525739000386
297,543.6,-102.0,84,35.0,32.0,547.0,-11.0,0.0
298,538.1,8.0,84,35.0,32.0,541.0,0.0,0.0
299,527.8,195.0,84,35.0,32.0,528.0,93.0,0.1700117879936433
300,530.0,93.0,83,35.0,32.0,532.0,89.0,0.0
301,532.9,39.0,83,35.0,32.0,536.0,22.0,0.0
302,533.6,38.0,83,35.0,32.0,537.0,24.0,0.31477801307947767
303,534.5,24.0,83,35.0,32.0,537.0,21.0,0.0
304,533.5,38.0,83,35.0,32.0,537.0,23.0,0.0
305,533.2,54.0,83,35.0,32.0,536.0,33.0,0.33494527399223895
306,533.8,47.0,83,35.0,32.0,535.0,60.0,0.0
307,532.8,64.0,83,35.0,32.0,535.0,43.0,0.0
308,533.7,45.0,83,35.0,32.0,537.0,29.0,0.34128264133931824
309,529.2,111.0,83,35.0,32.0,532.0,82.0,0.0
310,530.4,90.0,82,35.0,32.0,533.0,64.0,0.0
311,535.9,-8.0,82,35.0,32.0,539.0,-19.0,0.3091114873656528
312,541.8,-52.0,82,35.0,32.0,541.0,-19.0,0.0
313,541.9,-55.0,82,35.0,32.0,545.0,-62.0,0.0
314,537.8,8.0,82,35.0,32.0,541.0,0.0,0.20649721554726114
315,528.0,196.0,82,35.0,32.0,529.0,84.0,0.0
316,526.6,144.0,82,35.0,32.0,529.0,10.0,0.0
317,533.3,-9.0,82,35.0,32.0,537.0,-20.0,0.3082173362830824
318,537.8,0.0,82,35.0,32.0,541.0,-9.0,0.0
319,534.4,9.0,82,35.0,32.0,538.0,15.0,0.0
320,541.3,-81.0,82,35.0,32.0,545.0,-94.0,0.25457411231082955
321,538.6,-18.0,82,35.0,32.0,542.0,-31.0,0.0
322,537.1,8.0,82,35.0,32.0,540.0,0.0,0.0
323,537.1,8.0,82,35.0,32.0,540.0,0.0,0.12161646759207485
324,537.1,8.0,82,35.0,32.0,540.0,0.0,0.0
325,537.2,8.0,82,35.0,32.0,540.0,0.0,0.0
326,535.3,51.0,82,35.0,32.0,537.0,49.0,0.03876372534099998
327,528.1,146.0,82,35.0,32.0,530.0,31.0,0.0
328,535.3,-7.0,82,35.0,32.0,539.0,-15.0,0.0
329,536.5,-6.0,82,35.0,32.0,540.0,-16.0,0.3181061827253645
330,539.7,-21.0,82,35.0,32.0,543.0,-32.0,0.0
331,537.2,17.0,82,35.0,32.0,540.0,0.0,0.0
332,536.9,14.0,82,35.0,32.0,540.0,0.0,0.1068468774522776
333,537.1,13.0,82,35.0,32.0,540.0,5.0,0.0
334,535.4,0.0,82,35.0,32.0,539.0,-6.0,0.0
335,540.0,-52.0,82,35.0,32.0,544.0,-59.0,0.19618180482973602
336,537.5,2.0,82,35.0,32.0,541.0,0.0,0.0
337,537.9,-30.0,82,35.0,32.0,542.0,-42.0,0.0
338,537.7,2.0,82,35.0,32.0,541.0,0.0,0.11479836745072935
339,525.0,218.0,81,35.0,32.0,526.0,95.0,0.0
340,541.5,-76.0,81,35.0,32.0,545.0,-82.0,0.0
341,530.9,117.0,81,35.0,32.0,534.0,103.0,0.24572043426078202
342,540.6,-66.0,81,35.0,32.0,544.0,-66.0,0.0
343,534.3,61.0,81,35.0,32.0,536.0,55.0,0.0
344,535.2,26.0,81,35.0,32.0,538.0,20.0,0.23743340131622515
345,537.0,-6.0,81,35.0,32.0,540.0,-7.0,0.0
346,539.4,-14.0,81,35.0,32.0,543.0,-17.0,0.0
347,538.1,2.0,81,35.0,32.0,541.0,0.0,0.25040165924389024
348,529.0,173.0,81,35.0,32.0,531.0,61.0,0.0
349,536.4,-12.0,81,35.0,32.0,541.0,-50.0,0.0
350,539.4,-16.0,81,35.0,32.0,543.0,-19.0,0.29524275976532716
351,535.2,66.0,81,35.0,32.0,537.0,67.0,0.0
352,539.7,-29.0,81,35.0,32.0,543.0,-36.0,0.0
353,539.5,-28.0,81,35.0,32.0,543.0,-32.0,0.25077303772854637
354,538.1,2.0,81,35.0,32.0,541.0,0.0,0.0
355,538.1,2.0,81,35.0,32.0,541.0,0.0,0.0
356,538.1,2.0,81,35.0,32.0,541.0,0.0,0.003239463514220553
357,538.2,2.0,81,35.0,32.0,541.0,0.0,0.0
358,538.2,2.0,81,35.0,32.0,541.0,0.0,0.0
359,538.3,1.0,81,35.0,32.0,541.0,0.0,0.003239463514220553
360,538.3,1.0,81,35.0,32.0,542.0,0.0,0.0
361,538.3,1.0,81,35.0,32.0,542.0,0.0,0.0
362,537.4,2.0,81,35.0,32.0,541.0,0.0,0.003239463514220553
363,535.8,48.0,81,35.0,32.0,538.0,46.0,0.0
364,537.6,2.0,81,35.0,32.0,541.0,0.0,0.0
365,540.1,-27.0,81,35.0,32.0,543.0,-32.0,0.24418745040716158
366,538.4,2.0,81,35.0,32.0,542.0,0.0,0.0
367,536.0,42.0,81,35.0,32.0,539.0,31.0,0.0
368,538.3,2.0,81,35.0,32.0,542.0,0.0,0.10816824022652574
369,535.7,51.0,81,35.0,32.0,538.0,59.0,0.0
370,534.7,52.0,81,35.0,32.0,537.0,45.0,0.0
371,534.0,52.0,81,35.0,32.0,537.0,43.0,0.2856943431835323
372,533.7,64.0,81,35.0,32.0,537.0,55.0,0.0
373,540.2,-37.0,81,35.0,32.0,543.0,-37.0,0.0
374,538.1,2.0,81,35.0,32.0,541.0,0.0,0.21249463710079516
375,538.1,2.0,81,35.0,32.0,541.0,0.0,0.0
376,538.2,2.0,81,35.0,32.0,541.0,0.0,0.0
377,538.3,1.0,81,35.0,32.0,541.0,0.0,0.003239463514220553
378,537.6,2.0,81,35.0,32.0,541.0,0.0,0.0
379,537.8,1.0,81,35.0,32.0,541.0,9.0,0.0
380,535.5,15.0,81,35.0,32.0,539.0,0.0,0.06143153138537622
381,540.4,-32.0,81,35.0,32.0,544.0,-45.0,0.0
382,537.8,5.0,81,35.0,32.0,541.0,0.0,0.0
383,529.1,160.0,81,35.0,32.0,529.0,65.0,0.14320149810480617
384,542.2,-88.0,81,35.0,32.0,543.0,-37.0,0.0
385,539.6,-4.0,81,35.0,32.0,542.0,0.0,0.0
386,533.8,49.0,81,35.0,32.0,537.0,41.0,0.20920441458299616
387,537.4,-15.0,81,35.0,32.0,543.0,-70.0,0.0
388,538.3,2.0,81,35.0,32.0,542.0,0.0,0.0
389,531.6,102.0,81,35.0,32.0,534.0,90.0,0.17220503515426483
390,536.0,-5.0,80,35.0,32.0,540.0,-12.0,0.0
391,536.3,-6.0,80,35.0,32.0,540.0,-11.0,0.0
392,537.7,-54.0,80,35.0,32.0,542.0,-75.0,0.29098461108143964
393,534.4,-1.0,80,35.0,32.0,537.0,23.0,0.0
394,539.7,-105.0,80,35.0,32.0,546.0,-33.0,0.0
395,536.8,-8.0,80,35.0,32.0,540.0,2.0,0.298431734794702
396,543.8,-68.0,80,35.0,32.0,543.0,-18.0,0.0
397,539.1,7.0,80,35.0,32.0,542.0,0.0,0.0
398,536.9,36.0,80,35.0,32.0,540.0,28.0,0.1756753832478219
399,536.3,5.0,80,35.0,32.0,540.0,0.0,0.0
400,535.2,9.0,80,35.0,32.0,536.0,50.0,0.0
401,534.9,-13.0,80,35.0,32.0,538.0,-17.0,0.15017932903755876
402,531.0,31.0,80,35.0,32.0,535.0,-8.0,0.0
403,535.2,-11.0,80,35.0,32.0,539.0,-19.0,0.0
404,536.2,-11.0,80,35.0,32.0,540.0,-19.0,0.3446408316763375
405,537.0,-10.0,80,35.0,32.0,540.0,-19.0,0.0
406,537.5,-8.0,80,35.0,32.0,540.0,-5.0,0.0
407,543.8,-124.0,80,35.0,32.0,548.0,-33.0,0.33051752688139246
408,538.4,8.0,80,35.0,32.0,542.0,0.0,0.0
409,537.7,7.0,80,35.0,32.0,541.0,0.0,0.0
410,537.5,8.0,80,35.0,32.0,541.0,0.0,0.003259490667334705
411,537.4,11.0,80,35.0,32.0,540.0,6.0,0.0
412,525.5,196.0,80,35.0,32.0,528.0,56.0,0.0
413,533.9,17.0,79,35.0,32.0,536.0,35.0,0.16087612391549375
414,536.3,-8.0,79,35.0,32.0,540.0,-17.0,0.0
415,541.4,-61.0,79,35.0,32.0,545.0,-73.0,0.0
416,537.5,8.0,79,35.0,32.0,541.0,0.0,0.23704229354339582
417,537.4,8.0,79,35.0,32.0,541.0,0.0,0.0
418,537.3,8.0,79,35.0,32.0,540.0,0.0,0.0
419,537.3,8.0,79,35.0,32.0,540.0,0.0,0.003377298523182474
420,537.3,8.0,79,35.0,32.0,540.0,0.0,0.0
421,537.3,8.0,79,35.0,32.0,540.0,0.0,0.0
422,537.3,8.0,79,35.0,32.0,541.0,0.0,0.003377298523182474
423,537.3,8.0,79,35.0,32.0,541.0,0.0,0.0
424,536.6,27.0,79,35.0,32.0,539.0,18.0,0.0
425,537.2,11.0,79,35.0,32.0,539.0,23.0,0.10248463856971508
426,534.4,14.0,79,35.0,32.0,539.0,0.0,0.0
427,536.1,-11.0,79,35.0,32.0,541.0,-69.0,0.0
428,533.4,119.0,79,35.0,32.0,534.0,14.0,0.1770193378468893
429,536.7,-9.0,79,35.0,32.0,540.0,-13.0,0.0
430,525.6,214.0,79,35.0,32.0,528.0,70.0,0.0
431,534.5,2.0,79,35.0,32.0,535.0,47.0,0.2861128247824126
432,542.1,-138.0,79,35.0,32.0,547.0,-36.0,0.0
433,534.4,37.0,79,35.0,32.0,536.0,34.0,0.0
434,536.9,-13.0,79,35.0,32.0,540.0,-16.0,0.2993445174379117
435,536.5,-17.0,79,35.0,32.0,540.0,-17.0,0.0
436,540.0,-21.0,79,35.0,32.0,542.0,0.0,0.0
437,533.7,8.0,79,35.0,32.0,538.0,-6.0,0.246935486205033
438,537.8,13.0,79,35.0,32.0,541.0,0.0,0.0
439,535.8,31.0,79,35.0,32.0,537.0,49.0,0.0
440,536.5,22.0,79,35.0,32.0,538.0,31.0,0.1332906048975995
441,533.8,15.0,79,35.0,32.0,538.0,0.0,0.0
442,531.2,99.0,79,35.0,32.0,533.0,96.0,0.0
443,531.1,98.0,78,35.0,32.0,535.0,50.0,0.17108109669777125
444,541.6,-70.0,78,35.0,32.0,545.0,-74.0,0.0
445,537.8,4.0,78,35.0,32.0,541.0,0.0,0.0
446,537.7,2.0,78,35.0,32.0,541.0,0.0,0.11153690347012733
447,537.4,9.0,78,35.0,32.0,540.0,10.0,0.0
448,537.6,2.0,78,35.0,32.0,541.0,0.0,0.0
449,537.8,2.0,78,35.0,32.0,541.0,0.0,0.10480814559121028
450,537.3,13.0,78,35.0,32.0,541.0,0.0,0.0
451,537.9,2.0,78,35.0,32.0,541.0,0.0,0.0
452,537.9,1.0,78,35.0,32.0,541.0,0.0,0.0051803784234438904
453,538.0,1.0,78,35.0,32.0,541.0,0.0,0.0
454,538.1,1.0,78,35.0,32.0,541.0,0.0,0.0
455,538.1,1.0,78,35.0,32.0,541.0,0.0,0.0032713737430382266
456,538.2,1.0,78,35.0,32.0,541.0,0.0,0.0
457,538.2,1.0,78,35.0,32.0,542.0,0.0,0.0
458,538.2,1.0,78,35.0,32.0,542.0,0.0,0.0032713737430382266
459,538.3,1.0,78,35.0,32.0,542.0,0.0,0.0
460,538.3,1.0,78,35.0,32.0,542.0,0.0,0.0
461,538.3,1.0,78,35.0,32.0,542.0,0.0,0.0032713737430382266
462,538.3,1.0,78,35.0,32.0,542.0,0.0,0.0
463,538.4,1.0,78,35.0,32.0,542.0,0.0,0.0
464,538.4,1.0,78,35.0,32.0,542.0,0.0,0.0032713737430382266
465,538.4,1.0,78,35.0,32.0,542.0,0.0,0.0
466,538.4,1.0,78,35.0,32.0,542.0,0.0,0.0
467,538.4,1.0,78,35.0,32.0,542.0,0.0,0.0032713737430382266
468,538.4,1.0,78,35.0,32.0,542.0,0.0,0.0
469,538.5,1.0,78,35.0,32.0,542.0,0.0,0.0
470,538.5,1.0,78,35.0,32.0,542.0,0.0,0.0032713737430382266
471,538.5,1.0,78,35.0,32.0,542.0,0.0,0.0
472,538.5,1.0,78,35.0,32.0,542.0,0.0,0.0
473,538.5,1.0,78,35.0,32.0,542.0,0.0,0.0032713737430382266
474,538.5,1.0,78,35.0,32.0,542.0,0.0,0.0
475,538.6,1.0,78,35.0,32.0,542.0,0.0,0.0
476,538.6,1.0,78,35.0,32.0,542.0,0.0,0.0032713737430382266
477,538.6,1.0,78,35.0,32.0,542.0,0.0,0.0
478,538.6,1.0,78,35.0,32.0,542.0,0.0,0.0
479,538.6,1.0,78,35.0,32.0,542.0,0.0,0.0032713737430382266
480,538.6,1.0,78,35.0,32.0,542.0,0.0,0.0
481,538.6,1.0,78,35.0,32.0,542.0,0.0,0.0
482,538.6,1.0,78,35.0,32.0,542.0,0.0,0.0032713737430382266
483,538.6,1.0,78,35.0,32.0,542.0,0.0,0.0
484,538.6,1.0,78,35.0,32.0,542.0,0.0,0.0
485,538.6,1.0,78,35.0,32.0,542.0,0.0,0.0032713737430382266
486,538.6,1.0,78,35.0,32.0,542.0,0.0,0.0
487,538.6,1.0,78,35.0,32.0,542.0,0.0,0.0
488,538.6,1.0,78,35.0,32.0,542.0,0.0,0.0032713737430382266
489,538.6,2.0,78,35.0,32.0,542.0,0.0,0.0
490,538.6,2.0,78,35.0,32.0,542.0,0.0,0.0
491,538.5,3.0,78,35.0,32.0,542.0,0.0,0.0032713737430382266
492,534.8,60.0,78,35.0,32.0,537.0,48.0,0.0
493,535.1,37.0,78,35.0,32.0,538.0,24.0,0.0
494,535.8,23.0,78,35.0,32.0,539.0,13.0,0.3169864658509226
495,535.1,44.0,78,35.0,32.0,538.0,37.0,0.0
496,537.4,8.0,78,35.0,32.0,541.0,0.0,0.0
497,537.3,24.0,78,35.0,32.0,540.0,18.0,0.22914432908796686
498,533.7,31.0,78,35.0,32.0,538.0,5.0,0.0
499,534.6,48.0,78,35.0,32.0,537.0,36.0,0.0
500,530.1,101.0,78,35.0,32.0,533.0,81.0,0.2946850912302948
501,533.2,51.0,78,35.0,32.0,536.0,36.0,0.0
502,534.7,17.0,78,35.0,32.0,537.0,17.0,0.0
503,536.2,-5.0,78,35.0,32.0,539.0,-15.0,0.3426380009812902
504,528.3,138.0,78,35.0,32.0,530.0,23.0,0.0
505,535.6,-6.0,78,35.0,32.0,539.0,-15.0,0.0
506,542.5,-93.0,78,35.0,32.0,546.0,-5.0,0.3070680519817276
507,536.9,8.0,78,35.0,32.0,540.0,0.0,0.0
508,536.9,8.0,78,35.0,32.0,540.0,0.0,0.0
509,536.4,9.0,78,35.0,32.0,540.0,0.0,0.006499803520492609
510,532.1,97.0,78,35.0,32.0,535.0,84.0,0.0
511,535.7,-4.0,77,35.0,32.0,539.0,-14.0,0.0
512,538.6,-9.0,77,35.0,32.0,542.0,-19.0,0.30595744060230146
513,537.1,8.0,77,35.0,32.0,540.0,0.0,0.0
514,536.7,14.0,77,35.0,32.0,540.0,5.0,0.0
515,536.9,8.0,77,35.0,32.0,540.0,0.0,0.05052212422127689
516,536.7,10.0,77,35.0,32.0,540.0,0.0,0.0
517,534.5,51.0,77,35.0,32.0,537.0,38.0,0.0
518,533.0,70.0,77,35.0,32.0,535.0,72.0,0.14419323957609015
519,528.3,105.0,77,35.0,32.0,531.0,78.0,0.0
520,529.9,80.0,77,35.0,32.0,532.0,47.0,0.0
521,530.1,85.0,77,35.0,32.0,533.0,55.0,0.3064674840556425
522,531.6,68.0,77,35.0,32.0,534.0,50.0,0.0
523,531.4,68.0,77,35.0,32.0,534.0,47.0,0.0
524,530.9,70.0,77,35.0,32.0,536.0,-7.0,0.329021817659237
525,528.6,114.0,77,35.0,32.0,531.0,73.0,0.0
526,529.4,94.0,76,35.0,32.0,532.0,69.0,0.0
527,541.5,-80.0,76,35.0,32.0,545.0,-96.0,0.28893716922104645
528,536.6,8.0,76,35.0,32.0,540.0,0.0,0.0
529,536.4,8.0,76,35.0,32.0,540.0,0.0,0.0
530,536.6,3.0,76,35.0,32.0,540.0,0.0,0.008326450475474298
531,536.9,2.0,76,35.0,32.0,540.0,0.0,0.0
532,537.1,2.0,76,35.0,32.0,540.0,0.0,0.0
533,531.3,66.0,76,35.0,32.0,535.0,41.0,0.039937003863697515
534,530.0,90.0,76,35.0,32.0,533.0,76.0,0.0
535,536.2,-15.0,76,35.0,32.0,539.0,-17.0,0.0
536,541.9,-70.0,76,35.0,32.0,545.0,-76.0,0.32997659414895614
537,537.7,2.0,76,35.0,32.0,541.0,0.0,0.0
538,526.7,142.0,76,35.0,32.0,529.0,20.0,0.0
539,531.5,52.0,76,35.0,32.0,534.0,39.0,0.1548034976215689
540,535.4,-6.0,76,35.0,32.0,538.0,-7.0,0.0
541,541.7,-84.0,76,35.0,32.0,545.0,-89.0,0.0
542,536.0,2.0,76,35.0,32.0,539.0,0.0,0.22470435391484936
543,532.4,102.0,76,35.0,32.0,534.0,99.0,0.0
544,531.3,42.0,76,35.0,32.0,536.0,19.0,0.0
545,535.2,-12.0,76,35.0,32.0,538.0,-15.0,0.312696439450279
546,538.9,-26.0,76,35.0,32.0,542.0,-29.0,0.0
547,536.0,21.0,76,35.0,32.0,539.0,17.0,0.0
548,536.8,2.0,76,35.0,32.0,540.0,0.0,0.16863377753646447
549,535.3,3.0,76,35.0,32.0,539.0,0.0,0.0
550,534.8,-13.0,76,35.0,32.0,538.0,-15.0,0.0
551,527.8,151.0,76,35.0,32.0,532.0,98.0,0.19499564002923583
552,536.7,-8.0,76,35.0,32.0,540.0,-13.0,0.0
553,539.5,-33.0,76,35.0,32.0,543.0,-37.0,0.0
554,537.3,2.0,76,35.0,32.0,540.0,0.0,0.21235686233597884
555,537.3,2.0,76,35.0,32.0,540.0,0.0,0.0
556,534.0,57.0,76,35.0,32.0,537.0,51.0,0.0
557,539.8,-62.0,76,35.0,32.0,543.0,-70.0,0.15375533080880402
558,537.3,2.0,76,35.0,32.0,540.0,0.0,0.0
559,537.3,2.0,76,35.0,32.0,540.0,0.0,0.0
560,537.4,2.0,76,35.0,32.0,541.0,0.0,0.003377298523182474
561,537.1,14.0,76,35.0,32.0,539.0,17.0,0.0
562,530.0,116.0,75,35.0,32.0,531.0,30.0,0.0
563,534.6,-18.0,75,35.0,32.0,538.0,-17.0,0.2575302115254238
564,536.4,-12.0,75,35.0,32.0,540.0,-14.0,0.0
565,541.2,-87.0,75,35.0,32.0,545.0,-93.0,0.0
566,537.6,2.0,75,35.0,32.0,541.0,0.0,0.22955544591316243
567,537.4,2.0,75,35.0,32.0,540.0,0.0,0.0
568,533.8,73.0,75,35.0,32.0,535.0,79.0,0.0
569,537.4,2.0,75,35.0,32.0,541.0,0.0,0.11085254782857511
570,537.4,2.0,75,35.0,32.0,541.0,0.0,0.0
571,532.0,88.0,75,35.0,32.0,534.0,67.0,0.0
572,538.6,-18.0,75,35.0,32.0,541.0,-22.0,0.14714071752562335
573,536.9,2.0,75,35.0,32.0,540.0,0.0,0.0
574,536.6,5.0,75,35.0,32.0,540.0,0.0,0.0
575,536.5,9.0,75,35.0,32.0,540.0,0.0,0.0065079351397177385
576,536.4,16.0,75,35.0,32.0,540.0,0.0,0.0
577,536.5,13.0,75,35.0,32.0,540.0,0.0,0.0
578,536.8,8.0,75,35.0,32.0,540.0,0.0,0.008374765569400196
579,536.8,7.0,75,35.0,32.0,540.0,0.0,0.0
580,536.9,7.0,75,35.0,32.0,540.0,0.0,0.0
581,530.6,98.0,74,35.0,32.0,530.0,23.0,0.03995148688726679
582,529.2,79.0,74,35.0,32.0,532.0,59.0,0.0
583,534.6,-10.0,74,35.0,32.0,538.0,-18.0,0.0
584,540.7,-60.0,74,35.0,32.0,544.0,-65.0,0.33323792577174255
585,536.5,9.0,74,35.0,32.0,540.0,0.0,0.0
586,536.4,9.0,74,35.0,32.0,539.0,0.0,0.0
587,533.2,78.0,74,35.0,32.0,534.0,90.0,0.039608228356125964
588,529.5,108.0,74,35.0,32.0,530.0,25.0,0.0
589,535.8,4.0,74,35.0,32.0,539.0,0.0,0.0
590,528.4,151.0,74,35.0,32.0,530.0,30.0,0.22682425446779556
591,530.3,114.0,74,35.0,32.0,530.0,28.0,0.0
592,533.5,-5.0,74,35.0,32.0,537.0,-15.0,0.0
593,533.9,-6.0,74,35.0,32.0,537.0,-15.0,0.3221056913867734
594,528.3,141.0,74,35.0,32.0,529.0,19.0,0.0
595,538.7,-99.0,74,35.0,32.0,544.0,-26.0,0.0
596,535.8,9.0,74,35.0,32.0,539.0,0.0,0.23546770024509658
597,532.9,53.0,74,35.0,32.0,534.0,73.0,0.0
598,527.5,127.0,74,35.0,32.0,534.0,10.0,0.0
599,532.9,63.0,74,35.0,32.0,536.0,41.0,0.3097753276507286
600,535.5,8.0,74,35.0,32.0,539.0,0.0,0.0
601,533.9,46.0,74,35.0,32.0,537.0,32.0,0.0
602,535.6,6.0,74,35.0,32.0,539.0,-16.0,0.17245040952403093
603,535.8,8.0,74,35.0,32.0,539.0,0.0,0.0
604,535.9,8.0,74,35.0,32.0,539.0,0.0,0.0
605,528.8,100.0,74,35.0,32.0,532.0,83.0,0.04888123050293897
606,538.8,-83.0,74,35.0,32.0,543.0,-99.0,0.0
607,532.0,75.0,74,35.0,32.0,534.0,61.0,0.0
608,533.7,20.0,74,35.0,32.0,535.0,36.0,0.2503174806032347
609,531.9,51.0,73,35.0,32.0,535.0,32.0,0.0
610,534.8,-6.0,73,35.0,32.0,538.0,-16.0,0.0
611,542.4,-133.0,73,35.0,32.0,547.0,-39.0,0.3603838914727821
612,533.2,72.0,73,35.0,32.0,534.0,84.0,0.0
613,528.2,113.0,73,35.0,32.0,530.0,97.0,0.0
614,532.1,0.0,73,35.0,32.0,532.0,57.0,0.27849687168879234
615,530.5,48.0,73,35.0,32.0,533.0,28.0,0.0
616,534.5,-9.0,72,35.0,32.0,538.0,-19.0,0.0
617,534.9,-4.0,72,35.0,32.0,538.0,-5.0,0.34064589793700895
618,532.2,20.0,72,35.0,32.0,537.0,-18.0,0.0
619,528.1,102.0,72,35.0,32.0,530.0,80.0,0.0
620,534.9,-9.0,72,35.0,32.0,538.0,-19.0,0.34145105548242466
621,530.5,66.0,72,35.0,32.0,533.0,45.0,0.0
622,530.6,47.0,72,35.0,32.0,533.0,33.0,0.0
623,530.2,59.0,72,35.0,32.0,533.0,37.0,0.34538920027679226
624,531.1,39.0,72,35.0,32.0,534.0,15.0,0.0
625,531.7,36.0,72,35.0,32.0,534.0,24.0,0.0
626,530.5,59.0,72,35.0,32.0,533.0,40.0,0.3418034750141153
627,531.2,35.0,72,35.0,32.0,534.0,24.0,0.0
628,531.5,38.0,72,35.0,32.0,534.0,24.0,0.0
629,530.8,46.0,72,35.0,32.0,533.0,40.0,0.3418034750141153
630,532.3,54.0,72,35.0,32.0,534.0,50.0,0.0
631,527.4,152.0,71,35.0,32.0,529.0,35.0,0.0
632,531.0,42.0,71,35.0,32.0,534.0,32.0,0.3246726022267841
633,531.1,43.0,71,35.0,32.0,534.0,34.0,0.0
634,530.1,69.0,71,35.0,32.0,533.0,56.0,0.0
635,531.4,37.0,71,35.0,32.0,535.0,3.0,0.30961671742549923
636,531.4,37.0,71,35.0,32.0,534.0,28.0,0.0
637,532.3,41.0,71,35.0,32.0,535.0,54.0,0.0
638,530.0,55.0,71,35.0,32.0,533.0,44.0,0.32778980517337625
639,531.5,28.0,71,35.0,32.0,534.0,24.0,0.0
640,529.6,84.0,71,35.0,32.0,532.0,76.0,0.0
641,532.9,4.0,71,35.0,32.0,536.0,20.0,0.29584623045905156
642,541.4,-142.0,71,35.0,32.0,546.0,-42.0,0.0
643,535.4,9.0,71,35.0,32.0,538.0,0.0,0.0
644,532.7,72.0,71,36.0,32.0,535.0,59.0,0.19968032432612903
645,532.7,8.0,71,36.0,32.0,537.0,-14.0,0.0
646,534.1,-10.0,71,36.0,32.0,537.0,-13.0,0.0
647,534.2,-5.0,71,36.0,32.0,538.0,0.0,0.23461029745260897
648,535.1,-3.0,71,36.0,32.0,538.0,-7.0,0.0
649,539.1,-71.0,71,36.0,32.0,542.0,-73.0,0.0
650,535.9,2.0,71,36.0,32.0,539.0,0.0,0.20879244840233044
651,535.0,22.0,71,36.0,32.0,538.0,18.0,0.0
652,530.0,98.0,71,36.0,32.0,534.0,19.0,0.0
653,534.2,1.0,70,36.0,32.0,538.0,0.0,0.2394855946854975
654,531.2,78.0,70,36.0,32.0,533.0,70.0,0.0
655,533.0,86.0,70,36.0,32.0,530.0,52.0,0.0
656,534.2,-10.0,70,36.0,32.0,538.0,-15.0,0.29355199645697705
657,525.2,149.0,70,36.0,32.0,527.0,32.0,0.0
658,529.2,62.0,70,36.0,32.0,532.0,49.0,0.0
659,529.6,56.0,70,36.0,32.0,532.0,52.0,0.328427090868757
660,529.6,59.0,70,36.0,32.0,532.0,47.0,0.0
661,532.3,0.0,70,36.0,32.0,536.0,-13.0,0.0
662,529.9,82.0,70,36.0,32.0,531.0,92.0,0.3026757440120451
663,542.0,-134.0,70,36.0,32.0,546.0,-36.0,0.0
664,526.0,146.0,70,36.0,32.0,528.0,29.0,0.0
665,533.1,-7.0,70,36.0,32.0,536.0,-9.0,0.3075104924937209
666,529.5,61.0,70,36.0,32.0,532.0,22.0,0.0
667,522.0,227.0,69,36.0,32.0,523.0,101.0,0.0
668,532.0,0.0,69,36.0,32.0,535.0,-10.0,0.28141543862126134
669,534.2,9.0,69,36.0,32.0,537.0,0.0,0.0
670,534.2,8.0,69,36.0,32.0,537.0,0.0,0.0
671,531.3,61.0,69,36.0,32.0,534.0,51.0,0.048970398481609244
672,533.5,8.0,69,36.0,32.0,537.0,0.0,0.0
673,534.5,8.0,69,36.0,32.0,537.0,0.0,0.0
674,533.3,8.0,69,36.0,32.0,536.0,0.0,0.006058436976659844
675,520.4,221.0,69,36.0,32.0,522.0,92.0,0.0
676,530.3,1.0,69,36.0,32.0,533.0,24.0,0.0
677,530.6,-5.0,69,36.0,32.0,534.0,-19.0,0.31180301918198966
678,528.3,56.0,69,36.0,32.0,531.0,13.0,0.0
679,529.9,38.0,69,36.0,32.0,533.0,4.0,0.0
680,528.5,68.0,69,36.0,32.0,531.0,54.0,0.3338231014789686
681,526.9,83.0,68,36.0,32.0,530.0,34.0,0.0
682,527.3,72.0,68,36.0,32.0,530.0,40.0,0.0
683,529.8,12.0,68,36.0,32.0,534.0,-3.0,0.3257932573176614
684,527.3,76.0,68,36.0,32.0,530.0,51.0,0.0
685,527.6,77.0,68,36.0,32.0,530.0,58.0,0.0
686,526.2,89.0,68,36.0,32.0,529.0,66.0,0.3419338868368923
687,527.0,78.0,68,36.0,32.0,530.0,44.0,0.0
688,528.2,63.0,68,36.0,32.0,530.0,60.0,0.0
689,527.5,65.0,68,36.0,32.0,530.0,44.0,0.349478865043098
690,532.1,-7.0,68,36.0,32.0,535.0,-17.0,0.0
691,534.3,1.0,68,36.0,32.0,537.0,-9.0,0.0
692,533.1,9.0,68,36.0,32.0,536.0,0.0,0.2209352160670576
693,521.8,212.0,68,36.0,32.0,523.0,95.0,0.0
694,526.0,86.0,67,36.0,32.0,527.0,101.0,0.0
695,529.0,8.0,67,36.0,32.0,532.0,-4.0,0.27470348858305793
696,526.9,72.0,67,36.0,32.0,529.0,50.0,0.0
697,538.5,-136.0,67,36.0,32.0,543.0,-43.0,0.0
698,533.3,8.0,67,36.0,32.0,536.0,0.0,0.2762797730213279
699,533.0,8.0,67,36.0,32.0,536.0,0.0,0.0
700,533.0,8.0,67,36.0,32.0,536.0,0.0,0.0
701,522.6,169.0,67,36.0,32.0,524.0,48.0,0.04397261149469392
702,525.6,97.0,67,36.0,32.0,528.0,83.0,0.0
703,526.9,63.0,67,36.0,32.0,529.0,45.0,0.0
704,527.4,57.0,67,36.0,32.0,530.0,38.0,0.32112443504972343
705,526.6,75.0,66,36.0,32.0,529.0,55.0,0.0
706,526.4,76.0,66,36.0,32.0,529.0,56.0,0.0
707,527.2,75.0,66,36.0,32.0,529.0,62.0,0.34121342460627824
708,526.8,71.0,66,36.0,32.0,529.0,50.0,0.0
709,526.8,66.0,66,36.0,32.0,529.0,48.0,0.0
710,527.8,48.0,66,36.0,32.0,531.0,33.0,0.34871674176180356
711,538.7,-133.0,66,36.0,32.0,542.0,-34.0,0.0
712,533.1,2.0,66,36.0,32.0,536.0,0.0,0.0
713,530.8,44.0,66,36.0,32.0,533.0,41.0,0.2042295124278327
714,532.9,5.0,66,36.0,32.0,536.0,5.0,0.0
715,530.5,2.0,66,36.0,32.0,534.0,0.0,0.0
716,534.0,-11.0,66,36.0,32.0,537.0,-12.0,0.16776811212297033
717,524.1,181.0,66,36.0,32.0,525.0,72.0,0.0
718,526.8,71.0,65,36.0,32.0,529.0,56.0,0.0
719,526.5,77.0,65,36.0,32.0,529.0,48.0,0.31651685865155516
720,527.6,60.0,65,36.0,32.0,530.0,41.0,0.0
721,527.5,54.0,65,36.0,32.0,530.0,44.0,0.0
722,527.7,54.0,65,36.0,32.0,530.0,40.0,0.3497293381904698
723,528.1,50.0,65,36.0,32.0,531.0,38.0,0.0
724,531.1,-12.0,65,36.0,32.0,534.0,-17.0,0.0
725,526.1,87.0,65,36.0,32.0,528.0,74.0,0.3438237877015759
726,527.8,52.0,65,36.0,32.0,530.0,42.0,0.0
727,527.1,61.0,65,36.0,32.0,530.0,47.0,0.0
728,524.8,116.0,65,36.0,32.0,527.0,106.0,0.33268375363267233
729,538.2,-141.0,64,36.0,32.0,543.0,-42.0,0.0
730,533.2,2.0,64,36.0,32.0,536.0,0.0,0.0
731,521.6,189.0,64,36.0,32.0,523.0,80.0,0.19014067164257176
732,528.8,-9.0,64,36.0,32.0,532.0,4.0,0.0
733,526.0,86.0,64,36.0,32.0,527.0,93.0,0.0
734,527.9,45.0,64,36.0,32.0,531.0,35.0,0.3164459585777021
735,530.9,-9.0,64,36.0,32.0,534.0,-14.0,0.0
736,533.2,1.0,64,36.0,32.0,536.0,0.0,0.0
737,532.7,2.0,64,36.0,32.0,536.0,0.0,0.13944187840084613
738,527.6,106.0,64,36.0,32.0,529.0,10.0,0.0
739,531.1,-10.0,64,36.0,32.0,534.0,-14.0,0.0
740,525.3,118.0,64,36.0,32.0,527.0,105.0,0.2949096759490343
741,528.9,52.0,64,36.0,32.0,531.0,52.0,0.0
742,529.7,35.0,64,36.0,32.0,532.0,41.0,0.0
743,531.4,2.0,64,36.0,32.0,534.0,0.0,0.2771207421411209
744,529.7,48.0,64,36.0,32.0,532.0,29.0,0.0
745,532.4,2.0,64,36.0,32.0,536.0,0.0,0.0
746,530.5,33.0,64,36.0,32.0,533.0,29.0,0.2359264523769038
747,521.9,178.0,64,36.0,32.0,522.0,87.0,0.0
748,529.8,-7.0,63,36.0,32.0,533.0,-9.0,0.0
749,530.3,48.0,63,36.0,32.0,531.0,60.0,0.29845463177948806
750,525.5,27.0,63,36.0,32.0,531.0,-4.0,0.0
751,530.2,-15.0,63,36.0,32.0,533.0,-18.0,0.0
752,536.3,-132.0,63,36.0,32.0,541.0,-38.0,0.3518800315575309
753,532.1,13.0,63,36.0,32.0,535.0,4.0,0.0
754,522.4,129.0,63,36.0,32.0,526.0,98.0,0.0
755,528.3,11.0,62,36.0,32.0,532.0,-6.0,0.209068732090461
756,528.8,26.0,62,36.0,32.0,532.0,15.0,0.0
757,523.4,121.0,62,36.0,32.0,526.0,102.0,0.0
758,526.3,80.0,62,36.0,32.0,527.0,86.0,0.2919667489470808
759,522.0,186.0,62,36.0,32.0,523.0,60.0,0.0
760,528.5,11.0,62,36.0,33.0,528.0,59.0,0.0
761,524.1,88.0,62,36.0,33.0,527.0,71.0,0.3137516781908956
762,530.8,8.0,62,36.0,33.0,534.0,0.0,0.0
763,530.8,8.0,62,36.0,33.0,534.0,0.0,0.0
764,524.1,104.0,62,36.0,33.0,527.0,98.0,0.036824422806852
765,523.6,101.0,62,36.0,33.0,526.0,84.0,0.0
766,525.9,64.0,62,36.0,33.0,528.0,48.0,0.0
767,524.9,84.0,62,36.0,33.0,527.0,65.0,0.3072014275799109
768,525.7,72.0,61,36.0,33.0,528.0,54.0,0.0
769,526.2,63.0,61,36.0,33.0,531.0,-2.0,0.0
770,521.7,132.0,61,36.0,33.0,523.0,12.0,0.3190111939810773
771,522.8,122.0,60,36.0,33.0,525.0,94.0,0.0
772,523.0,126.0,60,36.0,33.0,525.0,3.0,0.0
773,520.8,170.0,60,36.0,33.0,521.0,51.0,0.2841846716042173
774,521.3,166.0,60,36.0,33.0,523.0,43.0,0.0
775,528.2,-3.0,60,36.0,33.0,531.0,-13.0,0.0
776,518.8,191.0,60,36.0,33.0,520.0,41.0,0.3069643617698494
777,533.9,-66.0,60,36.0,33.0,536.0,-23.0,0.0
778,530.3,9.0,60,36.0,33.0,533.0,0.0,0.0
779,530.7,8.0,60,36.0,33.0,534.0,0.0,0.10906262879193172
780,531.0,8.0,60,36.0,33.0,534.0,0.0,0.0
781,531.1,8.0,60,36.0,33.0,534.0,0.0,0.0
782,531.3,8.0,60,36.0,32.0,534.0,0.0,0.004221724791988216
783,531.4,7.0,60,36.0,32.0,534.0,0.0,0.0
784,531.5,7.0,60,36.0,32.0,535.0,0.0,0.0
785,531.6,7.0,60,36.0,32.0,535.0,0.0,0.004221724791988216
786,531.6,7.0,60,36.0,32.0,535.0,0.0,0.0
787,531.7,7.0,60,36.0,32.0,535.0,0.0,0.0
788,531.8,7.0,60,36.0,32.0,535.0,0.0,0.004221724791988216
789,531.8,7.0,60,36.0,32.0,535.0,0.0,0.0
790,531.8,7.0,60,36.0,32.0,535.0,0.0,0.0
791,531.9,7.0,60,36.0,32.0,535.0,0.0,0.004221724791988216
792,532.1,3.0,60,36.0,32.0,535.0,0.0,0.0
793,532.4,1.0,60,36.0,32.0,535.0,0.0,0.0
794,532.5,1.0,60,36.0,32.0,536.0,0.0,0.004221724791988216
795,532.5,1.0,60,36.0,32.0,536.0,0.0,0.0
796,532.6,1.0,60,36.0,32.0,536.0,0.0,0.0
797,532.6,1.0,60,36.0,32.0,536.0,0.0,0.004092949522585431
798,532.7,1.0,60,36.0,32.0,536.0,0.0,0.0
799,532.8,1.0,60,36.0,32.0,536.0,0.0,0.0
800,532.8,1.0,60,36.0,32.0,536.0,0.0,0.004092949522585431
801,532.8,1.0,60,36.0,32.0,536.0,0.0,0.0
802,532.8,1.0,60,36.0,32.0,536.0,0.0,0.0
803,532.9,1.0,60,36.0,32.0,536.0,0.0,0.004095793660820911
804,532.9,1.0,60,36.0,32.0,536.0,0.0,0.0
805,532.9,1.0,60,36.0,32.0,536.0,0.0,0.0
806,532.9,1.0,60,36.0,32.0,536.0,0.0,0.004095793660820911
807,532.9,1.0,60,36.0,32.0,536.0,0.0,0.0
808,533.0,1.0,60,36.0,32.0,536.0,0.0,0.0
809,533.0,1.0,60,36.0,32.0,536.0,0.0,0.004095793660820911
810,533.0,1.0,60,36.0,32.0,536.0,0.0,0.0
811,533.0,1.0,60,36.0,32.0,536.0,0.0,0.0
812,533.0,1.0,60,36.0,32.0,536.0,0.0,0.004095793660820911
813,533.1,1.0,60,36.0,32.0,536.0,0.0,0.0
814,533.1,1.0,60,36.0,32.0,536.0,0.0,0.0
815,533.1,1.0,60,36.0,32.0,536.0,0.0,0.004095793660820911
816,533.1,1.0,60,36.0,32.0,536.0,0.0,0.0
817,533.1,1.0,60,36.0,32.0,536.0,0.0,0.0
818,533.1,1.0,60,36.0,32.0,536.0,0.0,0.004095793660820911
819,533.1,1.0,60,36.0,32.0,536.0,0.0,0.0
820,533.1,1.0,60,36.0,32.0,536.0,0.0,0.0
821,533.1,1.0,60,36.0,32.0,536.0,0.0,0.004095793660820911
822,533.2,1.0,60,36.0,32.0,536.0,0.0,0.0
823,533.2,1.0,60,36.0,32.0,536.0,0.0,0.0
824,533.2,1.0,60,36.0,32.0,536.0,0.0,0.004095793660820911
825,533.2,1.0,60,36.0,32.0,536.0,0.0,0.0
826,533.2,1.0,60,36.0,32.0,536.0,0.0,0.0
827,533.2,1.0,60,36.0,32.0,536.0,0.0,0.004095793660820911
828,533.2,1.0,60,36.0,32.0,536.0,0.0,0.0
829,533.2,1.0,60,36.0,32.0,536.0,0.0,0.0
830,533.2,1.0,60,36.0,32.0,536.0,0.0,0.004095793660820911
831,533.2,1.0,60,36.0,32.0,536.0,0.0,0.0
832,533.3,1.0,60,36.0,32.0,536.0,0.0,0.0
833,533.3,1.0,60,36.0,32.0,536.0,0.0,0.004095793660820911
834,533.3,1.0,60,36.0,32.0,536.0,0.0,0.0
835,533.3,1.0,60,36.0,32.0,536.0,0.0,0.0
836,533.3,1.0,60,36.0,32.0,536.0,0.0,0.004095793660820911
837,533.3,1.0,60,36.0,32.0,537.0,0.0,0.0
838,533.3,1.0,60,36.0,32.0,537.0,0.0,0.0
839,533.3,1.0,60,36.0,32.0,537.0,0.0,0.004095793660820911
840,533.3,1.0,60,36.0,32.0,537.0,0.0,0.0
841,533.3,1.0,60,36.0,32.0,536.0,0.0,0.0
842,533.3,1.0,60,36.0,32.0,537.0,0.0,0.004095793660820911
843,533.3,1.0,60,36.0,32.0,537.0,0.0,0.0
844,533.3,1.0,60,36.0,32.0,537.0,0.0,0.0
845,533.3,1.0,60,36.0,32.0,537.0,0.0,0.004095793660820911
846,533.3,1.0,60,36.0,32.0,537.0,0.0,0.0
847,533.3,1.0,60,36.0,32.0,537.0,0.0,0.0
848,533.3,1.0,60,36.0,32.0,537.0,0.0,0.004095793660820911
849,533.3,1.0,60,36.0,32.0,537.0,0.0,0.0
850,533.4,1.0,60,36.0,32.0,537.0,0.0,0.0
851,533.3,2.0,60,36.0,32.0,537.0,0.0,0.004095793660820911
852,532.9,4.0,60,36.0,32.0,536.0,0.0,0.0
853,532.3,-3.0,60,36.0,32.0,536.0,-14.0,0.0
854,528.7,57.0,60,36.0,32.0,532.0,39.0,0.16940998851249114
855,537.7,-35.0,60,36.0,32.0,539.0,-13.0,0.0
856,530.8,73.0,60,36.0,32.0,533.0,56.0,0.0
857,538.9,-136.0,60,36.0,32.0,543.0,-44.0,0.2991421622365201
858,531.7,9.0,60,36.0,32.0,534.0,17.0,0.0
859,533.1,-12.0,60,36.0,32.0,536.0,-18.0,0.0
860,534.7,-7.0,60,36.0,32.0,538.0,-16.0,0.3382218213017919
861,527.0,84.0,60,36.0,32.0,533.0,5.0,0.0
862,527.0,113.0,60,36.0,32.0,529.0,80.0,0.0
863,532.5,25.0,60,36.0,32.0,535.0,27.0,0.2985613442010678
864,529.8,85.0,60,36.0,32.0,531.0,92.0,0.0
865,540.6,-118.0,60,36.0,32.0,545.0,-28.0,0.0
866,535.9,-17.0,60,36.0,32.0,539.0,-28.0,0.28322244607848013
867,533.6,8.0,60,36.0,32.0,537.0,0.0,0.0
868,530.4,8.0,60,36.0,32.0,534.0,-9.0,0.0
869,534.3,-3.0,60,36.0,32.0,537.0,-13.0,0.15304118481954948
870,534.7,-7.0,60,36.0,32.0,538.0,-15.0,0.0
871,525.3,147.0,60,36.0,32.0,526.0,46.0,0.0
872,533.5,-9.0,60,36.0,32.0,537.0,-18.0,0.34039327507385775
873,528.7,82.0,60,36.0,32.0,531.0,71.0,0.0
874,532.9,-8.0,60,36.0,32.0,536.0,-17.0,0.0
875,536.9,-104.0,60,36.0,32.0,543.0,-33.0,0.3233261468579194
876,534.7,9.0,60,36.0,32.0,538.0,0.0,0.0
877,533.6,8.0,60,36.0,32.0,537.0,0.0,0.0
878,533.2,9.0,60,36.0,32.0,536.0,1.0,0.004980852045249492
879,521.9,130.0,60,36.0,32.0,528.0,55.0,0.0
880,531.6,-6.0,60,36.0,32.0,535.0,-16.0,0.0
881,531.1,1.0,60,36.0,32.0,535.0,-14.0,0.3155009830050772
882,523.9,197.0,60,36.0,32.0,525.0,81.0,0.0
883,531.1,-6.0,59,36.0,32.0,534.0,-17.0,0.0
884,536.1,-38.0,59,36.0,32.0,539.0,-42.0,0.3160280072989509
885,532.7,8.0,59,36.0,32.0,536.0,0.0,0.0
886,524.0,143.0,59,36.0,32.0,526.0,14.0,0.0
887,530.7,-1.0,59,36.0,32.0,534.0,-12.0,0.15164884623393193
888,531.9,0.0,59,36.0,32.0,533.0,26.0,0.0
889,529.5,16.0,59,36.0,32.0,534.0,-6.0,0.0
890,532.7,-12.0,59,36.0,32.0,536.0,-4.0,0.29541021612382995
891,532.6,-4.0,59,36.0,32.0,534.0,28.0,0.0
892,533.0,-16.0,59,36.0,32.0,536.0,-18.0,0.0
893,532.8,-13.0,59,36.0,32.0,536.0,-16.0,0.3495821796654279
894,531.9,50.0,59,36.0,32.0,534.0,46.0,0.0
895,531.3,-12.0,59,36.0,32.0,535.0,-15.0,0.0
896,534.1,1.0,59,36.0,32.0,537.0,0.0,0.24864395776891085
897,531.8,34.0,59,36.0,32.0,535.0,31.0,0.0
898,533.3,2.0,59,36.0,32.0,536.0,0.0,0.0
899,528.3,80.0,59,36.0,32.0,531.0,77.0,0.21069506371838337
900,530.1,-2.0,59,36.0,32.0,534.0,-9.0,0.0
901,531.1,-9.0,59,36.0,32.0,535.0,-15.0,0.0
902,531.3,8.0,59,36.0,32.0,533.0,29.0,0.2711389751186704
903,529.5,17.0,59,36.0,32.0,534.0,-3.0,0.0
904,529.3,37.0,59,36.0,32.0,533.0,19.0,0.0
905,530.9,15.0,58,36.0,32.0,534.0,12.0,0.27469739961766954
906,531.0,26.0,58,36.0,32.0,533.0,36.0,0.0
907,531.9,-10.0,58,36.0,32.0,536.0,-19.0,0.0
908,529.6,36.0,58,36.0,32.0,532.0,34.0,0.3261508006119352
909,530.9,16.0,58,36.0,32.0,534.0,18.0,0.0
910,532.5,-16.0,58,36.0,32.0,536.0,-19.0,0.0
911,533.6,-14.0,58,36.0,32.0,537.0,-18.0,0.34997824194760135
912,537.0,-28.0,58,36.0,32.0,540.0,-30.0,0.0
913,523.5,170.0,58,36.0,32.0,525.0,57.0,0.0
914,528.8,45.0,58,36.0,32.0,532.0,33.0,0.2502512575493913
915,529.3,44.0,58,36.0,32.0,533.0,15.0,0.0
916,531.6,-15.0,58,36.0,32.0,535.0,-15.0,0.0
917,532.2,-15.0,58,36.0,32.0,535.0,-18.0,0.3395930694895661
918,534.2,-13.0,58,36.0,32.0,538.0,-42.0,0.0
919,536.0,-21.0,58,36.0,32.0,539.0,-34.0,0.0
920,527.6,132.0,58,36.0,32.0,528.0,24.0,0.25516965486807885
921,522.6,137.0,58,36.0,32.0,528.0,39.0,0.0
922,529.2,31.0,58,36.0,32.0,532.0,11.0,0.0
923,529.7,27.0,58,36.0,32.0,532.0,16.0,0.3286922425514277
924,528.3,50.0,58,36.0,32.0,533.0,-10.0,0.0
925,539.3,-135.0,58,36.0,32.0,544.0,-46.0,0.0
926,527.9,35.0,58,36.0,32.0,534.0,-2.0,0.3061651476870152
927,532.2,-8.0,58,36.0,32.0,535.0,-17.0,0.0
928,530.2,7.0,58,36.0,32.0,535.0,-10.0,0.0
929,528.7,32.0,58,36.0,32.0,533.0,-11.0,0.27902143897309445
930,528.9,55.0,58,36.0,32.0,531.0,40.0,0.0
931,529.3,41.0,58,36.0,32.0,533.0,13.0,0.0
932,529.8,25.0,58,36.0,32.0,533.0,15.0,0.3363512346587517
933,529.9,28.0,58,36.0,32.0,533.0,16.0,0.0
934,529.0,34.0,58,36.0,32.0,532.0,17.0,0.0
935,529.1,35.0,58,36.0,32.0,532.0,21.0,0.32130460230735747
936,530.6,0.0,58,36.0,32.0,535.0,-18.0,0.0
937,530.7,7.0,57,36.0,32.0,534.0,12.0,0.0
938,528.7,38.0,57,36.0,32.0,532.0,14.0,0.24999076057110808
939,531.7,-9.0,57,36.0,32.0,535.0,-19.0,0.0
940,527.5,71.0,57,36.0,32.0,530.0,51.0,0.0
941,531.2,-7.0,57,36.0,32.0,534.0,-19.0,0.3518750748960964
942,529.9,24.0,57,36.0,32.0,531.0,46.0,0.0
943,530.5,-6.0,57,36.0,32.0,534.0,-19.0,0.0
944,530.0,-4.0,57,36.0,32.0,533.0,-16.0,0.34528680311265886
945,528.8,35.0,57,36.0,32.0,532.0,21.0,0.0
946,531.7,-7.0,57,36.0,32.0,535.0,-17.0,0.0
947,538.2,-80.0,57,36.0,32.0,542.0,-97.0,0.33831245068881044
948,532.8,10.0,57,36.0,32.0,536.0,0.0,0.0
949,525.2,121.0,57,36.0,32.0,528.0,103.0,0.0
950,529.5,-5.0,57,36.0,32.0,533.0,-14.0,0.15023160978639163
951,531.4,2.0,57,36.0,32.0,534.0,-9.0,0.0
952,526.4,96.0,57,36.0,32.0,527.0,98.0,0.0
953,523.0,104.0,57,36.0,32.0,527.0,20.0,0.2583932186806401
954,526.5,74.0,57,36.0,32.0,529.0,49.0,0.0
955,529.2,6.0,57,36.0,32.0,530.0,46.0,0.0
956,531.3,-48.0,57,36.0,32.0,539.0,-25.0,0.31818726372506007
957,524.9,139.0,57,36.0,32.0,527.0,15.0,0.0
958,526.0,61.0,57,36.0,32.0,529.0,44.0,0.0
959,528.7,41.0,56,36.0,32.0,527.0,88.0,0.3155976628060285
960,529.1,17.0,56,36.0,32.0,533.0,3.0,0.0
961,530.4,0.0,56,36.0,32.0,533.0,-8.0,0.0
962,527.9,54.0,56,36.0,32.0,530.0,42.0,0.250550669895828
963,535.8,-90.0,56,36.0,32.0,540.0,-1.0,0.0
964,530.0,12.0,56,36.0,32.0,533.0,0.0,0.0
965,531.1,9.0,56,36.0,32.0,534.0,0.0,0.10859395620764418
966,531.0,9.0,56,36.0,32.0,534.0,0.0,0.0
967,530.8,8.0,56,36.0,32.0,534.0,0.0,0.0
968,530.3,28.0,56,36.0,32.0,533.0,17.0,0.047127424744140445
969,531.4,3.0,56,36.0,32.0,534.0,0.0,0.0
970,530.6,19.0,56,36.0,32.0,533.0,16.0,0.0
971,531.6,2.0,56,36.0,32.0,535.0,0.0,0.06801236904490007
972,531.2,16.0,56,36.0,32.0,534.0,11.0,0.0
973,531.7,2.0,56,36.0,32.0,535.0,0.0,0.0
974,531.6,4.0,56,36.0,32.0,534.0,8.0,0.16064418086315288
975,531.7,2.0,56,36.0,32.0,535.0,0.0,0.0
976,530.5,29.0,56,36.0,32.0,533.0,30.0,0.0
977,531.1,15.0,56,36.0,32.0,534.0,13.0,0.12860619958768968
978,531.5,2.0,56,36.0,32.0,535.0,0.0,0.0
979,523.9,153.0,56,36.0,32.0,525.0,45.0,0.0
980,536.2,-103.0,56,36.0,32.0,540.0,-8.0,0.15747766067659574
981,530.9,1.0,56,36.0,32.0,534.0,0.0,0.0
982,532.4,2.0,56,36.0,32.0,535.0,0.0,0.0
983,527.3,97.0,56,36.0,32.0,529.0,99.0,0.03695439649408595
984,522.8,132.0,56,36.0,32.0,524.0,18.0,0.0
985,528.2,24.0,56,36.0,32.0,531.0,19.0,0.0
986,528.7,23.0,56,36.0,32.0,531.0,18.0,0.32886102881250084
987,529.1,24.0,56,36.0,32.0,532.0,18.0,0.0
988,529.2,24.0,56,36.0,32.0,532.0,18.0,0.0
989,529.1,24.0,56,36.0,32.0,532.0,20.0,0.3280742644345681
990,531.2,-15.0,56,36.0,32.0,534.0,-18.0,0.0
991,528.9,29.0,56,36.0,32.0,532.0,23.0,0.0
992,530.1,-7.0,55,36.0,32.0,534.0,-19.0,0.3635719657113815
993,527.9,48.0,55,36.0,32.0,530.0,33.0,0.0
994,530.6,-11.0,55,36.0,32.0,534.0,-18.0,0.0
995,528.2,36.0,55,36.0,32.0,531.0,26.0,0.34425152446307494
996,528.3,35.0,55,36.0,32.0,531.0,27.0,0.0
997,531.1,-15.0,55,36.0,32.0,534.0,-11.0,0.0
998,527.6,59.0,55,36.0,32.0,530.0,47.0,0.3195377181385151
999,527.7,59.0,55,36.0,32.0,532.0,-3.0,0.0
1000,527.7,66.0,55,36.0,32.0,530.0,61.0,0.0
1001,529.1,20.0,55,36.0,32.0,532.0,17.0,0.31811366158502213
1002,528.5,29.0,55,36.0,32.0,531.0,21.0,0.0
1003,529.5,32.0,55,36.0,32.0,531.0,42.0,0.0
1004,530.9,-16.0,55,36.0,32.0,534.0,-17.0,0.355923714045378
1005,526.0,81.0,55,36.0,32.0,528.0,63.0,0.0
1006,527.9,42.0,55,36.0,32.0,531.0,29.0,0.0
1007,530.6,-10.0,55,36.0,32.0,534.0,-11.0,0.3212402645897448
1008,527.3,53.0,55,36.0,32.0,530.0,35.0,0.0
1009,528.7,-2.0,55,36.0,32.0,530.0,47.0,0.0
1010,525.7,88.0,55,36.0,32.0,527.0,104.0,0.333606566290911
1011,521.9,90.0,54,36.0,32.0,526.0,5.0,0.0
1012,524.6,102.0,54,36.0,32.0,527.0,90.0,0.0
1013,531.1,-9.0,54,36.0,32.0,534.0,-18.0,0.3140908082065569
1014,529.6,-3.0,54,36.0,32.0,532.0,10.0,0.0
1015,524.3,105.0,54,36.0,32.0,526.0,95.0,0.0
1016,523.5,124.0,54,36.0,32.0,524.0,83.0,0.2858301575420483
1017,535.1,-60.0,54,36.0,32.0,538.0,-73.0,0.0
1018,530.6,14.0,54,36.0,32.0,533.0,4.0,0.0
1019,525.9,74.0,54,36.0,32.0,528.0,62.0,0.1944226624060915
1020,527.3,40.0,54,36.0,32.0,530.0,35.0,0.0
1021,530.1,-12.0,54,36.0,32.0,535.0,-61.0,0.0
1022,531.7,5.0,54,36.0,32.0,535.0,-5.0,0.2804870804390124
1023,530.9,11.0,54,36.0,32.0,534.0,0.0,0.0
1024,521.7,135.0,54,36.0,32.0,524.0,9.0,0.0
1025,526.0,57.0,54,36.0,32.0,528.0,41.0,0.14884287153176573
1026,529.5,-6.0,54,36.0,32.0,533.0,-17.0,0.0
1027,536.1,-71.0,54,36.0,32.0,539.0,-85.0,0.0
1028,530.6,10.0,54,36.0,32.0,533.0,12.0,0.28161987198735017
1029,530.0,-2.0,54,36.0,32.0,533.0,-14.0,0.0
1030,528.5,75.0,54,36.0,32.0,530.0,71.0,0.0
1031,526.9,0.0,53,36.0,32.0,530.0,-11.0,0.288734442712665
1032,534.7,-120.0,53,36.0,32.0,539.0,-31.0,0.0
1033,525.2,102.0,53,36.0,32.0,526.0,100.0,0.0
1034,531.4,-4.0,53,36.0,32.0,534.0,-15.0,0.3024612624759478
1035,529.7,46.0,53,36.0,32.0,532.0,33.0,0.0
1036,531.3,9.0,53,36.0,32.0,534.0,0.0,0.0
1037,531.1,8.0,53,36.0,32.0,534.0,0.0,0.16808715350510806
1038,531.1,8.0,53,36.0,32.0,534.0,0.0,0.0
1039,525.5,100.0,53,36.0,32.0,528.0,72.0,0.0
1040,521.6,149.0,53,36.0,32.0,523.0,26.0,0.13959266741121923
1041,535.8,-123.0,53,36.0,32.0,540.0,-33.0,0.0
1042,531.5,8.0,53,36.0,32.0,534.0,0.0,0.0
1043,530.8,13.0,53,36.0,32.0,534.0,0.0,0.14488511761692596
1044,530.6,8.0,53,36.0,32.0,534.0,0.0,0.0
1045,530.6,8.0,53,36.0,32.0,534.0,0.0,0.0
1046,526.9,82.0,53,36.0,32.0,532.0,0.0,0.01791381922441689
1047,527.8,60.0,53,36.0,32.0,529.0,47.0,0.0
1048,530.1,4.0,53,36.0,32.0,533.0,-5.0,0.0
1049,530.4,33.0,53,36.0,32.0,533.0,23.0,0.3113674601872046
1050,533.2,-46.0,53,36.0,32.0,537.0,-52.0,0.0
1051,531.6,2.0,53,36.0,32.0,535.0,0.0,0.0
1052,531.6,3.0,53,36.0,32.0,535.0,0.0,0.10837466864225768
1053,522.6,162.0,53,36.0,32.0,523.0,54.0,0.0
1054,529.4,-14.0,53,36.0,32.0,533.0,-16.0,0.0
1055,537.1,-116.0,53,36.0,32.0,541.0,-18.0,0.341394122089964
1056,532.3,2.0,53,36.0,32.0,535.0,0.0,0.0
1057,532.0,2.0,53,36.0,32.0,535.0,0.0,0.0
1058,531.8,3.0,53,36.0,32.0,535.0,4.0,0.017650638513235384
1059,529.5,5.0,53,36.0,32.0,533.0,0.0,0.0
1060,534.8,-89.0,53,36.0,32.0,539.0,-97.0,0.0
1061,528.0,81.0,53,36.0,32.0,532.0,40.0,0.1735458487141113
1062,531.8,-28.0,53,36.0,32.0,538.0,-66.0,0.0
1063,532.0,2.0,53,36.0,32.0,535.0,0.0,0.0
1064,530.7,30.0,53,36.0,32.0,533.0,29.0,0.1608156036262422
1065,522.8,123.0,52,36.0,32.0,525.0,5.0,0.0
1066,530.3,-12.0,52,36.0,32.0,532.0,25.0,0.0
1067,530.3,-11.0,52,36.0,32.0,533.0,-16.0,0.3177089202231941
1068,536.5,-68.0,52,36.0,32.0,540.0,-74.0,0.0
1069,532.3,2.0,52,36.0,32.0,535.0,0.0,0.0
1070,532.1,2.0,52,36.0,32.0,535.0,0.0,0.1120463032048226
1071,520.1,171.0,52,36.0,32.0,520.0,66.0,0.0
1072,525.2,98.0,52,36.0,32.0,531.0,6.0,0.0
1073,530.8,-12.0,52,36.0,32.0,534.0,-16.0,0.2994739971923886
1074,522.0,158.0,52,36.0,32.0,525.0,13.0,0.0
1075,529.0,3.0,52,36.0,32.0,531.0,23.0,0.0
1076,531.1,-16.0,52,36.0,32.0,534.0,-18.0,0.3283054686885802
1077,533.9,0.0,52,36.0,32.0,537.0,0.0,0.0
1078,533.4,2.0,52,36.0,32.0,536.0,0.0,0.0
1079,533.0,-4.0,52,36.0,32.0,536.0,-4.0,0.06287829217208364
1080,532.4,2.0,52,36.0,32.0,535.0,0.0,0.0
1081,532.3,2.0,52,36.0,32.0,535.0,0.0,0.0
1082,522.0,138.0,52,36.0,32.0,524.0,16.0,0.04396976735645844
1083,522.6,132.0,52,36.0,32.0,525.0,95.0,0.0
1084,522.4,130.0,52,36.0,32.0,524.0,16.0,0.0
1085,521.7,126.0,52,36.0,32.0,524.0,68.0,0.29724495135210954
1086,529.9,-10.0,52,36.0,32.0,533.0,-19.0,0.0
1087,530.0,-7.0,52,36.0,32.0,533.0,2.0,0.0
1088,527.1,60.0,52,36.0,32.0,529.0,45.0,0.29367936922539745
1089,528.8,-5.0,51,36.0,32.0,532.0,-17.0,0.0
1090,535.9,-60.0,51,36.0,32.0,539.0,-68.0,0.0
1091,531.5,8.0,51,36.0,32.0,535.0,0.0,0.25426426184024864
1092,531.2,8.0,51,36.0,32.0,534.0,0.0,0.0
1093,531.1,8.0,51,36.0,32.0,534.0,0.0,0.0
1094,521.5,183.0,51,36.0,32.0,521.0,88.0,0.03682312629682388
1095,526.7,-8.0,51,36.0,32.0,530.0,-6.0,0.0
1096,528.8,-9.0,51,36.0,32.0,532.0,-19.0,0.0
1097,537.3,-113.0,51,36.0,32.0,541.0,-18.0,0.34084593827471477
1098,531.0,9.0,51,36.0,32.0,534.0,0.0,0.0
1099,526.9,14.0,51,36.0,32.0,530.0,3.0,0.0
1100,529.3,-3.0,51,36.0,32.0,532.0,4.0,0.06920999475538471
1101,529.5,4.0,51,36.0,32.0,530.0,42.0,0.0
1102,529.9,2.0,50,36.0,32.0,533.0,-8.0,0.0
1103,522.6,159.0,50,36.0,32.0,523.0,50.0,0.28459614236010367
1104,526.2,22.0,50,36.0,32.0,531.0,-6.0,0.0
1105,529.3,-5.0,50,36.0,32.0,532.0,-15.0,0.0
1106,526.9,15.0,50,36.0,32.0,530.0,6.0,0.2946145995311161
1107,529.6,-9.0,50,36.0,32.0,533.0,-17.0,0.0
1108,521.2,171.0,50,36.0,32.0,523.0,17.0,0.0
1109,531.9,-3.0,50,36.0,32.0,535.0,-14.0,0.3435387490815673
1110,530.1,-4.0,50,36.0,32.0,533.0,-15.0,0.0
1111,531.2,22.0,50,36.0,32.0,532.0,41.0,0.0
1112,531.1,9.0,50,36.0,32.0,534.0,0.0,0.2551214612955625
1113,523.0,110.0,50,36.0,32.0,526.0,78.0,0.0
1114,529.7,-5.0,50,36.0,32.0,533.0,-14.0,0.0
1115,532.0,9.0,50,36.0,32.0,535.0,0.0,0.24884416401948733
1116,530.9,15.0,50,36.0,32.0,534.0,1.0,0.0
1117,529.9,16.0,50,36.0,32.0,533.0,0.0,0.0
1118,530.4,19.0,50,36.0,32.0,533.0,0.0,0.030244359197093066
1119,530.3,17.0,50,36.0,32.0,533.0,0.0,0.0
1120,530.2,12.0,50,36.0,32.0,533.0,0.0,0.0
1121,530.2,8.0,50,36.0,32.0,533.0,0.0,0.004728505845549716
1122,530.2,11.0,50,36.0,32.0,533.0,0.0,0.0
1123,530.3,9.0,50,36.0,32.0,533.0,0.0,0.0
1124,530.5,10.0,50,36.0,32.0,533.0,0.0,0.005465679698621289
1125,530.6,10.0,50,36.0,32.0,534.0,0.0,0.0
1126,530.6,10.0,50,36.0,32.0,534.0,0.0,0.0
1127,530.6,11.0,50,36.0,32.0,534.0,0.0,0.004620931297853129
1128,531.2,2.0,50,36.0,32.0,534.0,0.0,0.0
1129,531.5,1.0,50,36.0,32.0,535.0,0.0,0.0
1130,531.6,1.0,50,36.0,32.0,535.0,0.0,0.004221724791988216
1131,531.7,1.0,50,36.0,32.0,535.0,0.0,0.0
1132,531.8,1.0,50,36.0,32.0,535.0,0.0,0.0
1133,531.8,1.0,50,36.0,32.0,535.0,0.0,0.004221724791988216
1134,531.9,1.0,50,36.0,32.0,535.0,0.0,0.0
1135,532.0,1.0,50,36.0,32.0,535.0,0.0,0.0
1136,532.0,1.0,50,36.0,32.0,535.0,0.0,0.004221724791988216
1137,532.0,1.0,50,36.0,32.0,535.0,0.0,0.0
1138,532.1,1.0,50,36.0,32.0,535.0,0.0,0.0
1139,532.1,1.0,50,36.0,32.0,535.0,0.0,0.004221724791988216
1140,532.1,1.0,50,36.0,32.0,535.0,0.0,0.0
1141,532.1,1.0,50,36.0,32.0,535.0,0.0,0.0
1142,532.1,1.0,50,36.0,32.0,535.0,0.0,0.004221724791988216
1143,532.2,1.0,50,36.0,32.0,535.0,0.0,0.0
1144,532.2,1.0,50,36.0,32.0,535.0,0.0,0.0
1145,532.3,1.0,50,36.0,32.0,535.0,0.0,0.004221724791988216
1146,532.3,1.0,50,36.0,32.0,535.0,0.0,0.0
1147,532.3,1.0,50,36.0,32.0,536.0,0.0,0.0
1148,532.3,1.0,50,36.0,32.0,535.0,0.0,0.004092949522585431
1149,532.3,1.0,50,36.0,32.0,535.0,0.0,0.0
1150,532.3,1.0,50,36.0,32.0,536.0,0.0,0.0
1151,532.3,1.0,50,36.0,32.0,535.0,0.0,0.004092949522585431
1152,532.4,1.0,50,36.0,32.0,536.0,0.0,0.0
1153,532.4,1.0,50,36.0,32.0,536.0,0.0,0.0
1154,532.4,1.0,50,36.0,32.0,535.0,0.0,0.004092949522585431
1155,532.4,1.0,50,36.0,32.0,536.0,0.0,0.0
1156,532.3,2.0,50,36.0,32.0,536.0,0.0,0.0
1157,532.0,7.0,50,36.0,32.0,535.0,0.0,0.004092949522585431
1158,531.8,7.0,50,36.0,32.0,535.0,0.0,0.0
1159,531.8,8.0,50,36.0,32.0,535.0,0.0,0.0
1160,531.7,7.0,50,36.0,32.0,535.0,0.0,0.004221724791988216
1161,531.7,7.0,50,36.0,32.0,535.0,0.0,0.0
1162,531.7,7.0,50,36.0,32.0,535.0,0.0,0.0
1163,531.6,7.0,50,36.0,32.0,535.0,0.0,0.004221724791988216
1164,531.6,7.0,50,36.0,32.0,535.0,0.0,0.0
1165,531.6,7.0,50,36.0,32.0,535.0,0.0,0.0
1166,531.6,7.0,50,36.0,32.0,535.0,0.0,0.004221724791988216
1167,531.6,7.0,50,36.0,32.0,535.0,0.0,0.0
1168,531.5,7.0,50,36.0,32.0,535.0,0.0,0.0
1169,531.5,7.0,50,36.0,32.0,535.0,0.0,0.004221724791988216
1170,531.5,7.0,50,36.0,32.0,535.0,0.0,0.0
1171,531.5,7.0,50,36.0,32.0,535.0,0.0,0.0
1172,531.5,7.0,50,36.0,32.0,535.0,0.0,0.004221724791988216
1173,531.5,7.0,50,36.0,32.0,535.0,0.0,0.0
1174,531.5,7.0,50,36.0,32.0,535.0,0.0,0.0
1175,531.5,7.0,50,36.0,32.0,535.0,0.0,0.004221724791988216
1176,531.5,8.0,50,36.0,32.0,534.0,0.0,0.0
1177,531.4,8.0,50,36.0,32.0,535.0,0.0,0.0
1178,531.4,8.0,50,36.0,32.0,535.0,0.0,0.004221724791988216
1179,531.4,8.0,50,36.0,32.0,535.0,0.0,0.0
1180,531.4,8.0,50,36.0,32.0,535.0,0.0,0.0
1181,531.4,8.0,50,36.0,32.0,534.0,0.0,0.004221724791988216
1182,531.4,8.0,50,36.0,32.0,534.0,0.0,0.0
1183,531.4,8.0,50,36.0,32.0,534.0,0.0,0.0
1184,531.3,8.0,50,36.0,32.0,534.0,0.0,0.004221724791988216
1185,531.4,8.0,50,36.0,32.0,535.0,0.0,0.0
1186,531.3,8.0,50,36.0,32.0,534.0,0.0,0.0
1187,531.3,8.0,50,36.0,32.0,534.0,0.0,0.004221724791988216
1188,531.3,8.0,50,36.0,32.0,534.0,0.0,0.0
1189,531.3,8.0,50,36.0,32.0,534.0,0.0,0.0
1190,531.3,8.0,50,36.0,32.0,534.0,0.0,0.004221724791988216
1191,531.3,8.0,50,36.0,32.0,535.0,0.0,0.0
1192,531.3,8.0,50,36.0,32.0,534.0,0.0,0.0
1193,531.3,8.0,50,36.0,32.0,534.0,0.0,0.004221724791988216
1194,531.3,8.0,50,36.0,32.0,534.0,0.0,0.0
1195,531.3,7.0,50,36.0,32.0,534.0,0.0,0.0
1196,531.4,7.0,50,36.0,32.0,534.0,0.0,0.004221724791988216
1197,531.3,7.0,50,36.0,32.0,534.0,0.0,0.0
1198,531.3,7.0,50,36.0,32.0,535.0,0.0,0.0
1199,531.4,7.0,50,36.0,32.0,534.0,0.0,0.004221724791988216
1200,531.4,7.0,50,36.0,32.0,535.0,0.0,0.0
1201,531.4,7.0,50,36.0,32.0,534.0,0.0,0.0
1202,531.4,7.0,49,36.0,32.0,535.0,0.0,0.004221724791988216
1203,531.3,7.0,49,36.0,32.0,535.0,0.0,0.0
1204,531.3,7.0,49,36.0,32.0,535.0,0.0,0.0
1205,531.3,7.0,49,36.0,32.0,534.0,0.0,0.004221724791988216
1206,531.4,7.0,49,36.0,32.0,534.0,0.0,0.0
1207,531.3,7.0,49,36.0,32.0,535.0,0.0,0.0
1208,531.3,7.0,49,36.0,32.0,535.0,0.0,0.004221724791988216
1209,531.3,7.0,49,36.0,32.0,534.0,0.0,0.0
1210,531.3,7.0,49,36.0,32.0,534.0,0.0,0.0
1211,531.3,10.0,49,36.0,32.0,534.0,1.0,0.005106783176416796
1212,530.0,30.0,49,36.0,32.0,533.0,20.0,0.0
1213,527.3,13.0,49,36.0,32.0,532.0,0.0,0.0
1214,526.8,73.0,49,36.0,32.0,528.0,74.0,0.21907816562161786
1215,529.4,7.0,49,36.0,32.0,533.0,0.0,0.0
1216,531.7,6.0,49,36.0,32.0,534.0,0.0,0.0
1217,530.0,8.0,49,36.0,32.0,534.0,-20.0,0.07209371992797509
1218,524.4,72.0,49,36.0,32.0,528.0,45.0,0.0
1219,526.1,33.0,48,36.0,32.0,531.0,2.0,0.0
1220,523.3,112.0,48,36.0,32.0,524.0,15.0,0.32190422563718873
1221,528.2,29.0,48,36.0,32.0,531.0,22.0,0.0
1222,530.2,-10.0,48,36.0,32.0,536.0,-69.0,0.0
1223,531.4,8.0,48,36.0,32.0,534.0,7.0,0.26478056229171865
1224,527.9,-8.0,48,36.0,32.0,530.0,35.0,0.0
1225,525.7,92.0,48,36.0,32.0,526.0,1.0,0.0
1226,522.5,119.0,48,36.0,32.0,525.0,82.0,0.25698630157335317
1227,530.7,-12.0,48,36.0,32.0,534.0,-20.0,0.0
1228,526.6,107.0,48,36.0,32.0,527.0,2.0,0.0
1229,530.9,-7.0,48,36.0,32.0,534.0,-10.0,0.2999612139416543
1230,531.7,-4.0,48,36.0,32.0,535.0,-6.0,0.0
1231,530.5,0.0,48,36.0,32.0,534.0,-10.0,0.0
1232,531.6,2.0,48,36.0,32.0,535.0,0.0,0.20545734240182145
1233,532.2,-17.0,48,36.0,32.0,535.0,-19.0,0.0
1234,517.5,222.0,48,36.0,32.0,518.0,101.0,0.0
1235,526.0,39.0,48,36.0,32.0,528.0,31.0,0.33125448931028456
1236,532.8,-105.0,48,36.0,32.0,539.0,-39.0,0.0
1237,533.2,-14.0,48,36.0,32.0,536.0,-18.0,0.0
1238,531.4,4.0,48,36.0,32.0,535.0,0.0,0.2452088146297326
1239,531.1,1.0,48,36.0,32.0,534.0,0.0,0.0
1240,531.1,8.0,48,36.0,32.0,534.0,0.0,0.0
1241,524.7,145.0,48,36.0,32.0,524.0,48.0,0.044098542625861215
1242,521.6,50.0,48,36.0,32.0,528.0,-15.0,0.0
1243,528.1,13.0,48,36.0,32.0,530.0,33.0,0.0
1244,526.5,40.0,48,36.0,32.0,529.0,31.0,0.31964783283436654
1245,525.1,59.0,48,36.0,32.0,528.0,47.0,0.0
1246,529.5,-15.0,48,36.0,32.0,533.0,-18.0,0.0
1247,537.3,-120.0,48,36.0,32.0,541.0,-22.0,0.36196500079673083
1248,531.8,2.0,48,36.0,32.0,535.0,0.0,0.0
1249,530.9,12.0,48,36.0,32.0,533.0,25.0,0.0
1250,524.0,81.0,48,36.0,32.0,526.0,77.0,0.09481119758973147
1251,524.3,69.0,48,36.0,32.0,529.0,15.0,0.0
1252,530.5,-12.0,48,36.0,32.0,534.0,-17.0,0.0
1253,526.5,131.0,48,36.0,32.0,527.0,34.0,0.3482509872097567
1254,529.5,-13.0,48,36.0,32.0,533.0,-15.0,0.0
1255,524.7,89.0,47,36.0,32.0,527.0,62.0,0.0
1256,530.4,-11.0,47,36.0,32.0,534.0,-15.0,0.35001409545302997
1257,526.2,94.0,47,36.0,32.0,528.0,88.0,0.0
1258,525.3,77.0,47,36.0,32.0,528.0,50.0,0.0
1259,527.7,21.0,47,36.0,32.0,531.0,10.0,0.31498068134143425
1260,529.7,-9.0,47,36.0,32.0,533.0,-14.0,0.0
1261,532.0,2.0,47,36.0,32.0,535.0,0.0,0.0
1262,525.7,71.0,47,36.0,32.0,527.0,96.0,0.1944381198811395
1263,529.1,-8.0,47,36.0,32.0,532.0,-16.0,0.0
1264,524.9,70.0,47,36.0,32.0,528.0,47.0,0.0
1265,530.5,6.0,47,36.0,32.0,534.0,0.0,0.28513747854194915
1266,531.0,9.0,47,36.0,32.0,534.0,0.0,0.0
1267,530.6,8.0,47,36.0,32.0,534.0,0.0,0.0
1268,530.4,11.0,47,36.0,32.0,533.0,1.0,0.005106783176416796
1269,527.6,16.0,47,36.0,32.0,532.0,0.0,0.0
1270,530.5,8.0,47,36.0,32.0,533.0,0.0,0.0
1271,530.4,8.0,47,36.0,32.0,533.0,0.0,0.025221578924813234
1272,530.4,9.0,47,36.0,32.0,533.0,0.0,0.0
1273,530.5,9.0,46,36.0,32.0,533.0,0.0,0.0
1274,530.1,18.0,46,36.0,32.0,533.0,9.0,0.03686334081447166
1275,528.3,47.0,46,36.0,32.0,529.0,55.0,0.0
1276,518.0,190.0,46,36.0,32.0,519.0,49.0,0.0
1277,526.2,29.0,46,36.0,32.0,529.0,16.0,0.3224518961874255
1278,530.3,-4.0,46,36.0,32.0,533.0,-16.0,0.0
1279,531.0,9.0,46,36.0,32.0,534.0,0.0,0.0
1280,530.3,9.0,46,36.0,32.0,533.0,0.0,0.15584472270152422
1281,530.3,9.0,46,36.0,32.0,533.0,0.0,0.0
1282,530.3,9.0,46,36.0,32.0,533.0,0.0,0.0
1283,526.9,59.0,46,36.0,32.0,529.0,55.0,0.0465463505976543
1284,529.3,9.0,46,36.0,32.0,532.0,0.0,0.0
1285,530.5,10.0,46,36.0,32.0,534.0,0.0,0.0
1286,530.3,9.0,46,36.0,32.0,533.0,0.0,0.016654256975863608
1287,530.4,9.0,46,36.0,32.0,533.0,0.0,0.0
1288,530.4,9.0,46,36.0,32.0,533.0,0.0,0.0
1289,530.4,9.0,46,36.0,32.0,533.0,0.0,0.005465679698621289
1290,523.0,139.0,46,36.0,32.0,524.0,37.0,0.0
1291,527.9,-4.0,46,36.0,32.0,531.0,-15.0,0.0
1292,518.1,200.0,46,36.0,32.0,521.0,27.0,0.3147551569356235
1293,530.8,0.0,46,36.0,32.0,534.0,-12.0,0.0
1294,534.9,-74.0,46,36.0,32.0,538.0,-92.0,0.0
1295,530.3,10.0,46,36.0,32.0,533.0,0.0,0.19637367569107883
1296,530.2,10.0,46,36.0,32.0,533.0,0.0,0.0
1297,530.2,10.0,46,36.0,32.0,533.0,0.0,0.0
1298,530.3,9.0,46,36.0,32.0,533.0,0.0,0.005465679698621289
1299,524.6,86.0,46,36.0,32.0,526.0,92.0,0.0
1300,526.2,65.0,45,36.0,32.0,527.0,78.0,0.0
1301,529.4,1.0,45,36.0,32.0,532.0,-8.0,0.2919871001613358
1302,530.8,9.0,45,36.0,32.0,534.0,-1.0,0.0
1303,530.3,9.0,45,36.0,32.0,533.0,0.0,0.0
1304,530.3,9.0,45,36.0,32.0,533.0,0.0,0.07848657463509118
1305,530.4,8.0,45,36.0,32.0,533.0,0.0,0.0
1306,521.5,149.0,45,36.0,32.0,521.0,65.0,0.0
1307,526.1,65.0,45,36.0,32.0,525.0,90.0,0.13668660177928899
1308,528.5,-6.0,45,36.0,32.0,532.0,-16.0,0.0
1309,534.2,-57.0,45,36.0,32.0,537.0,-62.0,0.0
1310,530.3,9.0,45,36.0,32.0,533.0,0.0,0.2495021101677908
1311,530.2,8.0,45,36.0,32.0,533.0,0.0,0.0
1312,523.4,143.0,45,36.0,32.0,525.0,25.0,0.0
1313,518.7,161.0,45,36.0,32.0,522.0,7.0,0.1335757224588012
1314,534.9,-74.0,45,36.0,32.0,536.0,-42.0,0.0
1315,530.2,15.0,45,36.0,32.0,533.0,0.0,0.0
1316,529.8,16.0,45,36.0,32.0,533.0,0.0,0.11492052287937095
1317,522.2,114.0,45,36.0,32.0,525.0,97.0,0.0
1318,533.0,-52.0,45,36.0,32.0,536.0,-74.0,0.0
1319,527.5,7.0,45,36.0,32.0,530.0,-14.0,0.24731379328379383
1320,530.2,7.0,45,36.0,32.0,533.0,-1.0,0.0
1321,529.6,11.0,45,36.0,32.0,532.0,0.0,0.0
1322,530.0,8.0,45,36.0,32.0,533.0,0.0,0.08014078279473769
1323,529.2,27.0,45,36.0,32.0,532.0,21.0,0.0
1324,522.5,135.0,44,36.0,32.0,524.0,8.0,0.0
1325,531.9,-51.0,44,36.0,32.0,536.0,-71.0,0.291879544777373
1326,530.3,8.0,44,36.0,32.0,533.0,0.0,0.0
1327,523.4,130.0,44,36.0,32.0,524.0,28.0,0.0
1328,522.1,115.0,44,36.0,32.0,523.0,9.0,0.14287100751602455
1329,526.3,55.0,44,36.0,32.0,528.0,43.0,0.0
1330,529.4,-7.0,44,36.0,32.0,532.0,-18.0,0.0
1331,530.9,-6.0,44,36.0,32.0,534.0,-16.0,0.3563926632182167
1332,524.5,60.0,44,36.0,32.0,527.0,41.0,0.0
1333,526.8,0.0,44,36.0,32.0,530.0,6.0,0.0
1334,528.3,-9.0,44,36.0,32.0,532.0,-17.0,0.3346548440304804
1335,527.8,46.0,44,36.0,32.0,530.0,40.0,0.0
1336,530.1,-7.0,44,36.0,32.0,532.0,13.0,0.0
1337,523.6,103.0,44,36.0,32.0,527.0,10.0,0.342106644664464
1338,524.9,91.0,44,36.0,32.0,526.0,89.0,0.0
1339,525.5,48.0,43,36.0,32.0,528.0,10.0,0.0
1340,523.8,95.0,43,36.0,32.0,527.0,50.0,0.31766971553560336
1341,525.0,60.0,43,36.0,32.0,528.0,36.0,0.0
1342,524.1,68.0,43,36.0,32.0,527.0,40.0,0.0
1343,528.2,-1.0,43,36.0,32.0,530.0,44.0,0.3478232248858927
1344,525.3,66.0,43,36.0,32.0,527.0,59.0,0.0
1345,525.4,52.0,43,36.0,32.0,528.0,32.0,0.0
1346,524.4,79.0,43,36.0,32.0,527.0,45.0,0.3514216966341382
1347,525.2,53.0,43,36.0,32.0,528.0,34.0,0.0
1348,524.9,54.0,43,36.0,32.0,527.0,37.0,0.0
1349,528.0,-5.0,43,36.0,32.0,531.0,-19.0,0.36168773349496247
1350,536.7,-96.0,43,36.0,32.0,540.0,-1.0,0.0
1351,516.8,202.0,43,36.0,32.0,518.0,75.0,0.0
1352,525.1,33.0,42,36.0,32.0,528.0,19.0,0.28189062798791514
1353,528.4,-1.0,42,36.0,32.0,530.0,21.0,0.0
1354,524.5,63.0,42,36.0,32.0,527.0,42.0,0.0
1355,526.3,44.0,42,36.0,32.0,528.0,36.0,0.3384657653757586
1356,524.9,58.0,42,36.0,32.0,527.0,39.0,0.0
1357,525.0,54.0,42,36.0,32.0,527.0,36.0,0.0
1358,524.9,53.0,42,36.0,32.0,527.0,35.0,0.35595050711435816
1359,525.1,54.0,42,36.0,32.0,527.0,35.0,0.0
1360,525.1,53.0,42,36.0,32.0,527.0,35.0,0.0
1361,525.1,54.0,42,36.0,32.0,528.0,35.0,0.3569694168642574
1362,528.3,-8.0,42,36.0,32.0,531.0,-28.0,0.0
1363,532.7,-18.0,42,36.0,32.0,535.0,-25.0,0.0
1364,527.3,61.0,42,36.0,32.0,529.0,54.0,0.2723647700492095
1365,530.5,-2.0,42,36.0,32.0,533.0,-12.0,0.0
1366,525.3,73.0,42,36.0,32.0,529.0,18.0,0.0
1367,520.1,168.0,42,36.0,32.0,522.0,30.0,0.2815566631641763
1368,528.0,-9.0,41,36.0,32.0,533.0,-70.0,0.0
1369,524.2,76.0,41,36.0,32.0,528.0,36.0,0.0
1370,527.8,27.0,41,36.0,32.0,531.0,0.0,0.25581850482093665
1371,533.6,-90.0,41,36.0,32.0,538.0,-7.0,0.0
1372,530.5,10.0,41,36.0,32.0,533.0,0.0,0.0
1373,523.5,93.0,41,36.0,32.0,526.0,93.0,0.1732684024257684
1374,519.7,174.0,41,36.0,32.0,520.0,57.0,0.0
1375,524.7,63.0,41,36.0,32.0,527.0,56.0,0.0
1376,526.3,73.0,41,36.0,32.0,527.0,81.0,0.322446550594662
1377,529.5,-3.0,41,36.0,32.0,533.0,-14.0,0.0
1378,522.5,140.0,41,36.0,32.0,526.0,91.0,0.0
1379,530.5,9.0,41,36.0,32.0,533.0,0.0,0.26220775329993046
1380,529.9,13.0,41,36.0,32.0,533.0,4.0,0.0
1381,524.1,97.0,41,36.0,32.0,526.0,88.0,0.0
1382,526.7,31.0,41,36.0,32.0,529.0,18.0,0.23033858845972024
1383,525.4,55.0,41,36.0,32.0,527.0,50.0,0.0
1384,524.9,73.0,41,36.0,32.0,527.0,54.0,0.0
1385,525.2,56.0,40,36.0,32.0,526.0,59.0,0.3536816259332503
1386,526.7,36.0,40,36.0,32.0,526.0,79.0,0.0
1387,527.7,-7.0,40,36.0,32.0,531.0,-19.0,0.0
1388,523.6,113.0,40,36.0,32.0,526.0,94.0,0.3331111959135238
1389,525.8,43.0,40,36.0,32.0,529.0,10.0,0.0
1390,523.0,88.0,40,36.0,32.0,525.0,67.0,0.0
1391,528.5,-6.0,40,36.0,32.0,532.0,-19.0,0.3400083194341389
1392,529.7,-3.0,40,36.0,32.0,533.0,-15.0,0.0
1393,533.0,-22.0,40,36.0,32.0,536.0,-27.0,0.0
1394,530.1,10.0,40,36.0,32.0,533.0,0.0,0.2269820725837193
1395,528.9,35.0,40,36.0,32.0,531.0,31.0,0.0
1396,529.7,-31.0,40,36.0,32.0,536.0,-87.0,0.0
1397,521.1,174.0,40,36.0,32.0,524.0,11.0,0.2826523742311503
1398,516.6,149.0,40,36.0,32.0,520.0,12.0,0.0
1399,517.4,149.0,39,36.0,32.0,519.0,94.0,0.0
1400,524.6,51.0,39,36.0,32.0,527.0,34.0,0.3080296177953363
1401,526.1,29.0,39,36.0,32.0,529.0,17.0,0.0
1402,524.9,54.0,39,36.0,32.0,527.0,34.0,0.0
1403,524.3,70.0,39,36.0,32.0,526.0,58.0,0.3515663867244415
1404,523.7,65.0,38,36.0,32.0,526.0,46.0,0.0
1405,524.7,54.0,38,36.0,32.0,527.0,35.0,0.0
1406,524.8,55.0,38,36.0,32.0,527.0,36.0,0.3566945238355312
1407,523.1,76.0,38,36.0,32.0,526.0,50.0,0.0
1408,522.7,82.0,38,36.0,32.0,525.0,60.0,0.0
1409,523.6,66.0,38,36.0,32.0,526.0,45.0,0.34774904480625146
1410,525.6,35.0,38,36.0,32.0,528.0,19.0,0.0
1411,524.0,58.0,38,36.0,32.0,527.0,37.0,0.0
1412,522.0,88.0,38,36.0,32.0,524.0,66.0,0.3485363301158674
1413,534.4,-125.0,38,36.0,32.0,540.0,-43.0,0.0
1414,529.8,10.0,38,36.0,32.0,533.0,0.0,0.0
1415,527.6,36.0,38,36.0,32.0,532.0,0.0,0.16415664086029244
1416,529.5,10.0,38,36.0,32.0,532.0,0.0,0.0
1417,525.0,100.0,38,36.0,32.0,525.0,7.0,0.0
1418,523.9,14.0,38,36.0,32.0,528.0,-4.0,0.14478862774852214
1419,522.9,79.0,38,36.0,32.0,525.0,59.0,0.0
1420,526.0,8.0,38,36.0,32.0,526.0,67.0,0.0
1421,527.4,-5.0,37,36.0,32.0,530.0,-17.0,0.34133537435115785
1422,535.0,-105.0,37,36.0,32.0,539.0,-13.0,0.0
1423,529.9,10.0,37,36.0,32.0,533.0,0.0,0.0
1424,527.9,46.0,37,36.0,32.0,530.0,41.0,0.18736216853256374
1425,521.4,132.0,37,36.0,32.0,523.0,104.0,0.0
1426,514.9,214.0,37,36.0,32.0,516.0,82.0,0.0
1427,520.9,88.0,36,36.0,32.0,522.0,105.0,0.288432943005298
1428,523.2,62.0,36,36.0,32.0,526.0,40.0,0.0
1429,520.7,112.0,36,36.0,32.0,523.0,96.0,0.0
1430,534.9,-133.0,36,36.0,32.0,539.0,-40.0,0.33274995445387456
1431,529.4,8.0,36,36.0,32.0,532.0,0.0,0.0
1432,517.2,212.0,36,36.0,32.0,518.0,85.0,0.0
1433,520.2,120.0,36,36.0,32.0,522.0,99.0,0.13923938630257246
1434,519.8,124.0,36,37.0,32.0,523.0,63.0,0.0
1435,519.6,129.0,36,37.0,32.0,521.0,6.0,0.0
1436,526.8,5.0,36,37.0,32.0,530.0,-19.0,0.29848026192005567
1437,535.1,-128.0,36,36.0,32.0,539.0,-36.0,0.0
1438,529.0,13.0,36,36.0,32.0,530.0,41.0,0.0
1439,513.8,227.0,36,36.0,32.0,515.0,95.0,0.23272798913690473
1440,523.0,61.0,36,37.0,32.0,525.0,41.0,0.0
1441,523.7,62.0,36,37.0,33.0,525.0,24.0,0.0
1442,522.7,32.0,35,37.0,32.0,527.0,-13.0,0.34681805500072427
1443,524.9,2.0,35,37.0,32.0,528.0,-16.0,0.0
1444,527.6,3.0,35,37.0,32.0,528.0,28.0,0.0
1445,522.5,88.0,35,37.0,32.0,525.0,53.0,0.28742307081170865
1446,522.0,110.0,35,37.0,32.0,524.0,94.0,0.0
1447,535.2,-97.0,35,37.0,32.0,533.0,-18.0,0.0
1448,518.6,155.0,34,37.0,32.0,520.0,37.0,0.3098177471167734
1449,520.7,86.0,34,37.0,32.0,524.0,36.0,0.0
1450,523.8,78.0,34,37.0,32.0,526.0,63.0,0.0
1451,527.5,-4.0,34,37.0,32.0,530.0,-16.0,0.3460546293606699
1452,525.0,2.0,34,37.0,32.0,528.0,-8.0,0.0
1453,527.4,-14.0,34,37.0,32.0,531.0,-44.0,0.0
1454,526.6,-16.0,34,37.0,32.0,535.0,-20.0,0.324016441421739
1455,518.1,152.0,34,37.0,33.0,519.0,31.0,0.0
1456,534.0,-122.0,34,37.0,33.0,538.0,-32.0,0.0
1457,528.9,9.0,34,37.0,33.0,532.0,0.0,0.2563591742802539
1458,528.8,9.0,34,37.0,33.0,532.0,0.0,0.0
1459,522.5,117.0,34,37.0,33.0,524.0,105.0,0.0
1460,522.5,19.0,33,37.0,33.0,526.0,6.0,0.14816666858560887
1461,520.8,92.0,33,37.0,33.0,523.0,84.0,0.0
1462,527.6,-4.0,33,37.0,33.0,531.0,-14.0,0.0
1463,532.1,-94.0,33,37.0,33.0,536.0,-6.0,0.3078279070849875
1464,528.7,9.0,33,37.0,33.0,532.0,0.0,0.0
1465,528.7,8.0,33,37.0,33.0,532.0,0.0,0.0
1466,526.9,49.0,33,37.0,32.0,529.0,41.0,0.06166530465618261
1467,519.9,86.0,33,37.0,33.0,522.0,69.0,0.0
1468,528.4,-10.0,33,37.0,33.0,531.0,-17.0,0.0
1469,517.3,168.0,33,37.0,33.0,518.0,60.0,0.34512092660363525
1470,515.2,228.0,33,37.0,33.0,516.0,97.0,0.0
1471,530.7,-24.0,32,37.0,33.0,531.0,-15.0,0.0
1472,533.4,-104.0,32,37.0,33.0,537.0,-13.0,0.29153359910586724
1473,528.0,21.0,32,37.0,33.0,531.0,10.0,0.0
1474,528.4,3.0,32,37.0,33.0,531.0,0.0,0.0
1475,528.7,3.0,32,37.0,33.0,532.0,0.0,0.17314643260035523
1476,529.1,2.0,32,37.0,33.0,532.0,0.0,0.0
1477,522.8,125.0,32,37.0,33.0,524.0,14.0,0.0
1478,522.0,23.0,32,37.0,33.0,528.0,1.0,0.134191453325956
1479,526.1,-6.0,32,37.0,33.0,529.0,-3.0,0.0
1480,522.0,76.0,32,37.0,33.0,524.0,64.0,0.0
1481,524.6,0.0,32,37.0,33.0,528.0,-9.0,0.30805668156657634
1482,535.0,-127.0,32,37.0,33.0,539.0,-20.0,0.0
1483,520.9,86.0,32,37.0,33.0,523.0,74.0,0.0
1484,516.2,187.0,31,37.0,33.0,517.0,65.0,0.3098653453562447
1485,524.7,-13.0,31,37.0,33.0,528.0,-15.0,0.0
1486,514.5,218.0,31,37.0,33.0,515.0,97.0,0.0
1487,518.9,84.0,31,37.0,33.0,522.0,27.0,0.3369675009624439
1488,517.5,149.0,31,37.0,33.0,519.0,35.0,0.0
1489,519.8,89.0,31,37.0,33.0,522.0,32.0,0.0
1490,521.9,15.0,31,37.0,33.0,526.0,-11.0,0.29873491221532816
1491,516.8,162.0,31,37.0,33.0,518.0,45.0,0.0
1492,517.3,151.0,30,37.0,33.0,517.0,46.0,0.0
1493,521.9,53.0,30,37.0,33.0,524.0,41.0,0.3186350789117843
1494,518.7,121.0,30,37.0,33.0,520.0,3.0,0.0
1495,527.2,-9.0,30,37.0,33.0,530.0,-13.0,0.0
1496,515.8,136.0,30,37.0,33.0,518.0,14.0,0.288700522063889
1497,519.1,89.0,30,37.0,33.0,521.0,82.0,0.0
1498,526.9,-88.0,29,37.0,33.0,534.0,-28.0,0.0
1499,526.0,3.0,29,37.0,33.0,529.0,0.0,0.23823775618386903
1500,528.3,-6.0,29,37.0,33.0,531.0,-9.0,0.0
1501,527.7,2.0,29,37.0,33.0,531.0,0.0,0.0
1502,527.9,2.0,29,37.0,33.0,531.0,0.0,0.15749137581184472
1503,528.1,1.0,29,37.0,33.0,531.0,0.0,0.0
1504,528.3,2.0,29,37.0,33.0,531.0,0.0,0.0
1505,528.5,1.0,29,37.0,33.0,531.0,0.0,0.022021986350936523
1506,528.6,1.0,29,37.0,33.0,532.0,0.0,0.0
1507,528.7,2.0,29,37.0,33.0,532.0,0.0,0.0
1508,528.7,4.0,29,37.0,33.0,532.0,0.0,0.022021986350936523
1509,528.5,7.0,29,37.0,33.0,531.0,0.0,0.0
1510,528.4,8.0,29,37.0,33.0,531.0,0.0,0.0
1511,528.4,8.0,29,37.0,33.0,531.0,0.0,0.022021986350936523
1512,528.5,7.0,29,37.0,33.0,531.0,0.0,0.0
1513,528.5,7.0,29,37.0,33.0,531.0,0.0,0.0
1514,528.6,7.0,29,37.0,33.0,532.0,0.0,0.022021986350936523
1515,528.6,7.0,29,37.0,33.0,531.0,0.0,0.0
1516,528.6,8.0,29,37.0,33.0,531.0,0.0,0.0
1517,528.6,8.0,29,37.0,33.0,531.0,0.0,0.022021986350936523
1518,528.6,8.0,29,37.0,33.0,532.0,0.0,0.0
1519,528.6,8.0,29,37.0,33.0,532.0,0.0,0.0
1520,528.7,8.0,29,37.0,33.0,532.0,0.0,0.022021986350936523
1521,528.7,8.0,29,37.0,33.0,532.0,0.0,0.0
1522,528.7,8.0,29,37.0,33.0,532.0,0.0,0.0
1523,528.7,8.0,29,37.0,33.0,532.0,0.0,0.022021986350936523
1524,528.7,8.0,29,37.0,33.0,532.0,0.0,0.0
1525,528.7,8.0,29,37.0,33.0,532.0,0.0,0.0
1526,528.7,8.0,29,37.0,33.0,532.0,0.0,0.022021986350936523
1527,528.7,8.0,29,37.0,33.0,532.0,0.0,0.0
1528,528.8,8.0,29,37.0,33.0,532.0,0.0,0.0
1529,528.8,7.0,29,37.0,33.0,532.0,0.0,0.022021986350936523
1530,528.9,7.0,29,37.0,33.0,532.0,0.0,0.0
1531,528.9,7.0,29,37.0,33.0,532.0,0.0,0.0
1532,528.9,7.0,29,37.0,33.0,532.0,0.0,0.022021986350936523
1533,528.9,7.0,29,37.0,33.0,532.0,0.0,0.0
1534,528.9,7.0,29,37.0,33.0,532.0,0.0,0.0
1535,528.9,7.0,29,37.0,33.0,532.0,0.0,0.022021986350936523
1536,528.9,7.0,29,37.0,33.0,532.0,0.0,0.0
1537,528.9,7.0,29,37.0,33.0,532.0,0.0,0.0
1538,529.0,7.0,29,37.0,33.0,532.0,0.0,0.022021986350936523
1539,529.0,7.0,29,37.0,33.0,532.0,0.0,0.0
1540,529.0,7.0,29,37.0,33.0,532.0,0.0,0.0
1541,528.5,16.0,29,37.0,33.0,531.0,0.0,0.018187018586458326
1542,526.9,9.0,29,37.0,33.0,530.0,-14.0,0.0
1543,529.1,0.0,29,37.0,33.0,532.0,-15.0,0.0
1544,535.5,-66.0,29,37.0,33.0,539.0,-95.0,0.3040214866282497
1545,518.6,136.0,29,37.0,33.0,527.0,12.0,0.0
1546,526.9,55.0,29,37.0,33.0,529.0,39.0,0.0
1547,527.8,15.0,29,37.0,33.0,532.0,-5.0,0.30617038034823446
1548,529.5,-8.0,29,37.0,33.0,537.0,-19.0,0.0
1549,537.5,-114.0,29,37.0,33.0,536.0,-24.0,0.0
1550,532.1,-16.0,29,37.0,33.0,535.0,-12.0,0.3438801356410319
1551,531.2,-15.0,29,37.0,33.0,534.0,-19.0,0.0
1552,530.0,-10.0,29,37.0,33.0,534.0,-19.0,0.0
1553,538.0,-150.0,29,37.0,33.0,542.0,-50.0,0.35633933604997464
1554,527.6,94.0,29,37.0,33.0,530.0,89.0,0.0
1555,531.2,-19.0,29,37.0,33.0,539.0,-16.0,0.0
1556,531.8,-12.0,29,37.0,33.0,535.0,-7.0,0.31570394592379303
1557,532.7,-13.0,29,37.0,33.0,537.0,-60.0,0.0
1558,529.3,39.0,29,37.0,33.0,528.0,96.0,0.0
1559,531.3,-17.0,29,37.0,33.0,538.0,-10.0,0.28152353962827426
1560,530.5,-1.0,29,37.0,33.0,532.0,40.0,0.0
1561,532.6,-36.0,29,37.0,33.0,536.0,-42.0,0.0
1562,534.5,-59.0,29,37.0,33.0,540.0,-86.0,0.26753994474765697
1563,524.5,152.0,29,37.0,33.0,524.0,56.0,0.0
1564,520.7,96.0,29,37.0,33.0,524.0,63.0,0.0
1565,530.1,-16.0,29,37.0,33.0,533.0,-18.0,0.3193629927666601
1566,528.1,45.0,29,37.0,33.0,529.0,74.0,0.0
1567,531.5,-12.0,29,37.0,33.0,534.0,-17.0,0.0
1568,525.0,129.0,29,37.0,33.0,532.0,8.0,0.3249811606276144
1569,532.3,1.0,29,37.0,33.0,530.0,0.0,0.0
1570,532.0,-15.0,29,37.0,33.0,535.0,-16.0,0.0
1571,535.5,-130.0,29,37.0,33.0,540.0,-36.0,0.229205452134442
1572,530.6,-14.0,29,37.0,33.0,533.0,-3.0,0.0
1573,537.6,-151.0,29,37.0,33.0,542.0,-41.0,0.0
1574,529.6,-14.0,29,37.0,33.0,533.0,-19.0,0.34307132972535026
1575,531.3,2.0,29,37.0,33.0,531.0,52.0,0.0
1576,529.6,-16.0,29,37.0,33.0,533.0,-18.0,0.0
1577,529.0,-16.0,29,37.0,33.0,532.0,-19.0,0.35205191620575105
1578,530.2,-15.0,29,37.0,33.0,533.0,-19.0,0.0
1579,538.1,-147.0,29,37.0,33.0,542.0,-47.0,0.0
1580,524.5,28.0,29,37.0,33.0,528.0,37.0,0.3210594089947189
1581,524.5,93.0,28,37.0,33.0,526.0,91.0,0.0
1582,526.6,49.0,28,37.0,33.0,530.0,5.0,0.0
1583,527.5,27.0,28,37.0,33.0,531.0,14.0,0.3034939720323235
1584,526.8,37.0,28,37.0,33.0,530.0,22.0,0.0
1585,529.1,-14.0,28,37.0,33.0,532.0,-20.0,0.0
1586,524.6,83.0,28,37.0,33.0,529.0,-3.0,0.3459654844447481
1587,530.6,-16.0,28,37.0,33.0,534.0,-19.0,0.0
1588,537.9,-96.0,28,37.0,33.0,541.0,-2.0,0.0
1589,532.0,3.0,28,37.0,33.0,535.0,0.0,0.2650541480603257
1590,531.0,4.0,28,37.0,33.0,534.0,0.0,0.0
1591,530.4,8.0,28,37.0,33.0,533.0,0.0,0.0
1592,519.3,187.0,28,37.0,33.0,521.0,64.0,0.03853992201413205
1593,525.6,-6.0,28,37.0,33.0,528.0,17.0,0.0
1594,526.1,34.0,28,37.0,33.0,528.0,33.0,0.0
1595,526.2,26.0,28,37.0,33.0,529.0,15.0,0.3535256398592261
1596,524.8,40.0,28,37.0,33.0,528.0,13.0,0.0
1597,528.7,-9.0,28,37.0,33.0,532.0,-19.0,0.0
1598,527.2,-7.0,28,37.0,33.0,530.0,-19.0,0.3587628315634367
1599,526.4,37.0,28,37.0,33.0,529.0,-3.0,0.0
1600,530.4,-6.0,28,37.0,33.0,533.0,-16.0,0.0
1601,523.8,51.0,28,37.0,33.0,527.0,-2.0,0.3139274750762884
1602,536.5,-102.0,28,37.0,33.0,540.0,-13.0,0.0
1603,530.6,9.0,28,37.0,33.0,533.0,0.0,0.0
1604,528.8,10.0,28,37.0,33.0,532.0,0.0,0.1341991044653016
1605,528.4,9.0,28,37.0,33.0,531.0,0.0,0.0
1606,526.6,1.0,28,37.0,33.0,530.0,-14.0,0.0
1607,527.3,11.0,28,37.0,33.0,529.0,26.0,0.14777946829100416
1608,526.7,-7.0,28,37.0,33.0,530.0,-19.0,0.0
1609,523.9,53.0,28,37.0,33.0,526.0,16.0,0.0
1610,523.7,75.0,28,37.0,33.0,525.0,72.0,0.34087719554481377
1611,523.8,53.0,28,37.0,33.0,527.0,6.0,0.0
1612,527.6,-8.0,28,37.0,33.0,530.0,-20.0,0.0
1613,528.1,-8.0,28,37.0,33.0,531.0,-19.0,0.335390549333826
1614,526.8,0.0,28,37.0,33.0,530.0,-19.0,0.0
1615,527.3,-7.0,27,37.0,33.0,530.0,-21.0,0.0
1616,527.6,-7.0,27,37.0,33.0,531.0,-20.0,0.3299114764768973
1617,525.3,30.0,27,37.0,33.0,528.0,5.0,0.0
1618,525.6,35.0,27,37.0,33.0,528.0,33.0,0.0
1619,525.0,22.0,27,37.0,33.0,528.0,-3.0,0.3134151505799643
1620,527.3,-8.0,27,37.0,33.0,530.0,-19.0,0.0
1621,526.9,-7.0,27,37.0,33.0,530.0,-20.0,0.0
1622,526.0,0.0,27,37.0,33.0,529.0,-17.0,0.34220564504170714
1623,523.3,57.0,27,37.0,33.0,527.0,-6.0,0.0
1624,525.2,25.0,26,37.0,33.0,527.0,48.0,0.0
1625,534.8,-137.0,26,37.0,33.0,539.0,-49.0,0.35030441841781407
1626,529.8,9.0,26,37.0,33.0,532.0,0.0,0.0
1627,528.4,14.0,26,37.0,33.0,531.0,5.0,0.0
1628,528.0,10.0,26,37.0,33.0,531.0,0.0,0.05288967506861222
1629,528.1,9.0,26,37.0,33.0,531.0,0.0,0.0
1630,527.6,6.0,26,37.0,33.0,530.0,0.0,0.0
1631,527.5,9.0,26,37.0,33.0,530.0,0.0,0.01699689706345714
1632,527.4,19.0,26,37.0,33.0,530.0,0.0,0.0
1633,527.6,8.0,26,37.0,33.0,530.0,0.0,0.0
1634,527.8,8.0,26,37.0,33.0,530.0,0.0,0.02393231997367982
1635,527.8,8.0,26,37.0,33.0,531.0,0.0,0.0
1636,527.8,8.0,26,37.0,33.0,531.0,0.0,0.0
1637,527.8,8.0,26,37.0,33.0,531.0,0.0,0.018626352268053006
1638,527.9,8.0,26,37.0,33.0,531.0,0.0,0.0
1639,520.1,164.0,26,37.0,33.0,521.0,42.0,0.0
1640,525.3,13.0,26,37.0,33.0,529.0,0.0,0.13939185690368525
1641,526.8,0.0,26,37.0,33.0,530.0,-10.0,0.0
1642,516.9,187.0,26,37.0,33.0,518.0,65.0,0.0
1643,524.9,-3.0,26,37.0,33.0,528.0,-18.0,0.32503975208938024
1644,521.3,81.0,26,37.0,33.0,525.0,37.0,0.0
1645,526.0,-4.0,26,37.0,33.0,529.0,-16.0,0.0
1646,524.7,0.0,26,37.0,33.0,528.0,-10.0,0.32612862904553674
1647,518.2,75.0,26,37.0,33.0,526.0,8.0,0.0
1648,525.5,-7.0,26,37.0,33.0,529.0,-15.0,0.0
1649,526.9,-3.0,26,37.0,33.0,530.0,-14.0,0.3159197441775306
1650,522.0,51.0,26,37.0,33.0,527.0,2.0,0.0
1651,523.8,11.0,26,37.0,33.0,528.0,-2.0,0.0
1652,519.5,122.0,26,37.0,33.0,522.0,92.0,0.2694797478838951
1653,525.4,0.0,26,37.0,33.0,529.0,-12.0,0.0
1654,528.4,2.0,26,37.0,33.0,531.0,14.0,0.0
1655,525.2,19.0,26,37.0,33.0,529.0,4.0,0.251246744361845
1656,527.2,-3.0,26,37.0,33.0,530.0,-7.0,0.0
1657,527.3,-5.0,26,37.0,33.0,530.0,-9.0,0.0
1658,524.1,51.0,26,37.0,33.0,526.0,45.0,0.2839058201700319
1659,526.6,-3.0,26,37.0,33.0,529.0,-4.0,0.0
1660,527.5,-10.0,26,37.0,33.0,531.0,-13.0,0.0
1661,522.1,105.0,26,37.0,33.0,526.0,49.0,0.2852194997600054
1662,527.6,0.0,26,37.0,33.0,531.0,0.0,0.0
1663,530.9,-54.0,26,37.0,33.0,532.0,0.0,0.0
1664,528.2,2.0,26,37.0,33.0,531.0,0.0,0.0589762508211475
1665,527.4,2.0,26,37.0,33.0,530.0,0.0,0.0
1666,527.8,2.0,26,37.0,33.0,531.0,0.0,0.0
1667,527.9,2.0,26,37.0,33.0,531.0,0.0,0.01881271875536935
1668,528.0,2.0,26,37.0,33.0,531.0,0.0,0.0
1669,528.0,2.0,26,37.0,33.0,531.0,0.0,0.0
1670,528.1,2.0,26,37.0,33.0,531.0,0.0,0.01699689706345714
1671,529.6,-42.0,26,37.0,33.0,531.0,0.0,0.0
1672,524.8,6.0,26,37.0,33.0,528.0,0.0,0.0
1673,526.5,-10.0,26,37.0,33.0,530.0,-14.0,0.10888449475672196
1674,527.3,-7.0,26,37.0,33.0,530.0,-10.0,0.0
1675,522.7,125.0,26,37.0,33.0,522.0,28.0,0.0
1676,521.9,29.0,25,37.0,33.0,528.0,-8.0,0.3153534593377871
1677,525.6,27.0,25,37.0,33.0,524.0,94.0,0.0
1678,525.3,-3.0,25,37.0,33.0,529.0,-14.0,0.0
1679,526.4,-10.0,25,37.0,33.0,529.0,-3.0,0.299222115095609
1680,527.8,-16.0,25,37.0,33.0,530.0,-15.0,0.0
1681,527.3,-11.0,25,37.0,33.0,530.0,-14.0,0.0
1682,524.4,27.0,25,37.0,33.0,527.0,21.0,0.30663138227604375
1683,527.2,-12.0,25,37.0,33.0,530.0,-14.0,0.0
1684,527.7,-8.0,25,37.0,33.0,531.0,0.0,0.0
1685,531.5,-75.0,25,37.0,33.0,535.0,-79.0,0.26500737752030723
1686,520.8,124.0,25,37.0,33.0,523.0,102.0,0.0
1687,521.2,24.0,25,37.0,33.0,527.0,-4.0,0.0
1688,527.1,0.0,25,37.0,33.0,530.0,0.0,0.2559905621522566
1689,530.2,-91.0,25,37.0,33.0,534.0,-1.0,0.0
1690,526.9,8.0,25,37.0,33.0,530.0,0.0,0.0
1691,519.0,146.0,25,37.0,33.0,520.0,34.0,0.16021060596845058
1692,522.1,-8.0,24,37.0,33.0,525.0,-16.0,0.0
1693,522.6,0.0,24,37.0,33.0,523.0,58.0,0.0
1694,518.7,105.0,24,37.0,33.0,520.0,102.0,0.310723375306969
1695,522.1,1.0,24,37.0,33.0,526.0,-19.0,0.0
1696,524.8,-7.0,24,37.0,33.0,528.0,-18.0,0.0
1697,526.9,5.0,24,37.0,33.0,530.0,0.0,0.25400259308524215
1698,526.0,7.0,24,37.0,33.0,529.0,0.0,0.0
1699,524.0,48.0,24,37.0,33.0,526.0,35.0,0.0
1700,526.6,9.0,24,37.0,33.0,529.0,7.0,0.16295648705270885
1701,526.1,7.0,24,37.0,33.0,529.0,-6.0,0.0
1702,525.4,18.0,24,37.0,33.0,528.0,0.0,0.0
1703,525.3,22.0,24,37.0,33.0,528.0,0.0,0.13737708642818444
1704,525.2,17.0,24,37.0,33.0,528.0,0.0,0.0
1705,525.4,7.0,24,37.0,33.0,528.0,0.0,0.0
1706,525.7,9.0,24,37.0,33.0,529.0,0.0,0.023867333242380353
1707,526.2,1.0,24,37.0,33.0,520.0,0.0,
