,time,total_voltage,total_current,soc,temp_max,temp_min,motor_voltage,motor_current,mileage
0,20181101075450.0,538.8,14.0,90.0,14.0,10.0,537.0,0.0,77517.6
1,20181101075500.0,538.2,12.0,90.0,14.0,10.0,537.0,0.0,
2,20181101075510.0,537.8,3.0,90.0,14.0,10.0,535.0,12.0,
3,20181101075520.0,536.9,19.0,90.0,14.0,10.0,534.0,1.0,
4,20181101075530.0,534.9,37.0,90.0,14.0,10.0,533.0,5.0,
5,20181101075540.0,535.6,8.0,90.0,14.0,10.0,533.0,0.0,
6,20181101075550.0,530.8,83.0,90.0,14.0,10.0,528.0,60.0,
7,20181101075600.0,531.3,38.0,90.0,14.0,10.0,529.0,27.0,
8,20181101075610.0,534.4,11.0,90.0,14.0,10.0,532.0,0.0,
9,20181101075620.0,534.1,18.0,90.0,14.0,10.0,531.0,8.0,
10,20181101075630.0,532.2,36.0,90.0,14.0,10.0,530.0,15.0,
11,20181101075640.0,531.0,44.0,90.0,14.0,10.0,529.0,20.0,
12,20181101075650.0,536.2,-10.0,90.0,14.0,10.0,532.0,0.0,
13,20180000000000.0,535.1,0.0,90.0,14.0,10.0,532.0,0.0,0.0
14,20181101075710.0,533.2,9.0,90.0,14.0,10.0,531.0,0.0,
15,20181101075720.0,534.0,10.0,90.0,14.0,10.0,532.0,0.0,
17,20181101075740.0,531.8,32.0,90.0,14.0,10.0,529.0,19.0,
18,20181101075750.0,533.8,10.0,90.0,14.0,10.0,532.0,0.0,
19,20181101075800.0,526.3,103.0,90.0,14.0,10.0,523.0,100.0,
20,20181101075810.0,538.7,-83.0,90.0,14.0,10.0,532.0,-6.0,
21,20181101075820.0,528.8,55.0,89.0,14.0,10.0,527.0,40.0,
22,20181101075830.0,533.0,7.0,89.0,14.0,10.0,529.0,21.0,
23,20181101075840.0,526.1,35.0,89.0,14.0,10.0,529.0,-10.0,
25,20181101075900.0,533.0,-2.0,89.0,14.0,10.0,531.0,-10.0,
26,20181101075910.0,533.3,-2.0,89.0,14.0,10.0,531.0,-10.0,
27,20181101075920.0,528.4,79.0,89.0,14.0,10.0,525.0,76.0,
28,20181101075930.0,528.0,66.0,89.0,14.0,10.0,526.0,53.0,
29,20181101075940.0,533.2,-2.0,89.0,14.0,11.0,531.0,-10.0,
30,20181101075950.0,530.1,52.0,89.0,14.0,11.0,527.0,44.0,
31,20181101080000.0,524.8,123.0,89.0,14.0,11.0,522.0,125.0,
32,20181101080010.0,532.8,-2.0,89.0,14.0,11.0,531.0,-11.0,
33,20181101080020.0,534.8,-1.0,89.0,14.0,11.0,532.0,-10.0,
34,20181101080030.0,533.8,10.0,89.0,14.0,11.0,532.0,0.0,
35,20181101080040.0,533.1,12.0,89.0,14.0,11.0,531.0,0.0,
36,20181101080050.0,529.0,65.0,89.0,14.0,11.0,527.0,57.0,
37,20181101080100.0,533.2,8.0,89.0,14.0,11.0,531.0,-1.0,
38,20181101080110.0,531.7,27.0,89.0,14.0,11.0,529.0,17.0,
39,20181101080120.0,527.6,78.0,89.0,15.0,11.0,525.0,71.0,
40,20181101080130.0,531.7,-2.0,88.0,15.0,11.0,530.0,-9.0,
41,20181101080140.0,534.0,9.0,88.0,15.0,11.0,532.0,0.0,
42,20181101080150.0,526.6,84.0,88.0,15.0,11.0,524.0,77.0,
43,20181101080200.0,528.7,54.0,88.0,15.0,11.0,526.0,52.0,
44,20181101080210.0,533.2,-2.0,88.0,15.0,11.0,531.0,-11.0,
45,20181101080220.0,533.6,-3.0,88.0,15.0,11.0,531.0,-11.0,
46,20181101080230.0,532.2,45.0,88.0,15.0,11.0,531.0,11.0,
47,20181101080240.0,528.4,82.0,88.0,15.0,11.0,525.0,77.0,
48,20181101080250.0,534.5,4.0,88.0,15.0,11.0,532.0,-6.0,
49,20181101080300.0,529.4,77.0,88.0,15.0,11.0,526.0,72.0,
50,20181101080310.0,532.9,8.0,88.0,15.0,11.0,530.0,-1.0,
51,20181101080320.0,533.7,12.0,88.0,15.0,11.0,531.0,0.0,
52,20181101080330.0,524.9,128.0,88.0,15.0,11.0,525.0,72.0,
53,20181101080340.0,532.3,13.0,88.0,15.0,11.0,530.0,0.0,
54,20181101080350.0,527.8,78.0,88.0,15.0,11.0,525.0,75.0,
55,20181101080400.0,530.3,43.0,88.0,15.0,12.0,528.0,31.0,
56,20181101080410.0,539.0,-67.0,88.0,15.0,12.0,537.0,-75.0,
57,20181101080420.0,532.0,52.0,88.0,15.0,12.0,529.0,44.0,
58,20181101080430.0,524.6,130.0,88.0,15.0,12.0,521.0,132.0,
59,20181101080440.0,526.1,83.0,87.0,15.0,12.0,524.0,76.0,
60,20181101080450.0,527.4,67.0,87.0,15.0,12.0,524.0,75.0,
61,20181101080500.0,532.0,-7.0,87.0,16.0,12.0,530.0,2.0,
62,20181101080510.0,533.7,-5.0,87.0,16.0,12.0,531.0,-9.0,
63,20181101080520.0,519.9,162.0,87.0,16.0,12.0,519.0,135.0,
65,20181101080540.0,532.8,-9.0,87.0,16.0,12.0,531.0,0.0,
66,20181101080550.0,529.3,63.0,87.0,16.0,12.0,526.0,69.0,
67,20181101080600.0,533.8,-17.0,87.0,16.0,12.0,536.0,-91.0,
68,20181101080610.0,534.4,10.0,87.0,16.0,12.0,532.0,0.0,
69,20181101080620.0,528.3,107.0,87.0,16.0,12.0,525.0,102.0,
71,20181101080640.0,532.0,-9.0,86.0,16.0,12.0,530.0,0.0,
72,20181101080650.0,518.8,232.0,86.0,16.0,13.0,519.0,168.0,
73,20181101080700.0,520.3,160.0,86.0,16.0,13.0,517.0,207.0,
75,20181101080720.0,522.8,137.0,86.0,17.0,13.0,518.0,200.0,
76,20181101080730.0,527.2,47.0,86.0,17.0,13.0,525.0,77.0,
77,20181101080740.0,527.9,67.0,86.0,17.0,13.0,524.0,97.0,
78,20181101080750.0,525.3,91.0,85.0,17.0,13.0,522.0,119.0,
79,20181101080800.0,526.6,65.0,85.0,17.0,13.0,524.0,99.0,
80,20181101080810.0,532.2,-9.0,85.0,17.0,13.0,530.0,18.0,
81,20181101080820.0,533.6,-9.0,85.0,17.0,13.0,531.0,4.0,
82,20181101080830.0,533.9,-4.0,85.0,17.0,13.0,531.0,-8.0,
83,20181101080840.0,526.6,115.0,85.0,17.0,13.0,529.0,16.0,
84,20181101080850.0,536.3,-15.0,85.0,17.0,13.0,533.0,-17.0,
85,20181101080900.0,529.8,76.0,85.0,17.0,13.0,526.0,77.0,
86,20181101080910.0,528.6,60.0,85.0,17.0,13.0,526.0,44.0,
87,20181101080920.0,529.4,48.0,85.0,17.0,13.0,517.0,216.0,
88,20181101080930.0,530.2,2.0,84.0,17.0,13.0,523.0,93.0,
89,20181101080940.0,532.0,-10.0,84.0,18.0,14.0,530.0,10.0,
90,20181101080950.0,533.3,-8.0,84.0,18.0,14.0,531.0,0.0,
91,20181101081000.0,523.5,150.0,84.0,18.0,14.0,520.0,183.0,
92,20181101081010.0,533.0,-8.0,84.0,18.0,14.0,531.0,4.0,
93,20181101081020.0,539.4,-65.0,84.0,18.0,14.0,537.0,-74.0,
94,20181101081030.0,534.0,9.0,84.0,18.0,14.0,532.0,0.0,
95,20181101081040.0,533.1,28.0,84.0,18.0,14.0,528.0,56.0,
96,20181101081050.0,531.2,41.0,84.0,18.0,14.0,529.0,28.0,
97,20181101081100.0,531.8,34.0,84.0,18.0,14.0,529.0,24.0,
98,20181101081110.0,532.3,26.0,84.0,18.0,14.0,530.0,17.0,
99,20181101081120.0,533.9,5.0,84.0,18.0,14.0,531.0,-6.0,
100,20181101081130.0,532.5,36.0,84.0,18.0,14.0,526.0,98.0,
101,20181101081140.0,530.3,52.0,84.0,18.0,14.0,528.0,39.0,
102,20181101081150.0,533.7,-1.0,84.0,18.0,14.0,529.0,33.0,
103,20181101081200.0,532.0,29.0,84.0,18.0,14.0,531.0,-2.0,
104,20181101081210.0,534.5,0.0,84.0,18.0,14.0,532.0,-6.0,
105,20181101081220.0,528.7,83.0,84.0,19.0,14.0,530.0,-2.0,
106,20181101081230.0,534.7,9.0,84.0,19.0,14.0,534.0,-39.0,
107,20181101081240.0,525.0,134.0,83.0,19.0,14.0,530.0,-14.0,
108,20181101081250.0,535.8,0.0,83.0,19.0,14.0,532.0,0.0,
109,20181101081300.0,525.8,130.0,83.0,19.0,14.0,523.0,129.0,
110,20181101081310.0,532.3,24.0,83.0,19.0,14.0,530.0,14.0,
111,20181101081320.0,528.4,86.0,83.0,19.0,14.0,530.0,-7.0,
112,20181101081330.0,531.6,74.0,83.0,19.0,15.0,528.0,78.0,
113,20181101081340.0,531.5,45.0,83.0,19.0,15.0,529.0,38.0,
114,20181101081350.0,535.9,0.0,83.0,19.0,15.0,537.0,-73.0,
115,20181101081400.0,535.8,1.0,83.0,19.0,15.0,533.0,0.0,
116,20181101081410.0,535.8,1.0,83.0,19.0,15.0,533.0,0.0,
117,20181101081420.0,535.5,9.0,83.0,19.0,15.0,533.0,11.0,
118,20181101081430.0,535.5,0.0,83.0,19.0,15.0,533.0,0.0,
119,20181101081440.0,529.1,96.0,83.0,20.0,15.0,526.0,103.0,
120,20181101081450.0,535.3,-5.0,83.0,20.0,15.0,530.0,41.0,
121,20181101081500.0,536.4,0.0,83.0,20.0,15.0,534.0,0.0,
122,20181101081510.0,536.3,1.0,83.0,20.0,15.0,534.0,1.0,
123,20181101081520.0,529.3,91.0,83.0,20.0,15.0,531.0,6.0,
124,20181101081530.0,522.0,221.0,83.0,20.0,15.0,518.0,248.0,
125,20181101081540.0,531.3,-20.0,83.0,20.0,15.0,529.0,15.0,
126,20181101081550.0,532.8,-16.0,83.0,20.0,15.0,531.0,12.0,
127,20181101081600.0,535.6,-16.0,83.0,20.0,15.0,533.0,-6.0,
128,20181101081610.0,530.5,49.0,83.0,20.0,15.0,528.0,59.0,
129,20181101081620.0,534.4,-20.0,82.0,20.0,15.0,533.0,-5.0,
130,20181101081630.0,533.6,22.0,82.0,20.0,15.0,531.0,27.0,
131,20181101081640.0,535.5,-12.0,82.0,20.0,15.0,533.0,-11.0,
132,20181101081650.0,538.1,-18.0,82.0,20.0,15.0,536.0,-20.0,
133,20181101081700.0,536.4,1.0,82.0,20.0,15.0,534.0,0.0,
134,20181101081710.0,536.4,0.0,82.0,20.0,15.0,534.0,0.0,
135,20181101081720.0,535.8,4.0,82.0,20.0,16.0,532.0,15.0,
136,20181101081730.0,538.0,-37.0,82.0,20.0,16.0,535.0,-31.0,
137,20181101081740.0,532.0,40.0,82.0,20.0,16.0,532.0,1.0,
138,20181101081750.0,536.2,1.0,82.0,20.0,16.0,534.0,0.0,
139,20181101081800.0,536.3,0.0,82.0,20.0,16.0,534.0,0.0,
140,20181101081810.0,528.3,110.0,82.0,20.0,16.0,525.0,114.0,
141,20181101081820.0,529.7,70.0,82.0,21.0,16.0,527.0,69.0,
142,20181101081830.0,528.8,89.0,82.0,21.0,16.0,526.0,86.0,
143,20181101081840.0,528.8,65.0,82.0,21.0,16.0,530.0,22.0,
144,20181101081850.0,541.5,-148.0,82.0,21.0,16.0,539.0,-89.0,
145,20181101081900.0,536.6,1.0,82.0,21.0,16.0,534.0,0.0,
146,20181101081910.0,522.5,195.0,82.0,21.0,16.0,519.0,221.0,
147,20181101081920.0,522.0,159.0,82.0,21.0,16.0,519.0,211.0,
149,20181101081940.0,533.4,-19.0,81.0,21.0,16.0,531.0,9.0,
150,20181101081950.0,541.8,-95.0,81.0,21.0,16.0,539.0,-84.0,
151,20181101082000.0,536.0,0.0,81.0,21.0,16.0,534.0,0.0,
152,20181101082010.0,531.2,0.0,81.0,21.0,16.0,531.0,-12.0,
153,20181101082020.0,536.5,-5.0,81.0,21.0,16.0,534.0,-1.0,
154,20181101082030.0,535.5,0.0,81.0,21.0,16.0,533.0,0.0,
157,20181101082100.0,522.6,174.0,81.0,21.0,16.0,519.0,188.0,
158,20181101082110.0,531.5,-19.0,80.0,21.0,16.0,529.0,15.0,
159,20181101082120.0,525.5,117.0,80.0,21.0,16.0,522.0,137.0,
160,20181101082130.0,532.8,-15.0,80.0,21.0,16.0,531.0,15.0,
161,20181101082140.0,542.8,-162.0,80.0,21.0,16.0,542.0,-150.0,
162,20181101082150.0,531.8,95.0,80.0,21.0,16.0,525.0,150.0,
163,20181101082200.0,530.7,58.0,80.0,21.0,16.0,527.0,67.0,
164,20181101082210.0,528.9,73.0,80.0,21.0,16.0,526.0,83.0,
165,20181101082220.0,541.2,-90.0,80.0,21.0,16.0,539.0,-80.0,
166,20181101082230.0,536.1,0.0,80.0,21.0,16.0,534.0,0.0,
167,20181101082240.0,525.8,179.0,80.0,21.0,16.0,521.0,194.0,
168,20181101082250.0,529.3,58.0,80.0,21.0,16.0,527.0,70.0,
169,20181101082300.0,529.9,55.0,80.0,21.0,16.0,527.0,73.0,
170,20181101082310.0,528.1,63.0,80.0,21.0,16.0,526.0,75.0,
171,20181101082320.0,528.5,70.0,80.0,21.0,16.0,526.0,94.0,
172,20181101082330.0,533.9,-17.0,80.0,21.0,16.0,532.0,6.0,
173,20181101082340.0,540.0,-65.0,80.0,21.0,16.0,536.0,-47.0,
174,20181101082350.0,519.7,218.0,80.0,21.0,16.0,516.0,258.0,
175,20181101082400.0,522.1,139.0,80.0,22.0,17.0,520.0,156.0,
176,20181101082410.0,526.8,55.0,80.0,22.0,17.0,526.0,71.0,
177,20181101082420.0,528.1,72.0,79.0,22.0,17.0,525.0,95.0,
178,20181101082430.0,527.7,66.0,79.0,22.0,17.0,525.0,99.0,
179,20181101082440.0,528.1,59.0,79.0,22.0,17.0,526.0,82.0,
180,20181101082450.0,530.6,30.0,79.0,22.0,17.0,528.0,59.0,
181,20181101082500.0,531.2,23.0,79.0,22.0,17.0,529.0,56.0,
182,20181101082510.0,528.0,96.0,79.0,22.0,17.0,525.0,115.0,
183,20181101082520.0,526.9,106.0,79.0,22.0,17.0,524.0,125.0,
184,20181101082530.0,527.1,79.0,78.0,22.0,17.0,524.0,113.0,
185,20181101082540.0,524.3,130.0,78.0,22.0,17.0,521.0,163.0,
186,20181101082550.0,526.8,81.0,78.0,22.0,17.0,525.0,100.0,
187,20181101082600.0,527.8,72.0,78.0,22.0,17.0,525.0,107.0,
188,20181101082610.0,528.2,53.0,78.0,22.0,17.0,530.0,13.0,
189,20181101082620.0,529.4,75.0,78.0,22.0,17.0,526.0,109.0,
190,20181101082630.0,525.1,113.0,78.0,22.0,17.0,522.0,139.0,
191,20181101082640.0,533.2,-21.0,78.0,22.0,17.0,531.0,16.0,
192,20181101082650.0,540.2,-69.0,78.0,22.0,17.0,537.0,-49.0,
193,20181101082700.0,525.6,160.0,78.0,22.0,17.0,521.0,176.0,
194,20181101082710.0,519.5,175.0,78.0,22.0,17.0,520.0,140.0,
195,20181101082720.0,526.9,69.0,78.0,22.0,17.0,524.0,100.0,
196,20181101082730.0,527.9,51.0,78.0,22.0,17.0,525.0,99.0,
197,20181101082740.0,527.3,56.0,78.0,22.0,17.0,525.0,96.0,
198,20181101082750.0,528.3,53.0,77.0,22.0,17.0,525.0,89.0,
199,20181101082800.0,527.5,72.0,77.0,22.0,17.0,524.0,112.0,
200,20181101082810.0,526.3,71.0,77.0,22.0,17.0,524.0,112.0,
201,20181101082820.0,532.5,-20.0,77.0,22.0,17.0,526.0,91.0,
203,20181101082840.0,525.5,83.0,76.0,22.0,17.0,523.0,129.0,
205,20181101082900.0,524.8,105.0,76.0,22.0,17.0,522.0,148.0,
206,20181101082910.0,531.7,-23.0,76.0,22.0,17.0,530.0,28.0,
207,20181101082920.0,527.1,72.0,76.0,22.0,17.0,524.0,109.0,
208,20181101082930.0,531.6,-22.0,76.0,22.0,17.0,530.0,25.0,
209,20181101082940.0,539.0,-62.0,76.0,22.0,17.0,536.0,-53.0,
210,20181101082950.0,525.3,157.0,76.0,22.0,17.0,521.0,169.0,
211,20181101083000.0,521.9,141.0,76.0,22.0,17.0,519.0,182.0,
212,20181101083010.0,525.1,93.0,76.0,22.0,17.0,520.0,173.0,
213,20181101083020.0,525.8,53.0,76.0,22.0,17.0,524.0,89.0,
215,20181101083040.0,525.3,73.0,76.0,22.0,17.0,523.0,116.0,
216,20181101083050.0,525.3,79.0,75.0,22.0,17.0,522.0,127.0,
217,20181101083100.0,527.8,62.0,75.0,22.0,17.0,525.0,101.0,
218,20181101083110.0,528.6,42.0,75.0,22.0,17.0,526.0,78.0,
219,20181101083120.0,528.3,62.0,75.0,22.0,17.0,525.0,86.0,
220,20181101083130.0,531.7,-19.0,75.0,22.0,17.0,530.0,15.0,
221,20181101083140.0,541.7,-124.0,75.0,22.0,17.0,540.0,-124.0,
222,20181101083150.0,532.9,39.0,75.0,22.0,17.0,529.0,40.0,
223,20181101083200.0,522.3,159.0,75.0,22.0,17.0,520.0,163.0,
224,20181101083210.0,529.2,25.0,75.0,22.0,17.0,527.0,35.0,
225,20181101083220.0,531.1,-10.0,74.0,22.0,17.0,529.0,2.0,
226,20181101083230.0,539.2,-135.0,74.0,22.0,17.0,537.0,-138.0,
227,20181101083240.0,531.4,5.0,74.0,22.0,17.0,526.0,53.0,
228,20181101083250.0,530.4,-3.0,74.0,22.0,17.0,528.0,6.0,
229,20181101083300.0,531.7,-4.0,74.0,22.0,17.0,530.0,-1.0,
230,20181101083310.0,532.7,-1.0,74.0,22.0,17.0,530.0,-9.0,
231,20181101083320.0,532.6,0.0,74.0,22.0,17.0,530.0,-11.0,
233,20181101083340.0,532.1,7.0,74.0,22.0,17.0,530.0,-7.0,
234,20181101083350.0,536.5,-38.0,74.0,22.0,17.0,531.0,0.0,
235,20181101083400.0,533.3,13.0,74.0,22.0,17.0,531.0,-5.0,
236,20181101083410.0,533.0,15.0,74.0,22.0,17.0,530.0,0.0,
237,20181101083420.0,532.5,13.0,74.0,22.0,17.0,530.0,0.0,
238,20181101083430.0,532.2,13.0,74.0,22.0,17.0,529.0,0.0,
239,20181101083440.0,532.3,13.0,74.0,22.0,17.0,530.0,0.0,
240,20181101083450.0,532.2,27.0,74.0,22.0,17.0,529.0,0.0,
241,20181101083500.0,532.5,15.0,74.0,22.0,17.0,530.0,0.0,
242,20181101083510.0,532.6,15.0,74.0,22.0,17.0,530.0,0.0,
243,20181101083520.0,532.7,16.0,74.0,22.0,17.0,530.0,0.0,
244,20181101083530.0,532.7,16.0,74.0,22.0,17.0,530.0,2.0,
245,20181101083540.0,530.5,47.0,74.0,22.0,17.0,528.0,31.0,
246,20181101083550.0,529.0,74.0,74.0,22.0,17.0,526.0,62.0,
247,20181101083600.0,530.5,37.0,74.0,22.0,17.0,528.0,17.0,
248,20181101083610.0,536.9,-69.0,74.0,22.0,17.0,534.0,-74.0,
249,20181101083620.0,532.5,16.0,74.0,22.0,17.0,530.0,0.0,
250,20181101083630.0,529.3,72.0,74.0,22.0,17.0,526.0,61.0,
251,20181101083640.0,522.9,134.0,74.0,22.0,17.0,520.0,137.0,
252,20181101083650.0,530.5,8.0,74.0,22.0,17.0,525.0,51.0,
254,20181101083710.0,530.4,6.0,74.0,22.0,17.0,528.0,-4.0,
255,20181101083720.0,527.1,77.0,73.0,22.0,17.0,524.0,67.0,
256,20181101083730.0,526.3,113.0,73.0,22.0,17.0,523.0,104.0,
257,20181101083740.0,530.9,1.0,73.0,22.0,17.0,529.0,-11.0,
258,20181101083750.0,531.7,4.0,73.0,22.0,17.0,534.0,-94.0,
259,20181101083800.0,536.3,-62.0,73.0,22.0,17.0,534.0,-75.0,
260,20181101083810.0,533.5,-2.0,73.0,22.0,17.0,531.0,-17.0,
261,20181101083820.0,527.1,90.0,73.0,22.0,17.0,526.0,38.0,
262,20181101083830.0,531.8,17.0,73.0,22.0,17.0,532.0,-46.0,
263,20181101083840.0,529.8,52.0,73.0,22.0,17.0,528.0,16.0,
264,20181101083850.0,528.3,75.0,73.0,22.0,17.0,526.0,53.0,
265,20181101083900.0,535.7,-76.0,73.0,22.0,17.0,534.0,-81.0,
266,20181101083910.0,532.5,10.0,73.0,22.0,17.0,530.0,-1.0,
267,20181101083920.0,532.3,13.0,73.0,22.0,17.0,530.0,0.0,
268,20181101083930.0,532.4,13.0,73.0,22.0,17.0,530.0,0.0,
269,20181101083940.0,532.5,12.0,73.0,22.0,17.0,530.0,0.0,
270,20181101083950.0,532.7,11.0,73.0,22.0,17.0,530.0,0.0,
271,20181101084000.0,532.8,10.0,73.0,22.0,17.0,530.0,0.0,
272,20181101084010.0,532.9,9.0,73.0,22.0,17.0,531.0,0.0,
273,20181101084020.0,533.0,9.0,72.0,22.0,17.0,531.0,0.0,
274,20181101084030.0,533.1,8.0,72.0,22.0,17.0,531.0,0.0,
275,20181101084040.0,533.2,8.0,72.0,22.0,17.0,531.0,0.0,
276,20181101084050.0,531.1,34.0,72.0,22.0,17.0,530.0,0.0,
277,20181101084100.0,532.5,8.0,72.0,22.0,17.0,531.0,0.0,
278,20181101084110.0,533.4,6.0,72.0,22.0,17.0,527.0,67.0,
279,20181101084120.0,529.2,53.0,72.0,22.0,17.0,527.0,41.0,
280,20181101084130.0,537.2,-64.0,72.0,22.0,17.0,534.0,-61.0,
281,20181101084140.0,533.1,9.0,72.0,22.0,17.0,531.0,0.0,
282,20181101084150.0,523.7,135.0,72.0,22.0,17.0,522.0,112.0,
283,20181101084200.0,523.9,99.0,72.0,22.0,17.0,521.0,97.0,
284,20181101084210.0,523.1,121.0,72.0,22.0,17.0,520.0,151.0,
285,20181101084220.0,517.1,219.0,72.0,22.0,17.0,516.0,215.0,
286,20181101084230.0,530.7,-11.0,72.0,22.0,17.0,529.0,8.0,
287,20181101084240.0,529.4,27.0,72.0,22.0,17.0,527.0,35.0,
288,20181101084250.0,525.7,82.0,72.0,22.0,17.0,523.0,94.0,
289,20181101084300.0,530.5,-11.0,72.0,22.0,17.0,528.0,7.0,
290,20181101084310.0,533.3,2.0,72.0,22.0,17.0,530.0,0.0,
291,20181101084320.0,531.8,21.0,72.0,22.0,17.0,529.0,0.0,
292,20181101084330.0,531.7,18.0,72.0,22.0,17.0,529.0,0.0,
293,20181101084340.0,531.7,25.0,72.0,22.0,17.0,529.0,0.0,
295,20181101084400.0,528.3,-10.0,72.0,22.0,17.0,527.0,-12.0,
296,20181101084410.0,531.4,10.0,72.0,22.0,17.0,529.0,0.0,
297,20181101084420.0,526.0,87.0,72.0,22.0,17.0,520.0,137.0,
298,20181101084430.0,515.8,229.0,71.0,22.0,17.0,513.0,239.0,
299,20181101084440.0,524.8,74.0,71.0,22.0,17.0,521.0,102.0,
300,20181101084450.0,522.9,95.0,70.0,22.0,17.0,520.0,117.0,
301,20181101084500.0,525.5,71.0,70.0,22.0,17.0,522.0,105.0,
302,20181101084510.0,517.8,211.0,70.0,22.0,17.0,514.0,266.0,
303,20181101084520.0,523.5,89.0,70.0,22.0,17.0,521.0,113.0,
304,20181101084530.0,530.7,-11.0,70.0,22.0,17.0,528.0,12.0,
305,20181101084540.0,530.6,-10.0,70.0,22.0,17.0,529.0,6.0,
306,20181101084550.0,539.0,-110.0,70.0,22.0,17.0,535.0,-81.0,
307,20181101084600.0,529.9,-12.0,70.0,22.0,17.0,528.0,-12.0,
308,20181101084610.0,532.5,0.0,70.0,22.0,17.0,529.0,16.0,
309,20181101084620.0,531.0,19.0,70.0,22.0,17.0,528.0,23.0,
310,20181101084630.0,532.1,0.0,70.0,22.0,17.0,530.0,2.0,
311,20181101084640.0,530.1,-16.0,70.0,22.0,17.0,529.0,-11.0,
312,20181101084650.0,518.4,220.0,70.0,22.0,17.0,514.0,253.0,
313,20181101084700.0,517.2,161.0,70.0,22.0,17.0,523.0,49.0,
314,20181101084710.0,530.5,-19.0,70.0,22.0,17.0,529.0,11.0,
315,20181101084720.0,531.3,-19.0,70.0,22.0,17.0,529.0,5.0,
316,20181101084730.0,537.6,-62.0,70.0,22.0,17.0,534.0,-34.0,
317,20181101084740.0,518.2,219.0,70.0,22.0,17.0,514.0,250.0,
318,20181101084750.0,523.6,123.0,70.0,22.0,17.0,521.0,148.0,
319,20181101084800.0,531.3,-14.0,70.0,22.0,17.0,529.0,-5.0,
320,20181101084810.0,534.0,-5.0,70.0,22.0,17.0,532.0,-16.0,
321,20181101084820.0,530.9,15.0,70.0,22.0,17.0,525.0,76.0,
322,20181101084830.0,526.3,30.0,70.0,22.0,17.0,527.0,6.0,
323,20181101084840.0,531.2,-16.0,70.0,22.0,17.0,529.0,-7.0,
324,20181101084850.0,531.7,-10.0,70.0,22.0,17.0,529.0,-12.0,
325,20181101084900.0,533.2,0.0,70.0,22.0,17.0,531.0,0.0,
326,20181101084910.0,534.2,-14.0,70.0,22.0,17.0,530.0,-1.0,
327,20181101084920.0,526.6,110.0,70.0,22.0,17.0,524.0,99.0,
328,20181101084930.0,528.4,29.0,69.0,22.0,17.0,526.0,30.0,
329,20181101084940.0,528.3,48.0,69.0,22.0,17.0,526.0,46.0,
330,20181101084950.0,526.6,76.0,69.0,22.0,17.0,525.0,54.0,
331,20181101085000.0,532.1,-9.0,69.0,22.0,17.0,530.0,-9.0,
332,20181101085010.0,532.0,-5.0,69.0,22.0,17.0,532.0,-41.0,
333,20181101085020.0,532.0,2.0,69.0,22.0,17.0,530.0,0.0,
334,20181101085030.0,531.5,3.0,69.0,22.0,17.0,529.0,0.0,
335,20181101085040.0,532.1,1.0,69.0,22.0,17.0,530.0,0.0,
336,20181101085050.0,531.8,1.0,69.0,22.0,17.0,532.0,-55.0,
337,20181101085100.0,531.6,1.0,69.0,22.0,17.0,529.0,0.0,
338,20181101085110.0,531.8,0.0,69.0,22.0,17.0,529.0,0.0,
339,20181101085120.0,534.6,-59.0,69.0,22.0,17.0,533.0,-62.0,
340,20181101085130.0,531.6,18.0,69.0,22.0,17.0,528.0,36.0,
341,20181101085140.0,530.3,27.0,69.0,22.0,17.0,527.0,44.0,
342,20181101085150.0,531.9,0.0,69.0,22.0,17.0,530.0,0.0,
343,20181101085200.0,529.4,56.0,69.0,22.0,17.0,526.0,65.0,
344,20181101085210.0,532.0,0.0,69.0,22.0,17.0,530.0,0.0,
345,20181101085220.0,531.8,0.0,69.0,22.0,17.0,530.0,0.0,
346,20181101085230.0,528.4,85.0,69.0,22.0,17.0,523.0,117.0,
347,20181101085240.0,516.0,218.0,68.0,22.0,17.0,512.0,266.0,
348,20181101085250.0,532.7,-17.0,68.0,22.0,17.0,536.0,-117.0,
349,20181101085300.0,531.6,0.0,68.0,22.0,17.0,530.0,0.0,
350,20181101085310.0,524.7,86.0,68.0,22.0,17.0,522.0,99.0,
351,20181101085320.0,526.0,59.0,68.0,22.0,17.0,523.0,77.0,
352,20181101085330.0,526.4,45.0,68.0,22.0,17.0,524.0,44.0,
353,20181101085340.0,530.8,-12.0,68.0,22.0,17.0,530.0,-39.0,
354,20181101085350.0,532.1,-15.0,68.0,22.0,17.0,536.0,-124.0,
355,20181101085400.0,534.6,-1.0,68.0,22.0,17.0,533.0,-20.0,
356,20181101085410.0,527.4,94.0,68.0,22.0,17.0,524.0,100.0,
357,20181101085420.0,532.7,1.0,68.0,22.0,17.0,528.0,41.0,
358,20181101085430.0,526.2,0.0,68.0,22.0,17.0,526.0,5.0,
359,20181101085440.0,537.5,-123.0,68.0,22.0,17.0,533.0,-42.0,
360,20181101085450.0,532.1,-5.0,68.0,22.0,17.0,530.0,-4.0,
361,20181101085500.0,519.8,202.0,68.0,22.0,17.0,525.0,45.0,
362,20181101085510.0,535.4,-79.0,68.0,22.0,17.0,535.0,-88.0,
363,20181101085520.0,532.5,1.0,68.0,22.0,17.0,530.0,0.0,
364,20181101085530.0,532.4,1.0,68.0,22.0,17.0,530.0,0.0,
365,20181101085540.0,532.5,1.0,68.0,22.0,17.0,530.0,0.0,
366,20181101085550.0,532.0,13.0,68.0,22.0,17.0,528.0,29.0,
367,20181101085600.0,518.7,220.0,68.0,22.0,17.0,515.0,243.0,
368,20181101085610.0,530.2,-15.0,68.0,22.0,17.0,528.0,-5.0,
369,20181101085620.0,534.4,-26.0,68.0,22.0,17.0,531.0,-17.0,
370,20181101085630.0,532.0,0.0,68.0,22.0,17.0,530.0,0.0,
371,20181101085640.0,531.8,1.0,68.0,22.0,17.0,529.0,0.0,
372,20181101085650.0,531.7,-1.0,68.0,22.0,17.0,530.0,0.0,
373,20181101085700.0,531.8,2.0,68.0,22.0,17.0,530.0,0.0,
374,20181101085710.0,529.1,60.0,68.0,22.0,17.0,526.0,67.0,
375,20181101085720.0,523.8,113.0,68.0,22.0,17.0,520.0,131.0,
376,20181101085730.0,529.0,-16.0,68.0,22.0,17.0,525.0,41.0,
377,20181101085740.0,526.5,19.0,68.0,22.0,17.0,528.0,2.0,
378,20181101085750.0,532.4,-11.0,68.0,22.0,17.0,529.0,0.0,
379,20181101085800.0,528.1,52.0,68.0,22.0,17.0,525.0,55.0,
380,20181101085810.0,532.8,-3.0,68.0,22.0,17.0,530.0,-2.0,
381,20181101085820.0,532.5,16.0,68.0,22.0,17.0,528.0,40.0,
382,20181101085830.0,519.5,221.0,68.0,22.0,17.0,515.0,242.0,
383,20181101085840.0,535.0,-45.0,68.0,22.0,17.0,532.0,-32.0,
384,20181101085850.0,532.2,1.0,68.0,22.0,17.0,530.0,0.0,
385,20181101085900.0,532.2,1.0,68.0,22.0,17.0,530.0,0.0,
386,20181101085910.0,532.3,1.0,68.0,22.0,17.0,530.0,0.0,
387,20181101085920.0,532.3,1.0,68.0,22.0,17.0,530.0,0.0,
388,20181101085930.0,532.4,1.0,68.0,22.0,17.0,530.0,0.0,
389,20181101085940.0,532.4,1.0,68.0,22.0,17.0,529.0,25.0,
390,20181101085950.0,522.3,152.0,68.0,22.0,17.0,517.0,189.0,
391,20181101090000.0,528.6,-16.0,67.0,22.0,17.0,527.0,3.0,
392,20181101090010.0,538.5,-124.0,67.0,22.0,17.0,537.0,-128.0,
393,20181101090020.0,532.7,1.0,67.0,22.0,17.0,530.0,0.0,
394,20181101090030.0,532.3,1.0,67.0,22.0,17.0,530.0,0.0,
395,20181101090040.0,532.3,1.0,67.0,22.0,17.0,530.0,0.0,
396,20181101090050.0,532.3,1.0,67.0,22.0,17.0,530.0,0.0,
397,20181101090100.0,532.4,1.0,67.0,22.0,17.0,530.0,0.0,
398,20181101090110.0,521.2,171.0,67.0,22.0,17.0,518.0,182.0,
399,20181101090120.0,529.9,-14.0,67.0,22.0,17.0,528.0,-5.0,
400,20181101090130.0,533.7,-19.0,67.0,22.0,17.0,531.0,-16.0,
401,20181101090140.0,532.0,1.0,67.0,22.0,17.0,530.0,0.0,
402,20181101090150.0,526.9,71.0,67.0,22.0,17.0,524.0,78.0,
403,20181101090200.0,530.4,-13.0,67.0,22.0,17.0,528.0,-10.0,
404,20181101090210.0,519.8,215.0,67.0,22.0,17.0,516.0,229.0,
405,20181101090220.0,531.0,-10.0,67.0,22.0,17.0,529.0,-11.0,
406,20181101090230.0,535.9,-69.0,67.0,22.0,17.0,534.0,-68.0,
407,20181101090240.0,532.2,1.0,67.0,22.0,17.0,530.0,0.0,
408,20181101090250.0,531.4,0.0,67.0,22.0,17.0,529.0,0.0,
409,20181101090300.0,525.6,87.0,67.0,22.0,17.0,523.0,90.0,
410,20181101090310.0,530.9,-11.0,66.0,22.0,17.0,529.0,-10.0,
411,20181101090320.0,525.1,122.0,66.0,22.0,17.0,522.0,130.0,
412,20181101090330.0,530.7,-10.0,66.0,22.0,17.0,529.0,-11.0,
413,20181101090340.0,532.2,0.0,66.0,22.0,17.0,531.0,-25.0,
414,20181101090350.0,530.6,27.0,66.0,22.0,17.0,529.0,14.0,
415,20181101090400.0,531.6,10.0,66.0,22.0,17.0,530.0,0.0,
416,20181101090410.0,531.6,16.0,66.0,22.0,17.0,529.0,0.0,
417,20181101090420.0,519.0,154.0,66.0,22.0,17.0,524.0,14.0,
418,20181101090430.0,535.4,-83.0,66.0,22.0,17.0,533.0,-90.0,
419,20181101090440.0,531.7,-3.0,66.0,22.0,17.0,529.0,0.0,
420,20181101090450.0,531.8,1.0,66.0,22.0,17.0,530.0,0.0,
421,20181101090500.0,531.9,1.0,66.0,22.0,17.0,530.0,0.0,
422,20181101090510.0,532.0,1.0,66.0,22.0,17.0,530.0,0.0,
423,20181101090520.0,532.1,1.0,66.0,22.0,17.0,530.0,0.0,
424,20181101090530.0,532.1,1.0,66.0,22.0,17.0,530.0,0.0,
425,20181101090540.0,532.2,1.0,66.0,22.0,17.0,530.0,0.0,
426,20181101090550.0,532.2,1.0,66.0,22.0,17.0,530.0,0.0,
427,20181101090600.0,532.2,1.0,66.0,22.0,17.0,530.0,0.0,
428,20181101090610.0,532.3,1.0,66.0,22.0,17.0,530.0,0.0,
429,20181101090620.0,532.3,1.0,66.0,22.0,17.0,530.0,0.0,
430,20181101090630.0,532.3,1.0,66.0,21.0,17.0,530.0,0.0,
431,20181101090640.0,532.3,1.0,66.0,21.0,17.0,530.0,0.0,
432,20181101090650.0,532.4,1.0,66.0,21.0,17.0,530.0,0.0,
433,20181101090700.0,532.4,1.0,66.0,21.0,17.0,530.0,0.0,
434,20181101090710.0,532.0,1.0,66.0,21.0,17.0,530.0,0.0,
435,20181101090720.0,533.6,-25.0,66.0,21.0,17.0,531.0,-27.0,
436,20181101090730.0,531.2,30.0,66.0,21.0,17.0,529.0,22.0,
437,20181101090740.0,534.6,-55.0,66.0,21.0,17.0,533.0,-54.0,
438,20181101090750.0,532.2,1.0,66.0,21.0,17.0,530.0,0.0,
439,20181101090800.0,532.3,1.0,66.0,21.0,17.0,530.0,0.0,
440,20181101090810.0,532.4,1.0,66.0,21.0,17.0,530.0,0.0,
441,20181101090820.0,532.4,1.0,66.0,21.0,17.0,530.0,0.0,
442,20181101090830.0,532.4,1.0,66.0,21.0,17.0,530.0,0.0,
443,20181101090840.0,532.5,1.0,66.0,21.0,17.0,530.0,0.0,
444,20181101090850.0,532.5,1.0,66.0,21.0,17.0,530.0,0.0,
445,20181101090900.0,532.5,1.0,66.0,21.0,17.0,530.0,0.0,
446,20181101090910.0,532.5,1.0,66.0,21.0,17.0,530.0,0.0,
447,20181101090920.0,532.5,1.0,66.0,21.0,17.0,530.0,0.0,
448,20181101090930.0,532.5,1.0,66.0,21.0,17.0,530.0,0.0,
449,20181101090940.0,532.6,1.0,66.0,21.0,17.0,530.0,0.0,
450,20181101090950.0,532.6,1.0,66.0,21.0,17.0,530.0,0.0,
451,20181101091000.0,532.6,1.0,66.0,21.0,17.0,530.0,0.0,
452,20181101091010.0,532.0,11.0,66.0,21.0,17.0,530.0,0.0,
453,20181101091020.0,532.8,-1.0,66.0,21.0,17.0,530.0,0.0,
454,20181101091030.0,532.2,12.0,66.0,21.0,17.0,530.0,0.0,
455,20181101091040.0,532.1,8.0,66.0,21.0,17.0,530.0,0.0,
456,20181101091050.0,530.5,18.0,66.0,21.0,17.0,526.0,43.0,
457,20181101091100.0,530.2,41.0,66.0,21.0,17.0,529.0,2.0,
458,20181101091110.0,518.4,228.0,66.0,21.0,17.0,514.0,244.0,
459,20181101091120.0,516.2,219.0,66.0,21.0,17.0,512.0,263.0,
460,20181101091130.0,526.6,-20.0,66.0,22.0,17.0,525.0,22.0,
461,20181101091140.0,528.9,-20.0,66.0,22.0,17.0,527.0,16.0,
462,20181101091150.0,528.7,-18.0,66.0,22.0,17.0,527.0,17.0,
463,20181101091200.0,529.6,-16.0,66.0,22.0,17.0,528.0,6.0,
464,20181101091210.0,533.1,-78.0,66.0,22.0,17.0,537.0,-144.0,
465,20181101091220.0,532.4,-5.0,66.0,22.0,17.0,530.0,-6.0,
466,20181101091230.0,530.1,37.0,66.0,22.0,17.0,527.0,31.0,
467,20181101091240.0,536.2,-84.0,66.0,22.0,17.0,535.0,-82.0,
468,20181101091250.0,524.1,92.0,66.0,22.0,17.0,522.0,95.0,
469,20181101091300.0,519.1,189.0,66.0,22.0,17.0,515.0,232.0,
470,20181101091310.0,529.1,-16.0,66.0,22.0,17.0,528.0,-4.0,
471,20181101091320.0,531.3,-13.0,66.0,22.0,17.0,529.0,-11.0,
472,20181101091330.0,528.3,51.0,66.0,22.0,17.0,526.0,47.0,
473,20181101091340.0,517.1,218.0,65.0,22.0,17.0,513.0,260.0,
474,20181101091350.0,526.3,19.0,65.0,22.0,17.0,519.0,163.0,
475,20181101091400.0,529.3,-20.0,65.0,22.0,18.0,527.0,16.0,
476,20181101091410.0,515.9,200.0,64.0,22.0,18.0,522.0,55.0,
477,20181101091420.0,521.8,118.0,64.0,22.0,18.0,514.0,249.0,
478,20181101091430.0,515.2,195.0,64.0,22.0,18.0,518.0,107.0,
479,20181101091440.0,524.6,65.0,64.0,22.0,18.0,521.0,115.0,
480,20181101091450.0,529.1,-25.0,64.0,22.0,18.0,527.0,24.0,
481,20181101091500.0,526.4,53.0,64.0,22.0,18.0,524.0,80.0,
483,20181101091520.0,528.3,-24.0,64.0,22.0,18.0,526.0,29.0,
484,20181101091530.0,536.9,-108.0,64.0,22.0,18.0,536.0,-109.0,
485,20181101091540.0,532.1,2.0,64.0,22.0,18.0,530.0,0.0,
486,20181101091550.0,531.7,1.0,64.0,22.0,18.0,529.0,0.0,
487,20181101091600.0,531.6,1.0,64.0,22.0,17.0,529.0,0.0,
488,20181101091610.0,531.6,1.0,64.0,22.0,17.0,529.0,0.0,
489,20181101091620.0,531.6,1.0,64.0,22.0,17.0,529.0,0.0,
490,20181101091630.0,531.6,1.0,64.0,22.0,17.0,529.0,0.0,
491,20181101091640.0,531.6,1.0,64.0,22.0,17.0,529.0,0.0,
492,20181101091650.0,531.6,1.0,64.0,22.0,17.0,529.0,0.0,
493,20181101091700.0,531.7,1.0,64.0,22.0,17.0,529.0,0.0,
494,20181101091710.0,531.7,1.0,64.0,22.0,17.0,530.0,0.0,
495,20181101091720.0,527.1,88.0,64.0,22.0,17.0,524.0,96.0,
496,20181101091730.0,529.6,-13.0,64.0,22.0,17.0,528.0,-9.0,
497,20181101091740.0,534.3,-40.0,64.0,22.0,17.0,532.0,-44.0,
498,20181101091750.0,531.6,1.0,64.0,22.0,17.0,529.0,0.0,
499,20181101091800.0,530.8,0.0,64.0,22.0,17.0,529.0,0.0,
500,20181101091810.0,529.6,-11.0,64.0,22.0,17.0,529.0,-37.0,
501,20181101091820.0,531.3,1.0,64.0,22.0,17.0,527.0,39.0,
502,20181101091830.0,526.7,92.0,64.0,22.0,17.0,522.0,122.0,
503,20181101091840.0,528.7,60.0,64.0,22.0,17.0,527.0,36.0,
504,20181101091850.0,530.9,0.0,64.0,22.0,17.0,529.0,0.0,
505,20181101091900.0,525.2,112.0,64.0,22.0,17.0,522.0,104.0,
506,20181101091910.0,516.8,234.0,64.0,22.0,17.0,513.0,245.0,
507,20181101091920.0,533.5,-52.0,64.0,22.0,17.0,531.0,-41.0,
508,20181101091930.0,530.7,-1.0,64.0,22.0,17.0,529.0,0.0,
509,20181101091940.0,531.2,1.0,64.0,22.0,17.0,529.0,0.0,
510,20181101091950.0,531.3,1.0,64.0,22.0,17.0,529.0,0.0,
511,20181101092000.0,531.4,1.0,64.0,22.0,17.0,529.0,0.0,
512,20181101092010.0,531.5,1.0,64.0,22.0,17.0,529.0,0.0,
513,20181101092020.0,531.6,1.0,64.0,22.0,17.0,529.0,0.0,
514,20181101092030.0,531.6,1.0,64.0,21.0,17.0,529.0,0.0,
515,20181101092040.0,531.7,1.0,64.0,21.0,17.0,529.0,0.0,
516,20181101092050.0,531.7,1.0,64.0,21.0,17.0,530.0,0.0,
517,20181101092100.0,525.8,83.0,64.0,21.0,17.0,527.0,21.0,
518,20181101092110.0,529.1,28.0,64.0,21.0,17.0,527.0,25.0,
519,20181101092120.0,528.6,3.0,64.0,21.0,17.0,528.0,-4.0,
520,20181101092130.0,533.3,-20.0,64.0,21.0,17.0,531.0,-12.0,
521,20181101092140.0,529.8,38.0,64.0,21.0,17.0,527.0,44.0,
522,20181101092150.0,515.6,216.0,63.0,21.0,17.0,512.0,260.0,
523,20181101092200.0,528.7,-18.0,63.0,22.0,17.0,530.0,-51.0,
524,20181101092210.0,533.1,-13.0,63.0,22.0,18.0,530.0,-7.0,
525,20181101092220.0,532.5,-5.0,63.0,22.0,18.0,530.0,0.0,
526,20181101092230.0,531.3,1.0,63.0,22.0,18.0,528.0,14.0,
527,20181101092240.0,534.7,-67.0,63.0,22.0,18.0,532.0,-54.0,
528,20181101092250.0,531.3,1.0,63.0,22.0,18.0,529.0,0.0,
529,20181101092300.0,531.4,1.0,63.0,22.0,18.0,529.0,0.0,
530,20181101092310.0,531.4,1.0,63.0,22.0,18.0,529.0,0.0,
531,20181101092320.0,531.5,1.0,63.0,22.0,17.0,529.0,0.0,
532,20181101092330.0,529.8,32.0,63.0,22.0,17.0,527.0,30.0,
533,20181101092340.0,531.2,1.0,63.0,22.0,17.0,529.0,0.0,
534,20181101092350.0,530.9,1.0,63.0,22.0,17.0,530.0,-34.0,
535,20181101092400.0,531.9,-5.0,63.0,22.0,17.0,530.0,-8.0,
536,20181101092410.0,532.1,-11.0,63.0,22.0,17.0,530.0,-13.0,
537,20181101092420.0,531.6,1.0,63.0,21.0,17.0,529.0,1.0,
538,20181101092430.0,531.6,1.0,63.0,21.0,17.0,529.0,0.0,
539,20181101092440.0,518.4,224.0,63.0,21.0,17.0,514.0,244.0,
540,20181101092450.0,527.6,-18.0,63.0,22.0,17.0,527.0,0.0,
541,20181101092500.0,530.2,-20.0,63.0,22.0,18.0,535.0,-139.0,
542,20181101092510.0,530.3,-14.0,63.0,22.0,17.0,528.0,-10.0,
543,20181101092520.0,531.3,-13.0,63.0,22.0,17.0,529.0,-11.0,
544,20181101092530.0,527.0,63.0,63.0,22.0,17.0,524.0,78.0,
545,20181101092540.0,532.0,-9.0,63.0,22.0,17.0,531.0,-33.0,
546,20181101092550.0,530.0,32.0,63.0,22.0,17.0,527.0,35.0,
547,20181101092600.0,532.3,-9.0,63.0,22.0,17.0,530.0,-1.0,
548,20181101092610.0,531.5,1.0,63.0,22.0,17.0,529.0,0.0,
549,20181101092620.0,530.0,31.0,63.0,22.0,17.0,526.0,58.0,
550,20181101092630.0,517.6,213.0,63.0,22.0,17.0,513.0,252.0,
551,20181101092640.0,536.2,-100.0,63.0,22.0,18.0,534.0,-90.0,
552,20181101092650.0,531.0,13.0,63.0,22.0,18.0,529.0,0.0,
553,20181101092700.0,529.5,14.0,63.0,22.0,18.0,523.0,87.0,
554,20181101092710.0,530.7,8.0,63.0,22.0,18.0,529.0,0.0,
555,20181101092720.0,530.6,22.0,63.0,22.0,18.0,525.0,57.0,
556,20181101092730.0,529.0,4.0,63.0,22.0,17.0,523.0,73.0,
557,20181101092740.0,530.0,20.0,63.0,22.0,17.0,520.0,145.0,
558,20181101092750.0,520.3,160.0,62.0,22.0,18.0,516.0,201.0,
559,20181101092800.0,529.2,-16.0,62.0,22.0,18.0,527.0,-4.0,
560,20181101092810.0,536.6,-131.0,62.0,22.0,18.0,535.0,-113.0,
561,20181101092820.0,531.5,5.0,62.0,22.0,18.0,529.0,12.0,
562,20181101092830.0,531.4,1.0,62.0,22.0,18.0,529.0,0.0,
563,20181101092840.0,531.4,1.0,62.0,22.0,18.0,528.0,10.0,
564,20181101092850.0,533.2,-38.0,62.0,22.0,18.0,530.0,-22.0,
565,20181101092900.0,533.8,-76.0,62.0,22.0,18.0,532.0,-81.0,
566,20181101092910.0,531.3,1.0,62.0,22.0,18.0,529.0,0.0,
567,20181101092920.0,531.3,1.0,62.0,22.0,18.0,529.0,0.0,
568,20181101092930.0,531.4,1.0,62.0,22.0,18.0,529.0,0.0,
569,20181101092940.0,531.4,1.0,62.0,22.0,17.0,529.0,0.0,
570,20181101092950.0,531.5,1.0,62.0,22.0,17.0,529.0,0.0,
571,20181101093000.0,531.6,1.0,62.0,22.0,17.0,529.0,0.0,
572,20181101093010.0,531.6,1.0,62.0,22.0,17.0,529.0,0.0,
573,20181101093020.0,531.6,1.0,62.0,22.0,17.0,529.0,9.0,
574,20181101093030.0,520.9,187.0,62.0,22.0,17.0,514.0,240.0,
575,20181101093040.0,521.6,129.0,62.0,22.0,18.0,517.0,193.0,
576,20181101093050.0,527.5,35.0,62.0,22.0,18.0,516.0,219.0,
577,20181101093100.0,530.9,-20.0,62.0,22.0,18.0,529.0,-2.0,
578,20181101093110.0,524.3,120.0,62.0,22.0,18.0,521.0,132.0,
579,20181101093120.0,529.2,-22.0,62.0,22.0,18.0,528.0,-7.0,
580,20181101093130.0,525.0,67.0,62.0,22.0,18.0,523.0,64.0,
581,20181101093140.0,526.8,23.0,62.0,22.0,18.0,525.0,40.0,
582,20181101093150.0,529.3,-16.0,62.0,22.0,18.0,527.0,-1.0,
583,20181101093200.0,526.6,76.0,62.0,22.0,18.0,519.0,156.0,
584,20181101093210.0,527.4,7.0,61.0,22.0,18.0,525.0,39.0,
585,20181101093220.0,532.0,-9.0,61.0,22.0,18.0,530.0,-7.0,
586,20181101093230.0,528.2,-6.0,61.0,22.0,18.0,528.0,-10.0,
587,20181101093240.0,529.2,-17.0,61.0,22.0,18.0,527.0,-7.0,
588,20181101093250.0,532.7,-3.0,61.0,22.0,18.0,530.0,-1.0,
589,20181101093300.0,531.3,1.0,61.0,22.0,18.0,529.0,0.0,
590,20181101093310.0,531.2,1.0,61.0,22.0,18.0,529.0,0.0,
591,20181101093320.0,533.4,-51.0,61.0,22.0,18.0,531.0,-49.0,
592,20181101093330.0,516.1,219.0,61.0,22.0,18.0,512.0,255.0,
593,20181101093340.0,528.9,6.0,61.0,22.0,18.0,521.0,91.0,
594,20181101093350.0,529.8,-16.0,61.0,22.0,18.0,528.0,-4.0,
595,20181101093400.0,531.6,1.0,61.0,22.0,18.0,529.0,0.0,
596,20181101093410.0,530.8,13.0,61.0,22.0,18.0,526.0,43.0,
597,20181101093420.0,534.1,-77.0,61.0,22.0,18.0,532.0,-77.0,
598,20181101093430.0,529.9,0.0,61.0,22.0,18.0,528.0,0.0,
599,20181101093440.0,531.5,-7.0,61.0,22.0,18.0,529.0,-2.0,
600,20181101093450.0,530.6,14.0,61.0,22.0,18.0,529.0,0.0,
601,20181101093500.0,530.6,12.0,61.0,22.0,18.0,529.0,0.0,
602,20181101093510.0,530.6,13.0,61.0,22.0,18.0,528.0,0.0,
603,20181101093520.0,530.6,9.0,61.0,22.0,18.0,528.0,0.0,
604,20181101093530.0,530.7,8.0,61.0,22.0,18.0,529.0,0.0,
605,20181101093540.0,531.0,0.0,61.0,22.0,18.0,528.0,0.0,
606,20181101095930.0,532.7,0.0,61.0,21.0,17.0,531.0,0.0,
607,20181101095940.0,532.6,1.0,61.0,21.0,17.0,531.0,-6.0,
608,20181101095950.0,532.5,0.0,61.0,21.0,17.0,530.0,0.0,
609,20181101100000.0,532.4,1.0,61.0,21.0,17.0,530.0,0.0,
610,20181101100010.0,532.3,3.0,61.0,21.0,17.0,529.0,18.0,
611,20181101100020.0,526.5,69.0,61.0,21.0,17.0,524.0,73.0,
612,20181101100030.0,525.4,0.0,61.0,21.0,17.0,526.0,0.0,
613,20181101100040.0,531.4,-10.0,61.0,21.0,17.0,526.0,49.0,
614,20181101100050.0,523.8,150.0,61.0,21.0,17.0,517.0,212.0,
615,20181101100100.0,537.0,-137.0,61.0,21.0,17.0,535.0,-122.0,
616,20181101100110.0,535.3,-147.0,61.0,21.0,18.0,535.0,-149.0,
617,20181101100120.0,531.7,1.0,61.0,22.0,18.0,529.0,0.0,
618,20181101100130.0,531.2,0.0,61.0,22.0,18.0,529.0,0.0,
619,20181101100140.0,531.0,-1.0,61.0,22.0,18.0,529.0,0.0,
620,20181101100150.0,531.1,0.0,61.0,21.0,18.0,529.0,0.0,
621,20181101100200.0,531.1,5.0,61.0,21.0,18.0,529.0,0.0,
622,20181101100210.0,531.4,1.0,61.0,21.0,18.0,529.0,0.0,
623,20181101100220.0,531.5,1.0,61.0,21.0,18.0,529.0,0.0,
624,20181101100230.0,531.6,1.0,61.0,21.0,17.0,529.0,0.0,
625,20181101100240.0,531.7,1.0,61.0,21.0,17.0,529.0,0.0,
626,20181101100250.0,531.7,1.0,61.0,21.0,17.0,529.0,0.0,
627,20181101100300.0,531.8,1.0,61.0,21.0,17.0,530.0,0.0,
628,20181101100310.0,531.8,1.0,61.0,21.0,17.0,530.0,0.0,
629,20181101100320.0,527.0,99.0,61.0,21.0,17.0,523.0,101.0,
630,20181101100330.0,517.4,220.0,61.0,21.0,17.0,513.0,251.0,
631,20181101100340.0,527.8,-13.0,61.0,21.0,17.0,526.0,11.0,
632,20181101100350.0,535.6,-73.0,61.0,21.0,18.0,533.0,-65.0,
633,20181101100400.0,529.9,3.0,61.0,21.0,18.0,528.0,0.0,
634,20181101100410.0,527.1,62.0,61.0,21.0,18.0,524.0,68.0,
636,20181101100430.0,521.9,83.0,60.0,21.0,18.0,525.0,2.0,
637,20181101100440.0,536.9,-135.0,60.0,21.0,18.0,536.0,-135.0,
638,20181101100450.0,517.6,225.0,60.0,21.0,18.0,514.0,242.0,
639,20181101100500.0,535.8,-88.0,60.0,22.0,18.0,534.0,-85.0,
640,20181101100510.0,534.7,-95.0,60.0,22.0,18.0,529.0,-1.0,
641,20181101100520.0,514.3,215.0,60.0,22.0,18.0,520.0,68.0,
642,20181101100530.0,531.9,-17.0,60.0,22.0,18.0,529.0,-9.0,
643,20181101100540.0,530.4,1.0,60.0,22.0,18.0,528.0,0.0,
644,20181101100550.0,530.6,1.0,60.0,22.0,18.0,529.0,0.0,
645,20181101100600.0,530.8,1.0,60.0,22.0,18.0,529.0,0.0,
646,20181101100610.0,515.2,222.0,60.0,22.0,18.0,511.0,261.0,
647,20181101100620.0,528.8,-9.0,60.0,22.0,18.0,527.0,-9.0,
648,20181101100630.0,531.0,-1.0,60.0,22.0,18.0,529.0,-1.0,
649,20181101100640.0,534.8,-88.0,60.0,22.0,18.0,533.0,-89.0,
650,20181101100650.0,532.6,-23.0,60.0,22.0,18.0,530.0,-12.0,
651,20181101100700.0,531.8,-16.0,60.0,22.0,18.0,529.0,-12.0,
652,20181101100710.0,529.7,29.0,60.0,22.0,18.0,526.0,43.0,
653,20181101100720.0,530.9,1.0,60.0,22.0,18.0,529.0,0.0,
654,20181101100730.0,521.6,172.0,60.0,22.0,18.0,516.0,202.0,
655,20181101100740.0,534.4,-74.0,60.0,22.0,18.0,532.0,-69.0,
656,20181101100750.0,530.6,6.0,60.0,22.0,18.0,528.0,0.0,
657,20181101100800.0,516.1,224.0,60.0,22.0,18.0,512.0,244.0,
658,20181101100810.0,519.6,118.0,60.0,22.0,18.0,517.0,127.0,
659,20181101100820.0,529.6,0.0,59.0,22.0,18.0,528.0,-4.0,
660,20181101100830.0,530.7,0.0,59.0,22.0,18.0,531.0,-50.0,
661,20181101100840.0,531.0,1.0,59.0,22.0,18.0,529.0,0.0,
662,20181101100850.0,530.9,1.0,59.0,22.0,18.0,529.0,0.0,
663,20181101100900.0,531.0,1.0,59.0,22.0,18.0,529.0,0.0,
664,20181101100910.0,531.0,1.0,59.0,22.0,18.0,529.0,0.0,
665,20181101100920.0,530.0,2.0,59.0,22.0,18.0,528.0,-5.0,
666,20181101100930.0,525.5,119.0,59.0,22.0,18.0,517.0,192.0,
667,20181101100940.0,521.6,113.0,59.0,22.0,18.0,526.0,0.0,
668,20181101100950.0,528.8,30.0,59.0,22.0,18.0,527.0,8.0,
669,20181101101000.0,529.3,18.0,59.0,22.0,18.0,526.0,37.0,
670,20181101101010.0,530.8,1.0,59.0,22.0,18.0,529.0,0.0,
671,20181101101020.0,530.9,1.0,59.0,22.0,18.0,529.0,0.0,
672,20181101101030.0,531.9,-22.0,59.0,22.0,18.0,529.0,-18.0,
673,20181101101040.0,531.0,1.0,59.0,21.0,18.0,529.0,0.0,
674,20181101101050.0,531.1,1.0,59.0,21.0,18.0,529.0,0.0,
675,20181101101100.0,531.2,1.0,59.0,21.0,18.0,529.0,0.0,
676,20181101101110.0,529.7,0.0,59.0,21.0,18.0,528.0,0.0,
677,20181101101120.0,534.0,-63.0,59.0,21.0,18.0,529.0,0.0,
678,20181101101130.0,531.0,1.0,59.0,21.0,18.0,529.0,0.0,
679,20181101101140.0,530.7,1.0,59.0,21.0,18.0,528.0,0.0,
680,20181101101150.0,515.4,209.0,59.0,21.0,18.0,519.0,111.0,
681,20181101101200.0,535.0,-76.0,59.0,22.0,18.0,529.0,-1.0,
682,20181101101210.0,533.2,-45.0,59.0,22.0,18.0,531.0,-38.0,
683,20181101101220.0,530.6,12.0,59.0,22.0,18.0,528.0,0.0,
684,20181101101230.0,530.5,6.0,59.0,22.0,18.0,528.0,0.0,
685,20181101101240.0,530.4,7.0,59.0,22.0,18.0,528.0,0.0,
686,20181101101250.0,530.5,14.0,59.0,22.0,18.0,528.0,0.0,
687,20181101101300.0,530.8,1.0,59.0,22.0,18.0,529.0,0.0,
688,20181101101310.0,528.5,47.0,59.0,21.0,18.0,525.0,55.0,
689,20181101101320.0,526.3,58.0,59.0,21.0,18.0,523.0,71.0,
690,20181101101330.0,524.3,90.0,59.0,21.0,18.0,517.0,180.0,
691,20181101101340.0,527.7,6.0,59.0,22.0,18.0,520.0,94.0,
692,20181101101350.0,528.7,-17.0,59.0,22.0,18.0,527.0,1.0,
693,20181101101400.0,532.3,-63.0,59.0,22.0,18.0,530.0,-12.0,
694,20181101101410.0,531.4,1.0,59.0,22.0,18.0,529.0,0.0,
695,20181101101420.0,524.4,117.0,59.0,22.0,18.0,521.0,126.0,
696,20181101101430.0,530.8,1.0,59.0,22.0,18.0,529.0,0.0,
697,20181101101440.0,529.8,1.0,59.0,22.0,18.0,528.0,0.0,
698,20181101101450.0,526.1,37.0,59.0,22.0,18.0,526.0,1.0,
699,20181101101500.0,535.1,-91.0,59.0,22.0,18.0,533.0,-93.0,
700,20181101101510.0,530.7,12.0,59.0,22.0,18.0,528.0,16.0,
701,20181101101520.0,532.4,-24.0,59.0,22.0,18.0,530.0,-20.0,
702,20181101101530.0,522.3,145.0,59.0,21.0,18.0,519.0,156.0,
703,20181101101540.0,529.0,-11.0,59.0,22.0,18.0,527.0,-9.0,
704,20181101101550.0,531.3,-1.0,59.0,22.0,18.0,532.0,-70.0,
705,20181101101600.0,530.5,11.0,59.0,22.0,18.0,527.0,20.0,
706,20181101101610.0,530.8,1.0,59.0,22.0,18.0,529.0,-17.0,
707,20181101101620.0,524.5,110.0,59.0,22.0,18.0,518.0,167.0,
708,20181101101630.0,532.5,-33.0,59.0,22.0,18.0,528.0,-9.0,
709,20181101101640.0,530.0,-3.0,59.0,22.0,18.0,528.0,-2.0,
710,20181101101650.0,531.7,-3.0,59.0,22.0,18.0,529.0,-2.0,
711,20181101101700.0,527.6,40.0,59.0,22.0,18.0,525.0,50.0,
712,20181101101710.0,527.5,-25.0,58.0,22.0,18.0,526.0,-12.0,
713,20181101101720.0,529.7,-12.0,58.0,22.0,18.0,527.0,-10.0,
714,20181101101730.0,532.3,-15.0,58.0,22.0,18.0,530.0,-13.0,
715,20181101101740.0,530.5,0.0,58.0,22.0,18.0,528.0,0.0,
716,20181101101750.0,530.3,10.0,58.0,22.0,18.0,528.0,0.0,
717,20181101101800.0,530.2,5.0,58.0,22.0,18.0,528.0,0.0,
718,20181101101810.0,530.3,-1.0,58.0,22.0,18.0,528.0,0.0,
719,20181101101820.0,530.8,1.0,58.0,21.0,18.0,529.0,0.0,
720,20181101101830.0,530.9,1.0,58.0,21.0,18.0,529.0,0.0,
721,20181101101840.0,531.0,1.0,58.0,22.0,18.0,529.0,0.0,
722,20181101101850.0,531.1,1.0,58.0,21.0,18.0,529.0,0.0,
723,20181101101900.0,531.1,1.0,58.0,21.0,18.0,529.0,0.0,
724,20181101101910.0,527.3,43.0,58.0,21.0,18.0,522.0,92.0,
725,20181101101920.0,529.1,-12.0,58.0,21.0,18.0,527.0,-9.0,
726,20181101101930.0,529.1,-12.0,58.0,21.0,18.0,528.0,-12.0,
727,20181101101940.0,518.2,223.0,58.0,22.0,18.0,514.0,244.0,
728,20181101101950.0,528.4,-19.0,58.0,22.0,18.0,527.0,-5.0,
729,20181101102000.0,528.2,-18.0,58.0,22.0,18.0,526.0,0.0,
730,20181101102010.0,522.9,86.0,58.0,22.0,18.0,521.0,77.0,
731,20181101102020.0,522.1,120.0,58.0,22.0,18.0,519.0,149.0,
732,20181101102030.0,520.6,108.0,58.0,22.0,18.0,518.0,142.0,
733,20181101102040.0,527.1,-16.0,57.0,22.0,18.0,525.0,-2.0,
734,20181101102050.0,523.1,79.0,57.0,22.0,18.0,524.0,16.0,
735,20181101102100.0,522.0,79.0,57.0,22.0,18.0,519.0,98.0,
736,20181101102110.0,513.8,200.0,57.0,22.0,18.0,511.0,261.0,
737,20181101102120.0,527.5,-16.0,57.0,22.0,18.0,526.0,25.0,
738,20181101102130.0,529.2,-16.0,57.0,22.0,18.0,527.0,20.0,
739,20181101102140.0,529.5,-22.0,57.0,22.0,18.0,526.0,48.0,
740,20181101102150.0,525.8,88.0,57.0,22.0,18.0,521.0,127.0,
741,20181101102200.0,522.5,108.0,57.0,22.0,18.0,519.0,129.0,
742,20181101102210.0,521.0,162.0,57.0,22.0,18.0,516.0,218.0,
743,20181101102220.0,528.5,-17.0,57.0,22.0,18.0,527.0,5.0,
744,20181101102230.0,532.4,-5.0,57.0,22.0,18.0,526.0,65.0,
745,20181101102240.0,514.0,216.0,57.0,22.0,18.0,515.0,137.0,
746,20181101102250.0,527.5,-16.0,57.0,22.0,18.0,526.0,4.0,
747,20181101102300.0,537.2,-118.0,57.0,22.0,18.0,535.0,-118.0,
748,20181101102310.0,526.1,64.0,57.0,22.0,18.0,523.0,71.0,
749,20181101102320.0,523.9,75.0,57.0,22.0,18.0,526.0,0.0,
750,20181101102330.0,535.0,-83.0,57.0,22.0,18.0,528.0,-1.0,
751,20181101102340.0,528.1,-12.0,57.0,22.0,18.0,527.0,-9.0,
752,20181101102350.0,526.0,39.0,57.0,22.0,18.0,524.0,39.0,
753,20181101102400.0,523.3,82.0,57.0,22.0,18.0,521.0,86.0,
754,20181101102410.0,527.5,66.0,56.0,22.0,18.0,520.0,136.0,
755,20181101102420.0,529.2,-15.0,56.0,22.0,18.0,527.0,-8.0,
756,20181101102430.0,533.3,-37.0,56.0,22.0,18.0,531.0,-29.0,
757,20181101102440.0,530.6,1.0,56.0,22.0,18.0,528.0,0.0,
758,20181101102450.0,530.5,1.0,56.0,22.0,18.0,528.0,0.0,
759,20181101102500.0,530.5,1.0,56.0,22.0,18.0,528.0,0.0,
760,20181101102510.0,530.6,1.0,56.0,22.0,18.0,528.0,0.0,
761,20181101102520.0,530.6,1.0,56.0,22.0,18.0,528.0,0.0,
762,20181101102530.0,530.7,1.0,56.0,22.0,18.0,528.0,0.0,
763,20181101102540.0,530.7,1.0,56.0,22.0,18.0,529.0,0.0,
764,20181101102550.0,530.8,1.0,56.0,22.0,18.0,529.0,0.0,
765,20181101102600.0,530.8,1.0,56.0,22.0,18.0,529.0,0.0,
766,20181101102610.0,530.8,1.0,56.0,22.0,18.0,529.0,0.0,
767,20181101102620.0,530.9,1.0,56.0,22.0,18.0,529.0,0.0,
768,20181101102630.0,530.9,1.0,56.0,22.0,18.0,529.0,0.0,
769,20181101102640.0,526.9,79.0,56.0,22.0,18.0,523.0,94.0,
770,20181101102650.0,528.6,21.0,56.0,22.0,18.0,527.0,-1.0,
771,20181101102700.0,526.9,1.0,56.0,22.0,18.0,527.0,-11.0,
772,20181101102710.0,516.4,220.0,56.0,22.0,18.0,512.0,252.0,
773,20181101102720.0,528.4,-15.0,56.0,22.0,18.0,526.0,-4.0,
774,20181101102730.0,535.7,-117.0,56.0,22.0,18.0,535.0,-115.0,
775,20181101102740.0,531.0,1.0,56.0,22.0,18.0,529.0,0.0,
776,20181101102750.0,517.3,228.0,56.0,22.0,18.0,513.0,246.0,
777,20181101102800.0,525.7,-14.0,56.0,22.0,18.0,524.0,12.0,
778,20181101102810.0,529.6,6.0,56.0,22.0,18.0,522.0,109.0,
779,20181101102820.0,527.0,-18.0,56.0,22.0,18.0,525.0,-7.0,
780,20181101102830.0,529.5,0.0,56.0,22.0,18.0,527.0,0.0,
781,20181101102840.0,514.9,222.0,56.0,22.0,18.0,511.0,251.0,
782,20181101102850.0,527.4,-7.0,56.0,22.0,18.0,533.0,-148.0,
783,20181101102900.0,530.2,1.0,56.0,22.0,18.0,528.0,0.0,
784,20181101102910.0,530.0,1.0,56.0,22.0,18.0,528.0,0.0,
785,20181101102920.0,530.1,1.0,56.0,22.0,18.0,528.0,0.0,
786,20181101102930.0,528.8,30.0,56.0,22.0,18.0,525.0,58.0,
787,20181101102940.0,520.7,94.0,55.0,22.0,18.0,518.0,123.0,
788,20181101102950.0,535.3,-101.0,55.0,22.0,18.0,534.0,-97.0,
789,20181101103000.0,530.3,1.0,55.0,22.0,18.0,528.0,0.0,
790,20181101103010.0,525.0,90.0,55.0,22.0,18.0,522.0,99.0,
791,20181101103020.0,529.1,-6.0,55.0,22.0,18.0,527.0,-5.0,
792,20181101103030.0,531.2,-1.0,55.0,22.0,18.0,529.0,0.0,
793,20181101103040.0,519.5,163.0,55.0,22.0,18.0,516.0,173.0,
794,20181101103050.0,527.1,-20.0,55.0,22.0,18.0,525.0,5.0,
795,20181101103100.0,537.2,-148.0,55.0,22.0,18.0,536.0,-145.0,
796,20181101103110.0,531.1,1.0,55.0,22.0,18.0,529.0,0.0,
797,20181101103120.0,530.6,1.0,55.0,22.0,18.0,528.0,0.0,
798,20181101103130.0,530.5,1.0,55.0,22.0,18.0,528.0,0.0,
799,20181101103140.0,530.6,1.0,55.0,22.0,18.0,528.0,0.0,
800,20181101103150.0,518.9,146.0,55.0,22.0,18.0,516.0,164.0,
801,20181101103200.0,518.3,159.0,55.0,22.0,18.0,515.0,202.0,
802,20181101103210.0,530.9,-3.0,55.0,22.0,18.0,532.0,-76.0,
803,20181101103220.0,530.9,1.0,55.0,22.0,18.0,529.0,0.0,
804,20181101103230.0,530.6,1.0,55.0,22.0,18.0,529.0,0.0,
805,20181101103240.0,515.6,223.0,55.0,22.0,18.0,513.0,223.0,
806,20181101103250.0,535.4,-139.0,55.0,22.0,18.0,534.0,-140.0,
807,20181101103300.0,530.2,1.0,55.0,22.0,18.0,528.0,0.0,
808,20181101103310.0,530.2,1.0,55.0,22.0,18.0,528.0,0.0,
809,20181101103320.0,516.1,228.0,55.0,22.0,18.0,512.0,245.0,
810,20181101103330.0,527.4,-14.0,55.0,22.0,18.0,525.0,0.0,
811,20181101103340.0,531.4,0.0,55.0,22.0,18.0,531.0,-37.0,
812,20181101103350.0,530.6,1.0,55.0,22.0,18.0,528.0,0.0,
813,20181101103400.0,530.5,1.0,55.0,22.0,18.0,528.0,0.0,
814,20181101103410.0,530.5,1.0,55.0,22.0,18.0,528.0,0.0,
815,20181101103420.0,529.5,0.0,55.0,22.0,18.0,525.0,33.0,
816,20181101103430.0,520.6,157.0,55.0,22.0,18.0,519.0,146.0,
817,20181101103440.0,521.3,102.0,55.0,22.0,18.0,520.0,92.0,
818,20181101103450.0,536.1,-85.0,55.0,22.0,18.0,534.0,-82.0,
819,20181101103500.0,530.7,0.0,55.0,22.0,18.0,528.0,0.0,
820,20181101103510.0,529.1,33.0,55.0,22.0,18.0,526.0,33.0,
821,20181101103520.0,528.4,-4.0,55.0,22.0,18.0,526.0,-8.0,
822,20181101103530.0,531.2,-2.0,55.0,22.0,18.0,529.0,-22.0,
823,20181101103540.0,530.0,-1.0,55.0,22.0,18.0,528.0,0.0,
824,20181101103550.0,530.3,1.0,55.0,22.0,18.0,528.0,0.0,
825,20181101103600.0,530.5,1.0,55.0,22.0,18.0,528.0,0.0,
826,20181101103610.0,527.0,68.0,55.0,22.0,18.0,524.0,73.0,
827,20181101103620.0,528.0,-3.0,54.0,22.0,18.0,526.0,-4.0,
828,20181101103630.0,530.2,0.0,54.0,22.0,18.0,524.0,64.0,
829,20181101103640.0,532.6,-35.0,54.0,22.0,18.0,530.0,-30.0,
830,20181101103650.0,530.5,1.0,54.0,22.0,18.0,528.0,0.0,
831,20181101103700.0,530.5,1.0,54.0,22.0,18.0,528.0,0.0,
832,20181101103710.0,530.4,6.0,54.0,22.0,18.0,527.0,15.0,
833,20181101103720.0,515.7,222.0,54.0,22.0,18.0,512.0,250.0,
834,20181101103730.0,535.3,-158.0,54.0,22.0,18.0,530.0,-61.0,
835,20181101103740.0,530.0,39.0,54.0,22.0,18.0,524.0,70.0,
836,20181101103750.0,526.1,46.0,54.0,22.0,18.0,524.0,44.0,
837,20181101103800.0,528.9,-10.0,54.0,22.0,18.0,527.0,-11.0,
838,20181101103810.0,529.8,-6.0,54.0,22.0,18.0,528.0,-5.0,
839,20181101103820.0,532.1,-6.0,54.0,22.0,18.0,529.0,0.0,
840,20181101103830.0,528.0,-10.0,54.0,22.0,18.0,524.0,28.0,
841,20181101103840.0,522.0,77.0,54.0,22.0,18.0,519.0,92.0,
842,20181101103850.0,514.3,204.0,54.0,22.0,18.0,511.0,265.0,
843,20181101103900.0,521.2,69.0,53.0,22.0,18.0,519.0,98.0,
844,20181101103910.0,524.3,29.0,53.0,22.0,18.0,522.0,67.0,
845,20181101103920.0,521.7,83.0,53.0,22.0,18.0,519.0,118.0,
846,20181101103930.0,523.5,44.0,53.0,22.0,18.0,521.0,86.0,
847,20181101103940.0,522.8,62.0,53.0,22.0,18.0,520.0,95.0,
848,20181101103950.0,523.4,53.0,53.0,22.0,18.0,521.0,83.0,
849,20181101104000.0,524.0,46.0,53.0,22.0,18.0,521.0,87.0,
850,20181101104010.0,525.3,-19.0,53.0,22.0,18.0,524.0,31.0,
851,20181101104020.0,520.5,87.0,53.0,22.0,18.0,519.0,114.0,
852,20181101104030.0,527.5,-15.0,53.0,22.0,18.0,526.0,24.0,
854,20181101104050.0,523.9,62.0,52.0,22.0,18.0,523.0,55.0,
855,20181101104100.0,528.9,71.0,52.0,22.0,18.0,518.0,203.0,
856,20181101104110.0,528.4,-14.0,52.0,22.0,18.0,525.0,37.0,
857,20181101104120.0,521.4,137.0,52.0,22.0,18.0,518.0,157.0,
858,20181101104130.0,520.8,80.0,52.0,22.0,18.0,518.0,111.0,
859,20181101104140.0,524.7,26.0,52.0,22.0,18.0,523.0,48.0,
860,20181101104150.0,522.6,49.0,52.0,22.0,18.0,521.0,64.0,
861,20181101104200.0,535.1,-161.0,52.0,22.0,18.0,529.0,-21.0,
862,20181101104210.0,534.3,-50.0,52.0,22.0,18.0,532.0,-44.0,
863,20181101104220.0,530.4,2.0,52.0,22.0,18.0,528.0,0.0,
864,20181101104230.0,529.8,0.0,52.0,22.0,18.0,528.0,0.0,
865,20181101104240.0,528.4,40.0,52.0,22.0,18.0,524.0,66.0,
866,20181101104250.0,524.4,75.0,52.0,22.0,18.0,521.0,83.0,
867,20181101104300.0,532.0,-33.0,52.0,22.0,18.0,529.0,-24.0,
868,20181101104310.0,529.7,2.0,52.0,22.0,18.0,527.0,0.0,
869,20181101104320.0,529.3,11.0,52.0,22.0,18.0,527.0,13.0,
870,20181101104330.0,514.0,219.0,52.0,22.0,18.0,510.0,259.0,
871,20181101104340.0,525.2,47.0,52.0,22.0,18.0,520.0,91.0,
872,20181101104350.0,524.1,60.0,52.0,22.0,18.0,521.0,76.0,
873,20181101104400.0,528.5,-14.0,52.0,22.0,18.0,526.0,-1.0,
874,20181101104410.0,534.7,-67.0,52.0,22.0,18.0,532.0,-65.0,
875,20181101104420.0,530.1,2.0,52.0,22.0,18.0,528.0,0.0,
876,20181101104430.0,525.9,66.0,52.0,22.0,18.0,523.0,68.0,
877,20181101104440.0,524.1,53.0,51.0,22.0,18.0,522.0,53.0,
878,20181101104450.0,528.7,-8.0,51.0,22.0,18.0,527.0,-11.0,
879,20181101104500.0,526.4,48.0,51.0,22.0,18.0,524.0,45.0,
880,20181101104510.0,524.2,72.0,51.0,22.0,18.0,521.0,70.0,
881,20181101104520.0,529.0,-10.0,51.0,22.0,18.0,527.0,-12.0,
882,20181101104530.0,530.0,0.0,51.0,22.0,18.0,528.0,-1.0,
883,20181101104540.0,529.5,0.0,51.0,22.0,18.0,527.0,0.0,
884,20181101104550.0,530.1,0.0,51.0,22.0,18.0,528.0,0.0,
885,20181101104600.0,533.9,-93.0,51.0,22.0,18.0,532.0,-89.0,
886,20181101104610.0,530.3,-6.0,51.0,22.0,18.0,528.0,-15.0,
887,20181101104620.0,529.3,0.0,51.0,22.0,18.0,527.0,0.0,
888,20181101104630.0,529.4,3.0,51.0,22.0,18.0,527.0,0.0,
889,20181101104640.0,523.5,97.0,51.0,22.0,18.0,521.0,94.0,
890,20181101104650.0,515.2,208.0,51.0,22.0,18.0,511.0,251.0,
891,20181101104700.0,525.1,-16.0,51.0,22.0,18.0,523.0,13.0,
892,20181101104710.0,513.2,201.0,51.0,22.0,18.0,510.0,265.0,
893,20181101104720.0,517.6,70.0,50.0,22.0,18.0,520.0,69.0,
894,20181101104730.0,514.7,202.0,50.0,22.0,18.0,511.0,265.0,
895,20181101104740.0,526.2,-22.0,50.0,22.0,18.0,524.0,23.0,
896,20181101104750.0,527.6,-15.0,50.0,22.0,18.0,526.0,15.0,
897,20181101104800.0,535.2,-77.0,50.0,22.0,18.0,533.0,-77.0,
898,20181101104810.0,529.8,2.0,50.0,22.0,18.0,527.0,0.0,
899,20181101104820.0,529.6,2.0,50.0,22.0,18.0,527.0,0.0,
900,20181101104830.0,529.6,2.0,50.0,22.0,18.0,527.0,0.0,
901,20181101104840.0,522.4,122.0,50.0,22.0,18.0,520.0,111.0,
902,20181101104850.0,519.7,130.0,50.0,22.0,18.0,516.0,152.0,
903,20181101104900.0,516.6,152.0,50.0,22.0,18.0,513.0,201.0,
904,20181101104910.0,521.8,70.0,50.0,22.0,18.0,519.0,106.0,
905,20181101104920.0,522.1,46.0,50.0,22.0,18.0,519.0,94.0,
906,20181101104930.0,524.6,-13.0,50.0,22.0,18.0,523.0,34.0,
907,20181101104940.0,522.6,61.0,49.0,22.0,18.0,520.0,97.0,
908,20181101104950.0,523.4,41.0,49.0,22.0,18.0,521.0,81.0,
909,20181101105000.0,522.2,82.0,49.0,22.0,18.0,519.0,116.0,
910,20181101105010.0,525.3,18.0,49.0,22.0,18.0,523.0,49.0,
911,20181101105020.0,519.6,120.0,49.0,22.0,18.0,517.0,148.0,
912,20181101105030.0,521.3,65.0,49.0,22.0,18.0,519.0,107.0,
913,20181101105040.0,524.2,29.0,48.0,22.0,18.0,522.0,65.0,
914,20181101105050.0,524.2,35.0,48.0,22.0,18.0,522.0,73.0,
915,20181101105100.0,520.1,88.0,48.0,22.0,18.0,517.0,129.0,
916,20181101105110.0,523.8,28.0,48.0,22.0,18.0,521.0,76.0,
917,20181101105120.0,524.1,59.0,48.0,22.0,18.0,520.0,104.0,
918,20181101105130.0,524.4,24.0,48.0,22.0,18.0,522.0,63.0,
919,20181101105140.0,522.6,72.0,48.0,22.0,18.0,521.0,87.0,
920,20181101105150.0,522.5,66.0,48.0,22.0,18.0,520.0,101.0,
921,20181101105200.0,523.9,37.0,48.0,22.0,18.0,521.0,74.0,
922,20181101105210.0,521.5,83.0,48.0,22.0,18.0,519.0,116.0,
923,20181101105220.0,523.8,33.0,48.0,22.0,18.0,521.0,73.0,
924,20181101105230.0,524.3,32.0,48.0,22.0,18.0,522.0,71.0,
925,20181101105240.0,522.2,57.0,48.0,22.0,18.0,520.0,91.0,
926,20181101105250.0,527.7,8.0,48.0,22.0,18.0,523.0,75.0,
927,20181101105300.0,521.8,80.0,48.0,22.0,18.0,521.0,66.0,
928,20181101105310.0,528.6,-16.0,48.0,22.0,18.0,527.0,10.0,
929,20181101105320.0,523.5,42.0,48.0,22.0,18.0,525.0,12.0,
930,20181101105330.0,523.9,68.0,48.0,22.0,18.0,521.0,89.0,
931,20181101105340.0,528.5,-16.0,48.0,22.0,18.0,526.0,7.0,
932,20181101105350.0,521.7,75.0,47.0,22.0,18.0,519.0,100.0,
933,20181101105400.0,514.9,206.0,47.0,22.0,18.0,511.0,264.0,
934,20181101105410.0,526.6,-23.0,47.0,22.0,18.0,525.0,19.0,
935,20181101105420.0,528.4,-18.0,47.0,22.0,18.0,526.0,8.0,
936,20181101105430.0,518.7,126.0,47.0,22.0,18.0,515.0,190.0,
937,20181101105440.0,521.7,52.0,46.0,22.0,18.0,519.0,95.0,
938,20181101105450.0,522.1,69.0,46.0,22.0,18.0,520.0,97.0,
939,20181101105500.0,523.0,51.0,46.0,22.0,18.0,521.0,84.0,
940,20181101105510.0,522.8,49.0,46.0,22.0,18.0,520.0,89.0,
941,20181101105520.0,520.7,170.0,46.0,22.0,18.0,513.0,241.0,
943,20181101105540.0,525.8,-3.0,46.0,22.0,18.0,524.0,-8.0,
944,20181101105550.0,523.4,43.0,46.0,22.0,18.0,521.0,64.0,
945,20181101105600.0,525.2,29.0,46.0,22.0,18.0,522.0,57.0,
946,20181101105610.0,522.9,45.0,46.0,22.0,18.0,521.0,65.0,
947,20181101105620.0,524.2,49.0,46.0,22.0,18.0,525.0,5.0,
948,20181101105630.0,531.1,-17.0,46.0,22.0,18.0,528.0,-6.0,
949,20181101105640.0,521.8,93.0,46.0,22.0,18.0,516.0,172.0,
950,20181101105650.0,525.5,17.0,46.0,22.0,18.0,523.0,39.0,
951,20181101105700.0,528.8,-14.0,46.0,22.0,18.0,526.0,0.0,
952,20181101105710.0,529.4,-12.0,46.0,22.0,18.0,527.0,-1.0,
953,20181101105720.0,523.8,68.0,46.0,22.0,18.0,525.0,-2.0,
954,20181101105730.0,523.8,56.0,46.0,22.0,18.0,521.0,67.0,
955,20181101105740.0,528.4,-12.0,46.0,22.0,18.0,522.0,68.0,
956,20181101105750.0,523.5,61.0,46.0,22.0,18.0,521.0,74.0,
957,20181101105800.0,523.5,76.0,46.0,22.0,18.0,525.0,8.0,
958,20181101105810.0,536.7,-139.0,46.0,22.0,18.0,535.0,-133.0,
959,20181101105820.0,514.5,221.0,46.0,22.0,18.0,510.0,258.0,
960,20181101105830.0,526.4,-12.0,46.0,22.0,18.0,525.0,0.0,
961,20181101105840.0,527.1,-16.0,45.0,22.0,18.0,525.0,3.0,
962,20181101105850.0,528.3,-11.0,45.0,22.0,18.0,526.0,-3.0,
963,20181101105900.0,528.7,-15.0,45.0,22.0,18.0,527.0,-8.0,
964,20181101105910.0,533.7,-61.0,45.0,22.0,18.0,532.0,-62.0,
965,20181101105920.0,527.8,40.0,45.0,22.0,18.0,525.0,36.0,
966,20181101105930.0,528.9,1.0,45.0,22.0,18.0,527.0,0.0,
967,20181101105940.0,527.4,45.0,45.0,22.0,18.0,522.0,73.0,
968,20181101105950.0,532.3,-47.0,45.0,22.0,18.0,530.0,-49.0,
969,20181101110000.0,529.4,2.0,45.0,22.0,18.0,527.0,0.0,
970,20181101110010.0,525.8,66.0,45.0,22.0,18.0,523.0,70.0,
971,20181101110020.0,520.3,106.0,45.0,22.0,18.0,517.0,122.0,
972,20181101110030.0,522.2,65.0,45.0,22.0,18.0,519.0,83.0,
973,20181101110040.0,523.0,54.0,45.0,22.0,18.0,520.0,74.0,
974,20181101110050.0,521.3,85.0,45.0,22.0,18.0,519.0,107.0,
975,20181101110100.0,527.1,-19.0,44.0,22.0,18.0,525.0,7.0,
976,20181101110110.0,525.5,36.0,44.0,22.0,18.0,523.0,45.0,
977,20181101110120.0,528.9,-16.0,44.0,22.0,18.0,527.0,-6.0,
978,20181101110130.0,523.4,75.0,44.0,22.0,18.0,521.0,78.0,
979,20181101110140.0,526.0,-19.0,44.0,22.0,18.0,524.0,10.0,
980,20181101110150.0,534.9,-80.0,44.0,22.0,18.0,533.0,-79.0,
981,20181101110200.0,529.4,10.0,44.0,22.0,18.0,527.0,0.0,
982,20181101110210.0,529.0,0.0,44.0,22.0,18.0,527.0,0.0,
983,20181101110220.0,528.9,0.0,44.0,22.0,18.0,526.0,0.0,
984,20181101110230.0,526.8,45.0,44.0,22.0,18.0,524.0,50.0,
985,20181101110240.0,526.1,65.0,44.0,22.0,18.0,522.0,63.0,
986,20181101110250.0,533.3,-93.0,44.0,22.0,18.0,531.0,-91.0,
987,20181101110300.0,529.2,1.0,44.0,22.0,18.0,527.0,0.0,
988,20181101110310.0,521.4,130.0,44.0,22.0,18.0,518.0,140.0,
989,20181101110320.0,513.2,186.0,44.0,22.0,18.0,509.0,250.0,
990,20181101110330.0,521.8,1.0,44.0,22.0,18.0,522.0,22.0,
991,20181101110340.0,526.9,-15.0,44.0,23.0,18.0,525.0,17.0,
992,20181101110350.0,522.5,77.0,44.0,22.0,18.0,519.0,109.0,
993,20181101110400.0,525.6,18.0,44.0,22.0,18.0,521.0,70.0,
994,20181101110410.0,537.4,-147.0,44.0,22.0,18.0,536.0,-146.0,
995,20181101110420.0,529.5,2.0,44.0,22.0,18.0,527.0,0.0,
996,20181101110430.0,529.3,2.0,44.0,22.0,18.0,527.0,0.0,
997,20181101110440.0,527.6,2.0,44.0,22.0,18.0,526.0,0.0,
998,20181101110450.0,527.9,0.0,44.0,22.0,18.0,526.0,0.0,
999,20181101110500.0,532.9,-87.0,44.0,22.0,18.0,528.0,-12.0,
1000,20181101110510.0,529.0,1.0,44.0,22.0,18.0,527.0,0.0,
1001,20181101110520.0,528.6,23.0,44.0,22.0,18.0,526.0,16.0,
1002,20181101110530.0,526.1,37.0,44.0,22.0,18.0,526.0,6.0,
1003,20181101110540.0,529.3,-4.0,44.0,22.0,18.0,527.0,-6.0,
1004,20181101110550.0,529.4,1.0,44.0,22.0,18.0,527.0,0.0,
1005,20181101110600.0,529.5,2.0,44.0,22.0,18.0,527.0,0.0,
1006,20181101110610.0,522.8,114.0,44.0,22.0,18.0,519.0,130.0,
1007,20181101110620.0,528.9,0.0,44.0,22.0,18.0,527.0,0.0,
1008,20181101110630.0,529.8,1.0,44.0,22.0,18.0,529.0,-22.0,
1009,20181101110640.0,529.8,1.0,44.0,22.0,18.0,528.0,-6.0,
1010,20181101110650.0,529.8,1.0,44.0,22.0,18.0,528.0,0.0,
1011,20181101110700.0,528.5,24.0,44.0,22.0,18.0,525.0,37.0,
1012,20181101110710.0,525.8,62.0,44.0,22.0,18.0,526.0,2.0,
1013,20181101110720.0,529.1,0.0,44.0,22.0,18.0,527.0,0.0,
1014,20181101110730.0,528.9,0.0,44.0,22.0,18.0,527.0,0.0,
1015,20181101110740.0,529.5,0.0,44.0,22.0,18.0,527.0,0.0,
1016,20181101110750.0,530.2,1.0,44.0,22.0,18.0,528.0,0.0,
1017,20181101110800.0,523.8,106.0,44.0,22.0,18.0,520.0,115.0,
1018,20181101110810.0,526.1,56.0,44.0,22.0,18.0,523.0,61.0,
1019,20181101110820.0,528.9,-11.0,44.0,22.0,18.0,527.0,-11.0,
1020,20181101110830.0,530.0,1.0,44.0,22.0,18.0,526.0,20.0,
1021,20181101110840.0,526.6,47.0,44.0,22.0,18.0,524.0,47.0,
1022,20181101110850.0,521.0,117.0,44.0,22.0,18.0,521.0,58.0,
1023,20181101110900.0,525.2,-18.0,43.0,22.0,18.0,523.0,6.0,
1024,20181101110910.0,524.4,35.0,43.0,23.0,18.0,521.0,76.0,
1025,20181101110920.0,526.0,-18.0,43.0,23.0,18.0,524.0,11.0,
1026,20181101110930.0,523.9,73.0,43.0,23.0,18.0,520.0,93.0,
1027,20181101110940.0,537.1,-148.0,43.0,23.0,18.0,536.0,-147.0,
1028,20181101110950.0,526.6,75.0,43.0,23.0,18.0,523.0,78.0,
1029,20181101111000.0,512.6,214.0,42.0,23.0,18.0,509.0,265.0,
1030,20181101111010.0,525.9,-20.0,42.0,23.0,19.0,524.0,14.0,
1031,20181101111020.0,521.1,71.0,42.0,23.0,19.0,519.0,98.0,
1032,20181101111030.0,519.6,117.0,42.0,23.0,19.0,515.0,187.0,
1033,20181101111040.0,521.3,96.0,42.0,23.0,19.0,518.0,123.0,
1034,20181101111050.0,527.6,-19.0,42.0,23.0,19.0,526.0,10.0,
1035,20181101111100.0,535.8,-98.0,42.0,23.0,18.0,533.0,-83.0,
1036,20181101111110.0,525.4,94.0,42.0,23.0,19.0,519.0,139.0,
1037,20181101111120.0,524.4,-16.0,42.0,23.0,19.0,523.0,2.0,
1038,20181101111130.0,535.6,-130.0,42.0,23.0,19.0,529.0,-38.0,
1039,20181101111140.0,513.4,228.0,42.0,23.0,19.0,509.0,258.0,
1041,20181101111200.0,515.5,141.0,42.0,23.0,19.0,513.0,147.0,
1042,20181101111210.0,521.6,66.0,42.0,23.0,19.0,519.0,76.0,
1043,20181101111220.0,519.6,92.0,42.0,23.0,19.0,517.0,101.0,
1044,20181101111230.0,520.1,74.0,42.0,23.0,19.0,517.0,107.0,
1045,20181101111240.0,523.8,33.0,42.0,23.0,19.0,521.0,60.0,
1046,20181101111250.0,523.7,33.0,41.0,23.0,19.0,521.0,58.0,
1047,20181101111300.0,520.2,93.0,41.0,23.0,19.0,517.0,119.0,
1048,20181101111310.0,525.6,-20.0,41.0,23.0,19.0,524.0,14.0,
1049,20181101111320.0,528.0,-17.0,41.0,23.0,19.0,526.0,2.0,
1050,20181101111330.0,535.3,-107.0,41.0,23.0,19.0,533.0,-111.0,
1051,20181101111340.0,529.7,0.0,41.0,23.0,19.0,527.0,-5.0,
1052,20181101111350.0,528.2,18.0,41.0,23.0,19.0,525.0,18.0,
1053,20181101111400.0,512.5,220.0,41.0,23.0,19.0,509.0,260.0,
1054,20181101111410.0,522.5,-23.0,40.0,23.0,19.0,521.0,24.0,
1055,20181101111420.0,519.0,83.0,40.0,23.0,19.0,516.0,114.0,
1056,20181101111430.0,525.2,-19.0,40.0,23.0,19.0,523.0,19.0,
1057,20181101111440.0,521.3,77.0,40.0,23.0,19.0,519.0,101.0,
1058,20181101111450.0,520.3,81.0,40.0,23.0,19.0,518.0,106.0,
1059,20181101111500.0,525.7,-15.0,40.0,23.0,19.0,524.0,15.0,
1060,20181101111510.0,535.5,-135.0,40.0,23.0,19.0,534.0,-139.0,
1061,20181101111520.0,520.0,120.0,40.0,23.0,19.0,517.0,130.0,
1062,20181101111530.0,521.8,123.0,40.0,23.0,19.0,517.0,153.0,
1063,20181101111540.0,527.9,-4.0,40.0,23.0,19.0,523.0,39.0,
1064,20181101111550.0,524.9,81.0,40.0,23.0,19.0,522.0,88.0,
1065,20181101111600.0,531.2,-33.0,40.0,23.0,19.0,528.0,-14.0,
1066,20181101111610.0,518.5,168.0,40.0,23.0,19.0,515.0,180.0,
1067,20181101111620.0,527.6,-5.0,40.0,23.0,19.0,525.0,-5.0,
1068,20181101111630.0,526.1,17.0,40.0,23.0,19.0,524.0,14.0,
1069,20181101111640.0,527.7,-10.0,40.0,23.0,19.0,526.0,-9.0,
1070,20181101111650.0,528.2,-1.0,40.0,23.0,19.0,526.0,-2.0,
1071,20181101111700.0,521.5,118.0,40.0,23.0,19.0,525.0,3.0,
1072,20181101111710.0,528.6,17.0,40.0,23.0,19.0,524.0,44.0,
1073,20181101111720.0,526.5,10.0,40.0,23.0,19.0,525.0,2.0,
1074,20181101111730.0,527.3,-1.0,40.0,23.0,19.0,525.0,-2.0,
1075,20181101111740.0,531.6,-43.0,40.0,23.0,19.0,529.0,-38.0,
1076,20181101111750.0,527.9,0.0,40.0,23.0,19.0,526.0,0.0,
1077,20181101111800.0,530.0,-14.0,40.0,23.0,19.0,528.0,-16.0,
1078,20181101111810.0,528.0,19.0,40.0,23.0,19.0,525.0,22.0,
1079,20181101111820.0,528.9,1.0,40.0,23.0,19.0,527.0,0.0,
1080,20181101111830.0,529.0,1.0,40.0,23.0,19.0,526.0,0.0,
1081,20181101123850.0,532.1,5.0,40.0,23.0,18.0,530.0,0.0,
1082,20181101123900.0,531.6,0.0,40.0,23.0,18.0,529.0,0.0,
1083,20181101123910.0,531.3,7.0,40.0,23.0,18.0,529.0,0.0,
1084,20181101123920.0,531.2,11.0,40.0,23.0,18.0,529.0,4.0,
1085,20181101123930.0,530.8,6.0,40.0,23.0,18.0,529.0,0.0,
1086,20181101123940.0,530.0,19.0,40.0,23.0,18.0,527.0,23.0,
1087,20181101123950.0,530.7,5.0,40.0,23.0,18.0,528.0,9.0,
1088,20181101124000.0,528.3,36.0,40.0,23.0,18.0,526.0,37.0,
1089,20181101124010.0,526.8,40.0,40.0,23.0,18.0,525.0,36.0,
1090,20181101124020.0,528.1,13.0,40.0,23.0,18.0,526.0,13.0,
1091,20181101124030.0,529.8,-6.0,40.0,23.0,18.0,526.0,26.0,
1092,20181101124040.0,529.9,-6.0,40.0,23.0,18.0,528.0,-5.0,
1093,20181101124050.0,528.1,22.0,40.0,23.0,18.0,526.0,21.0,
1094,20181101124100.0,529.6,-4.0,40.0,23.0,18.0,527.0,-3.0,
1095,20181101124110.0,528.3,20.0,40.0,23.0,18.0,526.0,18.0,
1096,20181101124120.0,530.7,1.0,40.0,23.0,18.0,525.0,59.0,
1097,20181101124130.0,525.5,45.0,39.0,23.0,18.0,523.0,37.0,
1098,20181101124140.0,526.4,34.0,39.0,23.0,18.0,524.0,31.0,
1099,20181101124150.0,525.6,37.0,39.0,23.0,18.0,523.0,35.0,
1100,20181101124200.0,524.9,42.0,39.0,23.0,18.0,522.0,47.0,
1101,20181101124210.0,525.3,33.0,39.0,23.0,18.0,524.0,23.0,
1102,20181101124220.0,526.3,29.0,39.0,23.0,18.0,524.0,31.0,
1103,20181101124230.0,526.0,30.0,39.0,23.0,18.0,524.0,32.0,
1104,20181101124240.0,526.2,23.0,39.0,23.0,18.0,524.0,30.0,
1105,20181101124250.0,527.6,15.0,39.0,23.0,18.0,525.0,21.0,
1106,20181101124300.0,528.9,-11.0,39.0,23.0,18.0,527.0,-11.0,
1107,20181101124310.0,529.5,-1.0,39.0,23.0,18.0,527.0,0.0,
1108,20181101124320.0,529.7,0.0,39.0,23.0,18.0,527.0,0.0,
1109,20181101124330.0,531.5,-25.0,39.0,23.0,18.0,529.0,-17.0,
1110,20181101124340.0,529.7,7.0,39.0,23.0,18.0,526.0,20.0,
1111,20181101124350.0,529.9,1.0,39.0,23.0,18.0,528.0,0.0,
1112,20181101124400.0,530.0,0.0,39.0,23.0,18.0,528.0,0.0,
1113,20181101124410.0,530.1,0.0,39.0,23.0,18.0,527.0,0.0,
1114,20181101131650.0,532.1,0.0,39.0,23.0,18.0,530.0,0.0,
1115,20181101131700.0,530.9,9.0,39.0,23.0,18.0,528.0,7.0,
1116,20181101131710.0,531.4,-2.0,39.0,23.0,18.0,529.0,0.0,
1117,20181101131720.0,528.0,-10.0,39.0,23.0,18.0,526.0,-11.0,
1118,20181101131730.0,530.8,9.0,39.0,23.0,18.0,528.0,0.0,
1119,20181101131740.0,530.7,1.0,39.0,23.0,18.0,528.0,0.0,
1120,20181101131750.0,527.3,39.0,39.0,23.0,18.0,526.0,22.0,
1121,20181101131800.0,526.4,36.0,39.0,23.0,18.0,524.0,34.0,
1122,20181101131810.0,529.9,-9.0,39.0,23.0,18.0,528.0,-9.0,
1123,20181101131820.0,526.5,41.0,39.0,23.0,18.0,524.0,39.0,
1124,20181101131830.0,527.4,20.0,39.0,23.0,18.0,525.0,22.0,
1125,20181101131840.0,523.3,74.0,39.0,23.0,18.0,521.0,74.0,
1126,20181101131850.0,524.8,32.0,39.0,23.0,18.0,522.0,50.0,
1127,20181101131900.0,525.2,34.0,39.0,23.0,18.0,523.0,48.0,
1128,20181101131910.0,524.4,36.0,39.0,23.0,18.0,522.0,54.0,
1129,20181101131920.0,524.5,31.0,39.0,23.0,18.0,522.0,53.0,
1130,20181101131930.0,523.1,50.0,39.0,23.0,18.0,521.0,66.0,
1131,20181101131940.0,527.4,-18.0,38.0,23.0,18.0,525.0,1.0,
1132,20181101131950.0,522.7,75.0,38.0,23.0,18.0,520.0,87.0,
1133,20181101132000.0,525.3,0.0,38.0,23.0,18.0,525.0,-3.0,
1134,20181101132010.0,524.9,29.0,38.0,23.0,18.0,523.0,46.0,
1135,20181101132020.0,523.7,46.0,38.0,23.0,18.0,522.0,47.0,
1136,20181101132030.0,526.4,31.0,38.0,23.0,18.0,524.0,34.0,
1137,20181101132040.0,525.1,33.0,38.0,23.0,18.0,523.0,39.0,
1138,20181101132050.0,528.1,-12.0,38.0,23.0,18.0,526.0,-11.0,
1139,20181101132100.0,527.7,-22.0,38.0,23.0,18.0,532.0,-128.0,
1140,20181101132110.0,527.1,16.0,38.0,23.0,18.0,525.0,15.0,
1141,20181101132120.0,525.9,54.0,38.0,23.0,18.0,523.0,59.0,
1142,20181101132130.0,528.5,-5.0,38.0,23.0,18.0,526.0,-2.0,
1143,20181101132140.0,523.4,67.0,38.0,23.0,18.0,520.0,65.0,
1144,20181101132150.0,522.7,43.0,38.0,23.0,18.0,521.0,47.0,
1145,20181101132200.0,527.7,-15.0,38.0,23.0,18.0,526.0,-11.0,
1146,20181101132210.0,532.2,-46.0,38.0,23.0,18.0,530.0,-40.0,
1147,20181101132220.0,529.4,1.0,38.0,23.0,18.0,527.0,0.0,
1148,20181101132230.0,529.1,4.0,38.0,23.0,18.0,525.0,28.0,
1149,20181101132240.0,518.2,135.0,38.0,23.0,18.0,515.0,151.0,
1150,20181101132250.0,526.3,-15.0,38.0,23.0,18.0,525.0,-7.0,
1151,20181101132300.0,523.4,48.0,38.0,23.0,18.0,521.0,52.0,
1152,20181101132310.0,522.8,54.0,38.0,23.0,18.0,520.0,60.0,
1153,20181101132320.0,523.4,39.0,38.0,23.0,18.0,521.0,54.0,
1154,20181101132330.0,524.6,22.0,38.0,23.0,18.0,522.0,36.0,
1155,20181101132340.0,527.4,-14.0,38.0,23.0,18.0,525.0,-4.0,
1156,20181101132350.0,523.9,56.0,38.0,23.0,18.0,521.0,59.0,
1157,20181101132400.0,523.1,42.0,38.0,23.0,18.0,519.0,93.0,
1158,20181101132410.0,525.6,-22.0,37.0,23.0,18.0,524.0,-1.0,
1159,20181101132420.0,521.5,77.0,37.0,23.0,18.0,519.0,75.0,
1160,20181101132430.0,521.7,55.0,37.0,23.0,18.0,519.0,73.0,
1161,20181101132440.0,526.8,-17.0,37.0,23.0,18.0,525.0,0.0,
1162,20181101132450.0,527.5,-16.0,37.0,23.0,18.0,526.0,-8.0,
1163,20181101132500.0,528.7,-7.0,37.0,23.0,18.0,526.0,-6.0,
1164,20181101132510.0,521.7,81.0,37.0,23.0,18.0,519.0,93.0,
1165,20181101132520.0,524.0,55.0,37.0,23.0,18.0,520.0,64.0,
1166,20181101132530.0,532.8,-69.0,37.0,23.0,18.0,530.0,-62.0,
1167,20181101132540.0,522.1,98.0,37.0,23.0,18.0,519.0,107.0,
1168,20181101132550.0,527.1,-10.0,37.0,23.0,18.0,525.0,-9.0,
1169,20181101132600.0,528.8,1.0,37.0,23.0,18.0,526.0,13.0,
1170,20181101132610.0,525.7,39.0,37.0,23.0,18.0,523.0,40.0,
1171,20181101132620.0,528.6,2.0,37.0,23.0,18.0,526.0,0.0,
1172,20181101132630.0,527.6,8.0,37.0,23.0,18.0,526.0,1.0,
1173,20181101132640.0,528.5,2.0,37.0,23.0,18.0,526.0,0.0,
1174,20181101132650.0,528.3,12.0,37.0,23.0,18.0,526.0,0.0,
1175,20181101132700.0,528.6,0.0,37.0,23.0,18.0,525.0,0.0,
